NU_ANO_CENSO;NO_REGIAO;CO_REGIAO;NO_UF;SG_UF;CO_UF;NO_MUNICIPIO;CO_MUNICIPIO;NO_REGIAO_GEOG_INTERM;CO_REGIAO_GEOG_INTERM;NO_REGIAO_GEOG_IMED;CO_REGIAO_GEOG_IMED;NO_MESORREGIAO;CO_MESORREGIAO;NO_MICRORREGIAO;CO_MICRORREGIAO;NO_DISTRITO;CO_DISTRITO;NO_ENTIDADE;CO_ENTIDADE;TP_DEPENDENCIA;TP_CATEGORIA_ESCOLA_PRIVADA;TP_LOCALIZACAO;TP_LOCALIZACAO_DIFERENCIADA;DS_ENDERECO;NU_ENDERECO;DS_COMPLEMENTO;NO_BAIRRO;CO_CEP;NU_DDD;NU_TELEFONE;TP_SITUACAO_FUNCIONAMENTO;CO_ORGAO_REGIONAL;DT_ANO_LETIVO_INICIO;DT_ANO_LETIVO_TERMINO;IN_VINCULO_SECRETARIA_EDUCACAO;IN_VINCULO_SEGURANCA_PUBLICA;IN_VINCULO_SECRETARIA_SAUDE;IN_VINCULO_OUTRO_ORGAO;IN_PODER_PUBLICO_PARCERIA;TP_PODER_PUBLICO_PARCERIA;IN_FORMA_CONT_TERMO_COLABORA;IN_FORMA_CONT_TERMO_FOMENTO;IN_FORMA_CONT_ACORDO_COOP;IN_FORMA_CONT_PRESTACAO_SERV;IN_FORMA_CONT_COOP_TEC_FIN;IN_FORMA_CONT_CONSORCIO_PUB;IN_FORMA_CONT_MU_TERMO_COLAB;IN_FORMA_CONT_MU_TERMO_FOMENTO;IN_FORMA_CONT_MU_ACORDO_COOP;IN_FORMA_CONT_MU_PREST_SERV;IN_FORMA_CONT_MU_COOP_TEC_FIN;IN_FORMA_CONT_MU_CONSORCIO_PUB;IN_FORMA_CONT_ES_TERMO_COLAB;IN_FORMA_CONT_ES_TERMO_FOMENTO;IN_FORMA_CONT_ES_ACORDO_COOP;IN_FORMA_CONT_ES_PREST_SERV;IN_FORMA_CONT_ES_COOP_TEC_FIN;IN_FORMA_CONT_ES_CONSORCIO_PUB;IN_MANT_ESCOLA_PRIVADA_EMP;IN_MANT_ESCOLA_PRIVADA_ONG;IN_MANT_ESCOLA_PRIVADA_OSCIP;IN_MANT_ESCOLA_PRIV_ONG_OSCIP;IN_MANT_ESCOLA_PRIVADA_SIND;IN_MANT_ESCOLA_PRIVADA_SIST_S;IN_MANT_ESCOLA_PRIVADA_S_FINS;NU_CNPJ_ESCOLA_PRIVADA;NU_CNPJ_MANTENEDORA;TP_REGULAMENTACAO;TP_RESPONSAVEL_REGULAMENTACAO;CO_ESCOLA_SEDE_VINCULADA;CO_IES_OFERTANTE;IN_LOCAL_FUNC_PREDIO_ESCOLAR;TP_OCUPACAO_PREDIO_ESCOLAR;IN_LOCAL_FUNC_SOCIOEDUCATIVO;IN_LOCAL_FUNC_UNID_PRISIONAL;IN_LOCAL_FUNC_PRISIONAL_SOCIO;IN_LOCAL_FUNC_GALPAO;TP_OCUPACAO_GALPAO;IN_LOCAL_FUNC_SALAS_OUTRA_ESC;IN_LOCAL_FUNC_OUTROS;IN_PREDIO_COMPARTILHADO;IN_AGUA_POTAVEL;IN_AGUA_REDE_PUBLICA;IN_AGUA_POCO_ARTESIANO;IN_AGUA_CACIMBA;IN_AGUA_FONTE_RIO;IN_AGUA_INEXISTENTE;IN_AGUA_CARRO_PIPA;IN_ENERGIA_REDE_PUBLICA;IN_ENERGIA_GERADOR_FOSSIL;IN_ENERGIA_RENOVAVEL;IN_ENERGIA_INEXISTENTE;IN_ESGOTO_REDE_PUBLICA;IN_ESGOTO_FOSSA_SEPTICA;IN_ESGOTO_FOSSA_COMUM;IN_ESGOTO_FOSSA;IN_ESGOTO_INEXISTENTE;IN_LIXO_SERVICO_COLETA;IN_LIXO_QUEIMA;IN_LIXO_ENTERRA;IN_LIXO_DESTINO_FINAL_PUBLICO;IN_LIXO_DESCARTA_OUTRA_AREA;IN_TRATAMENTO_LIXO_SEPARACAO;IN_TRATAMENTO_LIXO_REUTILIZA;IN_TRATAMENTO_LIXO_RECICLAGEM;IN_TRATAMENTO_LIXO_INEXISTENTE;IN_ALMOXARIFADO;IN_AREA_VERDE;IN_AREA_PLANTIO;IN_AUDITORIO;IN_BANHEIRO;IN_BANHEIRO_EI;IN_BANHEIRO_PNE;IN_BANHEIRO_FUNCIONARIOS;IN_BANHEIRO_CHUVEIRO;IN_BIBLIOTECA;IN_BIBLIOTECA_SALA_LEITURA;IN_COZINHA;IN_DESPENSA;IN_DORMITORIO_ALUNO;IN_DORMITORIO_PROFESSOR;IN_LABORATORIO_CIENCIAS;IN_LABORATORIO_INFORMATICA;IN_LABORATORIO_EDUC_PROF;IN_PATIO_COBERTO;IN_PATIO_DESCOBERTO;IN_PARQUE_INFANTIL;IN_PISCINA;IN_QUADRA_ESPORTES;IN_QUADRA_ESPORTES_COBERTA;IN_QUADRA_ESPORTES_DESCOBERTA;IN_REFEITORIO;IN_SALA_ATELIE_ARTES;IN_SALA_MUSICA_CORAL;IN_SALA_ESTUDIO_DANCA;IN_SALA_MULTIUSO;IN_SALA_ESTUDIO_GRAVACAO;IN_SALA_OFICINAS_EDUC_PROF;IN_SALA_DIRETORIA;IN_SALA_LEITURA;IN_SALA_PROFESSOR;IN_SALA_REPOUSO_ALUNO;IN_SECRETARIA;IN_SALA_ATENDIMENTO_ESPECIAL;IN_TERREIRAO;IN_VIVEIRO;IN_DEPENDENCIAS_OUTRAS;IN_ACESSIBILIDADE_CORRIMAO;IN_ACESSIBILIDADE_ELEVADOR;IN_ACESSIBILIDADE_PISOS_TATEIS;IN_ACESSIBILIDADE_VAO_LIVRE;IN_ACESSIBILIDADE_RAMPAS;IN_ACESSIBILIDADE_SINAL_SONORO;IN_ACESSIBILIDADE_SINAL_TATIL;IN_ACESSIBILIDADE_SINAL_VISUAL;IN_ACESSIBILIDADE_INEXISTENTE;IN_ACESSIBILIDADE_SINALIZACAO;QT_SALAS_UTILIZADAS_DENTRO;QT_SALAS_UTILIZADAS_FORA;QT_SALAS_UTILIZADAS;QT_SALAS_UTILIZA_CLIMATIZADAS;QT_SALAS_UTILIZADAS_ACESSIVEIS;IN_EQUIP_PARABOLICA;IN_COMPUTADOR;IN_EQUIP_COPIADORA;IN_EQUIP_IMPRESSORA;IN_EQUIP_IMPRESSORA_MULT;IN_EQUIP_SCANNER;IN_EQUIP_NENHUM;IN_EQUIP_DVD;QT_EQUIP_DVD;IN_EQUIP_SOM;QT_EQUIP_SOM;IN_EQUIP_TV;QT_EQUIP_TV;IN_EQUIP_LOUSA_DIGITAL;QT_EQUIP_LOUSA_DIGITAL;IN_EQUIP_MULTIMIDIA;QT_EQUIP_MULTIMIDIA;IN_DESKTOP_ALUNO;QT_DESKTOP_ALUNO;IN_COMP_PORTATIL_ALUNO;QT_COMP_PORTATIL_ALUNO;IN_TABLET_ALUNO;QT_TABLET_ALUNO;IN_INTERNET;IN_INTERNET_ALUNOS;IN_INTERNET_ADMINISTRATIVO;IN_INTERNET_APRENDIZAGEM;IN_INTERNET_COMUNIDADE;IN_ACESSO_INTERNET_COMPUTADOR;IN_ACES_INTERNET_DISP_PESSOAIS;TP_REDE_LOCAL;IN_BANDA_LARGA;IN_PROF_ADMINISTRATIVOS;QT_PROF_ADMINISTRATIVOS;IN_PROF_SERVICOS_GERAIS;QT_PROF_SERVICOS_GERAIS;IN_PROF_BIBLIOTECARIO;QT_PROF_BIBLIOTECARIO;IN_PROF_SAUDE;QT_PROF_SAUDE;IN_PROF_COORDENADOR;QT_PROF_COORDENADOR;IN_PROF_FONAUDIOLOGO;QT_PROF_FONAUDIOLOGO;IN_PROF_NUTRICIONISTA;QT_PROF_NUTRICIONISTA;IN_PROF_PSICOLOGO;QT_PROF_PSICOLOGO;IN_PROF_ALIMENTACAO;QT_PROF_ALIMENTACAO;IN_PROF_PEDAGOGIA;QT_PROF_PEDAGOGIA;IN_PROF_SECRETARIO;QT_PROF_SECRETARIO;IN_PROF_SEGURANCA;QT_PROF_SEGURANCA;IN_PROF_MONITORES;QT_PROF_MONITORES;IN_PROF_GESTAO;QT_PROF_GESTAO;IN_PROF_ASSIST_SOCIAL;QT_PROF_ASSIST_SOCIAL;IN_PROF_TRAD_LIBRAS;QT_PROF_TRAD_LIBRAS;IN_PROF_AGRICOLA;QT_PROF_AGRICOLA;IN_PROF_REVISOR_BRAILLE;QT_PROF_REVISOR_BRAILLE;IN_ALIMENTACAO;IN_MATERIAL_PED_MULTIMIDIA;IN_MATERIAL_PED_INFANTIL;IN_MATERIAL_PED_CIENTIFICO;IN_MATERIAL_PED_DIFUSAO;IN_MATERIAL_PED_MUSICAL;IN_MATERIAL_PED_JOGOS;IN_MATERIAL_PED_ARTISTICAS;IN_MATERIAL_PED_PROFISSIONAL;IN_MATERIAL_PED_DESPORTIVA;IN_MATERIAL_PED_INDIGENA;IN_MATERIAL_PED_ETNICO;IN_MATERIAL_PED_CAMPO;IN_MATERIAL_PED_BIL_SURDOS;IN_MATERIAL_PED_AGRICOLA;IN_MATERIAL_PED_QUILOMBOLA;IN_MATERIAL_PED_EDU_ESP;IN_MATERIAL_PED_NENHUM;IN_EDUCACAO_INDIGENA;TP_INDIGENA_LINGUA;CO_LINGUA_INDIGENA_1;CO_LINGUA_INDIGENA_2;CO_LINGUA_INDIGENA_3;IN_EXAME_SELECAO;IN_RESERVA_PPI;IN_RESERVA_RENDA;IN_RESERVA_PUBLICA;IN_RESERVA_PCD;IN_RESERVA_OUTROS;IN_RESERVA_NENHUMA;IN_REDES_SOCIAIS;IN_ESPACO_ATIVIDADE;IN_ESPACO_EQUIPAMENTO;IN_ORGAO_ASS_PAIS;IN_ORGAO_ASS_PAIS_MESTRES;IN_ORGAO_CONSELHO_ESCOLAR;IN_ORGAO_GREMIO_ESTUDANTIL;IN_ORGAO_OUTROS;IN_ORGAO_NENHUM;TP_PROPOSTA_PEDAGOGICA;IN_EDUC_AMBIENTAL;IN_EDUC_AMB_CONTEUDO;IN_EDUC_AMB_CURRICULAR;IN_EDUC_AMB_EIXO;IN_EDUC_AMB_EVENTOS;IN_EDUC_AMB_PROJETOS;IN_EDUC_AMB_NENHUMA;TP_AEE;TP_ATIVIDADE_COMPLEMENTAR;IN_MEDIACAO_PRESENCIAL;IN_MEDIACAO_SEMIPRESENCIAL;IN_MEDIACAO_EAD;IN_REGULAR;IN_DIURNO;IN_NOTURNO;IN_EAD;IN_ESCOLARIZACAO;IN_INF;IN_INF_CRE;IN_INF_PRE;IN_FUND;IN_FUND_AI;IN_FUND_AF;IN_MED;IN_PROF;IN_PROF_TEC;IN_EJA;IN_EJA_FUND;IN_EJA_MED;IN_ESP;IN_ESP_CC;IN_ESP_CE;QT_MAT_BAS;QT_MAT_INF;QT_MAT_INF_CRE;QT_MAT_INF_PRE;QT_MAT_FUND;QT_MAT_FUND_AI;QT_MAT_FUND_AI_1;QT_MAT_FUND_AI_2;QT_MAT_FUND_AI_3;QT_MAT_FUND_AI_4;QT_MAT_FUND_AI_5;QT_MAT_FUND_AF;QT_MAT_FUND_AF_6;QT_MAT_FUND_AF_7;QT_MAT_FUND_AF_8;QT_MAT_FUND_AF_9;QT_MAT_MED;QT_MAT_MED_PROP;QT_MAT_MED_PROP_1;QT_MAT_MED_PROP_2;QT_MAT_MED_PROP_3;QT_MAT_MED_PROP_4;QT_MAT_MED_PROP_NS;QT_MAT_MED_CT;QT_MAT_MED_CT_1;QT_MAT_MED_CT_2;QT_MAT_MED_CT_3;QT_MAT_MED_CT_4;QT_MAT_MED_CT_NS;QT_MAT_MED_NM;QT_MAT_MED_NM_1;QT_MAT_MED_NM_2;QT_MAT_MED_NM_3;QT_MAT_MED_NM_4;QT_MAT_PROF;QT_MAT_PROF_TEC;QT_MAT_PROF_TEC_CONC;QT_MAT_PROF_TEC_SUBS;QT_MAT_PROF_FIC_CONC;QT_MAT_EJA;QT_MAT_EJA_FUND;QT_MAT_EJA_FUND_AI;QT_MAT_EJA_FUND_AF;QT_MAT_EJA_FUND_FIC;QT_MAT_EJA_MED;QT_MAT_EJA_MED_NPROF;QT_MAT_EJA_MED_FIC;QT_MAT_EJA_MED_TEC;QT_MAT_ESP;QT_MAT_ESP_CC;QT_MAT_ESP_CE;QT_MAT_BAS_FEM;QT_MAT_BAS_MASC;QT_MAT_BAS_ND;QT_MAT_BAS_BRANCA;QT_MAT_BAS_PRETA;QT_MAT_BAS_PARDA;QT_MAT_BAS_AMARELA;QT_MAT_BAS_INDIGENA;QT_MAT_BAS_0_3;QT_MAT_BAS_4_5;QT_MAT_BAS_6_10;QT_MAT_BAS_11_14;QT_MAT_BAS_15_17;QT_MAT_BAS_18_MAIS;QT_MAT_BAS_D;QT_MAT_BAS_N;QT_MAT_BAS_EAD;QT_MAT_INF_INT;QT_MAT_INF_CRE_INT;QT_MAT_INF_PRE_INT;QT_MAT_FUND_INT;QT_MAT_FUND_AI_INT;QT_MAT_FUND_AF_INT;QT_MAT_MED_INT;QT_MAT_ZR_URB;QT_MAT_ZR_RUR;QT_MAT_ZR_NA;QT_TRANSP_PUBLICO;QT_TRANSP_RESP_EST;QT_TRANSP_RESP_MUN;QT_DOC_BAS;QT_DOC_INF;QT_DOC_INF_CRE;QT_DOC_INF_PRE;QT_DOC_FUND;QT_DOC_FUND_AI;QT_DOC_FUND_AF;QT_DOC_MED;QT_DOC_PROF;QT_DOC_PROF_TEC;QT_DOC_EJA;QT_DOC_EJA_FUND;QT_DOC_EJA_MED;QT_DOC_ESP;QT_DOC_ESP_CC;QT_DOC_ESP_CE;QT_TUR_BAS;QT_TUR_INF;QT_TUR_INF_CRE;QT_TUR_INF_PRE;QT_TUR_FUND;QT_TUR_FUND_AI;QT_TUR_FUND_AF;QT_TUR_MED;QT_TUR_PROF;QT_TUR_PROF_TEC;QT_TUR_EJA;QT_TUR_EJA_FUND;QT_TUR_EJA_MED;QT_TUR_ESP;QT_TUR_ESP_CC;QT_TUR_ESP_CE;QT_TUR_BAS_D;QT_TUR_BAS_N;QT_TUR_BAS_EAD;QT_TUR_INF_INT;QT_TUR_INF_CRE_INT;QT_TUR_INF_PRE_INT;QT_TUR_FUND_INT;QT_TUR_FUND_AI_INT;QT_TUR_FUND_AF_INT;QT_TUR_MED_INT
2024;Sudeste;3;São Paulo;SP;35;Cubatão;3513504;São Paulo;3501;Santos;350002;Metropolitana de São Paulo;15;Santos;63;Cubatão;351350405;CENTRO EDUCACIONAL OBJETIVO CUBATAO;35005363;4;1;1;0;JOAQUIM MIGUEL COUTO;243;;JARDIM SAO FRANCISCO;11500005;13;33721767;1;20102;15FEB2024:00:00:00;20DEC2024:00:00:00;;;;;0;;;;;;;;;;;;;;;;;;;;1;0;0;0;0;0;0;99999999999999;99999999999999;1;2;;;1;2;0;0;0;0;;0;0;0;1;1;0;0;0;0;0;1;0;0;0;1;0;0;0;0;1;0;0;0;0;0;0;0;1;1;0;0;0;1;0;1;0;0;1;1;0;0;0;0;0;1;0;0;1;0;0;1;0;1;0;0;0;0;0;0;0;1;0;1;0;1;0;0;0;0;0;0;0;0;0;0;0;0;1;0;7;0;7;0;0;0;1;1;1;1;1;0;1;1;1;1;1;1;0;0;1;1;1;35;0;0;0;0;1;1;1;1;0;1;0;1;1;1;3;1;2;1;2;0;0;1;2;0;0;1;1;1;1;0;0;1;1;1;1;1;2;1;2;1;2;0;0;0;0;0;0;0;0;0;1;1;1;1;1;1;1;0;1;0;0;1;0;0;0;0;0;0;;;;;0;;;;;;;1;1;0;0;1;0;0;0;0;0;0;9;9;9;9;9;9;0;0;1;0;0;1;1;0;0;1;0;0;0;1;1;1;1;0;0;0;0;0;1;1;0;128;0;0;0;104;48;0;6;8;17;17;56;15;19;14;8;24;24;10;6;8;0;0;0;0;0;0;0;0;0;0;0;0;0;0;0;0;0;0;0;0;0;0;0;0;0;0;0;2;2;0;69;59;33;66;4;25;0;0;0;0;49;54;25;0;128;0;0;0;0;0;5;2;3;0;125;3;0;0;0;0;18;0;0;0;16;7;11;13;0;0;0;0;0;13;13;0;11;0;0;0;8;4;4;3;0;0;0;0;0;2;2;0;11;0;0;0;0;0;0;0;0;0
2024;Sudeste;3;São Paulo;SP;35;Cubatão;3513504;São Paulo;3501;Santos;350002;Metropolitana de São Paulo;15;Santos;63;Cubatão;351350405;V N COSTA NUCLEO DE EDUCACAO INFANTIL;35005609;4;1;1;0;RIO DE JANEIRO;550;;VILA NOVA;11520050;13;33719455;1;20102;19FEB2024:00:00:00;20DEC2024:00:00:00;;;;;1;1;0;0;0;1;0;0;0;0;0;1;0;0;;;;;;;1;0;0;0;0;0;0;24910406000170;24910406000170;1;3;;;1;2;0;0;0;0;;0;0;0;1;1;0;0;0;0;0;1;0;0;0;1;0;0;0;0;1;0;0;0;0;0;0;0;1;0;0;0;0;1;0;0;0;1;1;1;1;0;0;0;0;0;0;1;0;0;0;0;0;0;1;0;0;0;0;0;0;1;0;0;0;0;0;0;0;0;0;0;0;0;1;0;0;0;0;0;7;0;7;3;0;0;1;0;0;1;1;0;1;2;1;1;1;2;0;0;0;0;1;1;1;1;1;1;1;1;1;1;0;1;0;2;1;1;1;1;1;0;0;0;0;0;0;0;0;1;1;0;0;1;1;0;0;0;0;0;0;0;0;0;0;0;0;0;0;0;0;0;0;1;1;1;0;1;1;1;1;0;1;0;1;0;0;0;0;0;0;0;;;;;0;;;;;;;0;0;0;0;0;0;0;0;1;1;1;1;0;0;1;0;0;0;0;1;0;0;1;1;0;0;1;1;1;0;0;0;0;0;0;0;0;0;0;0;0;0;58;58;58;0;0;0;0;0;0;0;0;0;0;0;0;0;0;0;0;0;0;0;0;0;0;0;0;0;0;0;0;0;0;0;0;0;0;0;0;0;0;0;0;0;0;0;0;0;0;0;0;23;35;19;29;0;10;0;0;58;0;0;0;0;0;58;0;0;38;38;0;0;0;0;0;58;0;0;0;0;0;3;3;3;0;0;0;0;0;0;0;0;0;0;0;0;0;13;13;13;0;0;0;0;0;0;0;0;0;0;0;0;0;13;0;0;6;6;0;0;0;0;0
2024;Sudeste;3;São Paulo;SP;35;Cubatão;3513504;São Paulo;3501;Santos;350002;Metropolitana de São Paulo;15;Santos;63;Cubatão;351350405;COLEGIO CRERSER EDUCACAO INFANTIL;35006532;4;3;1;0;DOM PEDRO II;008;;VILA NOVA;11520040;13;33240952;1;20102;15FEB2024:00:00:00;20DEC2024:00:00:00;;;;;0;;;;;;;;;;;;;;;;;;;;1;0;0;0;0;0;0;99999999999999;99999999999999;1;2;;;1;2;0;0;0;0;;0;0;0;1;1;0;0;0;0;0;1;0;0;0;1;0;0;0;0;1;0;0;0;0;1;1;1;0;0;0;0;0;1;0;1;0;0;1;1;1;1;0;0;0;0;0;0;1;1;1;1;1;0;1;0;0;0;0;0;0;0;1;0;0;1;0;0;0;0;1;0;0;1;1;0;0;0;0;0;14;0;14;13;0;0;1;0;1;1;0;0;0;0;1;1;0;0;0;0;0;0;0;0;0;0;0;0;1;0;1;1;0;0;0;3;1;1;2;1;3;0;0;0;0;1;1;0;0;1;1;0;0;1;1;1;1;1;1;0;0;0;0;1;1;0;0;0;0;0;0;0;0;1;1;1;0;1;1;1;1;0;1;0;1;0;0;0;0;0;0;0;;;;;0;;;;;;;1;0;1;0;0;0;0;0;1;0;0;9;9;9;9;9;9;0;0;1;0;0;1;1;0;0;1;1;1;1;1;1;0;0;0;0;0;0;0;1;1;0;88;82;41;41;6;6;6;0;0;0;0;0;0;0;0;0;0;0;0;0;0;0;0;0;0;0;0;0;0;0;0;0;0;0;0;0;0;0;0;0;0;0;0;0;0;0;0;0;3;3;0;44;44;65;11;2;10;0;0;41;40;7;0;0;0;88;0;0;0;0;0;0;0;0;0;87;1;0;0;0;0;9;6;3;3;3;3;0;0;0;0;0;0;0;5;5;0;8;7;4;3;1;1;0;0;0;0;0;0;0;3;3;0;8;0;0;0;0;0;0;0;0;0
2024;Sudeste;3;São Paulo;SP;35;Cubatão;3513504;São Paulo;3501;Santos;350002;Metropolitana de São Paulo;15;Santos;63;Cubatão;351350405;CRER SER CHRISTIAN BILINGUAL SCHOOL LTDA;35007846;4;1;1;0;BAHIA;188;;VILA PAULISTA;11510070;13;33718763;1;20102;15FEB2024:00:00:00;20DEC2024:00:00:00;;;;;0;;;;;;;;;;;;;;;;;;;;1;0;0;0;0;0;0;99999999999999;99999999999999;1;2;;;1;2;0;0;0;0;;0;0;0;1;1;0;0;0;0;0;1;0;0;0;1;0;0;0;0;1;0;0;0;0;0;0;1;0;0;0;0;0;1;1;1;0;0;0;0;0;0;0;0;0;0;0;0;1;1;0;0;0;0;0;0;1;0;0;0;0;1;0;1;0;1;0;0;0;0;0;0;0;0;0;0;0;0;1;0;9;0;9;0;0;0;1;0;0;1;0;0;0;0;0;0;0;0;0;0;0;0;1;10;0;0;0;0;1;1;1;1;0;1;0;3;1;1;1;1;1;0;0;0;0;1;1;0;0;0;0;0;0;0;0;0;0;1;1;0;0;0;0;1;2;0;0;0;0;0;0;0;0;0;0;0;0;1;1;1;1;0;1;0;0;0;0;0;0;0;0;0;;;;;0;;;;;;;1;0;0;0;0;1;0;0;0;0;0;9;9;9;9;9;9;0;0;1;0;0;1;1;0;0;1;0;0;0;1;1;1;0;0;0;0;0;0;1;1;0;145;0;0;0;145;120;27;25;35;7;26;25;8;7;10;0;0;0;0;0;0;0;0;0;0;0;0;0;0;0;0;0;0;0;0;0;0;0;0;0;0;0;0;0;0;0;0;0;6;6;0;77;68;43;59;4;39;0;0;0;3;115;27;0;0;145;0;0;0;0;0;2;0;2;0;144;1;0;0;0;0;14;0;0;0;14;10;6;0;0;0;0;0;0;10;10;0;12;0;0;0;12;9;3;0;0;0;0;0;0;5;5;0;12;0;0;0;0;0;0;0;0;0
2024;Sudeste;3;São Paulo;SP;35;Cubatão;3513504;São Paulo;3501;Santos;350002;Metropolitana de São Paulo;15;Santos;63;Cubatão;351350405;ESCOLA DE EDUCACAO INFANTIL HORA DO SABER;35008908;4;;1;;RUA MONTE CASTELO;335;;VILA NOVA;11520150;13;33290844;2;20102;;;;;;;;;;;;;;;;;;;;;;;;;;;;;;;;;;;;;;;;;;;;;;;;;;;;;;;;;;;;;;;;;;;;;;;;;;;;;;;;;;;;;;;;;;;;;;;;;;;;;;;;;;;;;;;;;;;;;;;;;;;;;;;;;;;;;;;;;;;;;;;;;;;;;;;;;;;;;;;;;;;;;;;;;;;;;;;;;;;;;;;;;;;;;;;;;;;;;;;;;;;;;;;;;;;;;;;;;;;;;;;;;;;;;;;;;;;;;;;;;;;;;;;;;;;;;;;;;;;;;;;;;;;;;;;;;;;;;;;;;;;;;;;;;;;;;;;;;;;;;;;;;;;;;;;;;;;;;;;;;;;;;;;;;;;;;;;;;;;;;;;;;;;;;;;;;;;;;;;;;;;;;;;;;;;;;;;;;;;;;;;;;;;;;;;;;
2024;Sudeste;3;São Paulo;SP;35;Cubatão;3513504;São Paulo;3501;Santos;350002;Metropolitana de São Paulo;15;Santos;63;Cubatão;351350405;MARTA JOSETE RAMOS IMPALEA PROFA CEU UNIDADE III;35010151;3;;1;0;RUA ASSEMBLEIA DE DEUS;67;;JARDIM SAO FRANCISCO;11500040;13;33626747;1;20102;15FEB2024:00:00:00;20DEC2024:00:00:00;1;0;0;0;0;;;;;;;;;;;;;;;;;;;;;;;;;;;;;1;3;;;1;1;0;0;0;0;;0;0;0;1;1;0;0;0;0;0;1;0;0;0;1;0;0;0;0;1;0;0;0;0;1;0;0;0;0;0;0;0;1;0;1;0;0;0;0;1;0;0;0;0;0;0;0;0;0;0;0;0;0;1;0;0;0;0;0;0;1;0;1;0;1;1;0;0;0;1;1;1;1;1;0;0;0;0;0;11;0;11;10;11;0;1;0;1;1;0;0;0;0;1;1;0;0;1;12;0;0;0;0;0;0;0;0;1;0;1;1;0;0;0;0;1;0;0;1;6;0;0;0;0;1;4;0;0;0;0;0;0;1;3;0;0;1;1;0;0;0;0;1;1;1;1;0;0;0;0;0;0;1;1;1;0;0;0;1;1;0;1;0;0;0;0;0;0;0;0;0;;;;;0;;;;;;;0;0;0;0;1;0;0;0;0;0;1;0;0;0;0;0;1;1;0;1;0;0;1;1;0;0;1;0;0;0;1;1;0;0;0;0;0;0;0;1;1;0;214;0;0;0;214;214;105;28;29;28;24;0;0;0;0;0;0;0;0;0;0;0;0;0;0;0;0;0;0;0;0;0;0;0;0;0;0;0;0;0;0;0;0;0;0;0;0;0;11;11;0;96;118;38;74;8;93;1;0;0;0;207;7;0;0;214;0;0;0;0;0;214;214;0;0;213;1;0;0;0;0;23;0;0;0;23;23;0;0;0;0;0;0;0;19;19;0;8;0;0;0;8;8;0;0;0;0;0;0;0;6;6;0;8;0;0;0;0;0;8;8;0;0
2024;Sudeste;3;São Paulo;SP;35;Cubatão;3513504;São Paulo;3501;Santos;350002;Metropolitana de São Paulo;15;Santos;63;Cubatão;351350405;HUMBERTO DE ALENCAR CASTELLO BRANCO MARECHAL;35011423;2;;1;0;MARIA GRAZIELA;SN;;JARDIM CASQUEIRO;11533150;13;33631411;1;20102;15FEB2024:00:00:00;17DEC2024:00:00:00;1;0;0;0;0;;;;;;;;;;;;;;;;;;;;;;;;;;;;;1;2;;;1;1;0;0;0;0;;0;0;0;1;1;0;0;0;0;0;1;0;0;0;1;0;0;0;0;1;0;0;0;0;0;0;0;1;1;1;0;1;1;0;0;1;0;0;1;1;1;0;0;1;1;1;1;0;0;0;1;1;0;1;0;0;0;0;0;0;1;1;1;0;1;0;0;0;0;0;0;0;0;0;0;0;0;1;0;21;0;21;0;0;0;1;0;0;1;0;0;1;2;1;1;1;24;1;2;0;0;1;27;1;197;1;250;1;1;1;1;0;1;0;3;1;1;4;1;3;0;0;0;0;1;1;0;0;0;0;0;0;1;3;1;3;1;1;0;0;0;0;1;3;0;0;0;0;0;0;0;0;1;1;0;1;1;1;1;1;0;1;0;0;0;0;0;0;0;0;0;;;;;0;;;;;;;1;0;0;0;1;1;1;0;0;0;0;9;9;9;9;9;9;0;0;1;0;1;1;1;1;1;1;0;0;0;1;0;1;1;1;1;1;0;1;1;1;0;1390;0;0;0;409;0;0;0;0;0;0;409;104;85;113;107;846;757;297;170;290;0;0;89;0;81;8;0;0;0;0;0;0;0;89;89;0;0;0;135;0;0;0;0;135;135;0;0;48;48;0;755;635;258;605;29;491;6;1;0;0;1;375;782;232;926;319;145;0;0;0;0;0;0;0;1380;10;0;63;63;0;56;0;0;0;27;0;27;42;10;10;13;0;13;54;54;0;45;0;0;0;12;0;12;29;4;4;4;0;4;31;31;0;30;10;5;0;0;0;0;0;0;0
2024;Sudeste;3;São Paulo;SP;35;Cubatão;3513504;São Paulo;3501;Santos;350002;Metropolitana de São Paulo;15;Santos;63;Cubatão;351350405;AFONSO SCHIMIDT;35011435;2;;1;0;BERNARDO PINTO;9496;RUA;VILA PAULISTA;11510260;13;33614761;1;20102;15FEB2024:00:00:00;20DEC2024:00:00:00;1;0;0;0;0;;;;;;;;;;;;;;;;;;;;;;;;;;;;;1;2;;;1;1;0;0;0;0;;0;0;1;1;1;0;0;0;0;0;1;0;0;0;1;0;0;0;0;1;0;0;0;0;0;0;0;1;0;0;0;1;1;0;0;1;1;0;1;1;1;0;0;1;1;0;1;0;0;0;1;1;1;1;1;0;0;0;0;0;1;1;1;0;0;1;0;0;0;0;0;0;0;0;0;0;0;1;0;18;0;18;0;0;0;1;0;1;1;0;0;0;0;1;2;1;7;1;3;0;0;0;0;1;32;1;32;1;1;1;1;0;1;0;3;1;1;3;1;1;0;0;0;0;1;3;0;0;0;0;0;0;0;0;0;0;1;1;0;0;0;0;0;0;0;0;0;0;0;0;0;0;1;0;0;1;1;0;1;1;0;1;0;0;0;0;0;0;0;0;0;;;;;0;;;;;;;1;1;1;0;1;1;1;0;0;1;1;1;0;0;0;1;0;0;0;1;0;0;1;1;0;0;1;0;0;0;1;0;1;1;1;1;0;0;0;1;1;0;242;0;0;0;119;0;0;0;0;0;0;119;18;50;26;25;123;94;60;4;30;0;0;29;0;15;14;0;0;0;0;0;0;0;29;29;0;0;0;0;0;0;0;0;0;0;0;0;17;17;0;129;113;34;117;4;87;0;0;0;0;0;110;121;11;242;0;0;0;0;0;119;0;119;94;239;3;0;130;120;10;22;0;0;0;18;0;18;18;10;10;0;0;0;22;22;0;11;0;0;0;5;0;5;6;2;2;0;0;0;9;9;0;11;0;0;0;0;0;5;0;5;5
2024;Sudeste;3;São Paulo;SP;35;Cubatão;3513504;São Paulo;3501;Santos;350002;Metropolitana de São Paulo;15;Santos;63;Cubatão;351350405;JAYME JOAO OLCESE;35011472;2;;1;;SALGADO FILHO;96;RUA;JARDIM ANCHIETA;11500270;13;33614701;2;20102;;;;;;;;;;;;;;;;;;;;;;;;;;;;;;;;;;;;;;;;;;;;;;;;;;;;;;;;;;;;;;;;;;;;;;;;;;;;;;;;;;;;;;;;;;;;;;;;;;;;;;;;;;;;;;;;;;;;;;;;;;;;;;;;;;;;;;;;;;;;;;;;;;;;;;;;;;;;;;;;;;;;;;;;;;;;;;;;;;;;;;;;;;;;;;;;;;;;;;;;;;;;;;;;;;;;;;;;;;;;;;;;;;;;;;;;;;;;;;;;;;;;;;;;;;;;;;;;;;;;;;;;;;;;;;;;;;;;;;;;;;;;;;;;;;;;;;;;;;;;;;;;;;;;;;;;;;;;;;;;;;;;;;;;;;;;;;;;;;;;;;;;;;;;;;;;;;;;;;;;;;;;;;;;;;;;;;;;;;;;;;;;;;;;;;;;;
2024;Sudeste;3;São Paulo;SP;35;Cubatão;3513504;São Paulo;3501;Santos;350002;Metropolitana de São Paulo;15;Santos;63;Cubatão;351350405;JULIO CONCEICAO;35011629;2;;1;0;ANA NERI;107;RUA;VILA COUTO;11510150;13;33614717;1;20102;15FEB2024:00:00:00;17DEC2024:00:00:00;1;0;0;0;0;;;;;;;;;;;;;;;;;;;;;;;;;;;;;1;2;;;1;1;0;0;0;0;;0;0;0;1;1;0;0;0;0;0;1;0;0;0;1;0;0;0;0;1;0;0;0;0;1;0;0;0;0;0;0;0;1;0;1;0;0;0;1;1;1;0;0;0;1;0;0;0;0;0;1;1;1;0;0;0;0;0;0;0;1;1;1;0;1;0;0;0;0;0;0;0;0;0;0;0;0;1;0;8;0;8;0;0;0;1;1;1;0;0;0;0;0;1;8;1;8;0;0;1;1;1;11;1;55;1;21;1;1;1;1;0;1;1;2;1;1;2;0;0;0;0;0;0;0;0;0;0;0;0;1;1;0;0;0;0;1;1;0;0;0;0;1;1;0;0;0;0;0;0;0;0;1;0;0;1;1;0;1;0;0;1;0;0;0;0;0;0;0;0;0;;;;;0;;;;;;;1;0;0;0;1;1;1;0;0;0;1;1;1;0;0;1;0;1;0;1;0;0;1;1;0;0;1;0;0;0;1;0;1;0;0;0;0;0;0;1;1;0;192;0;0;0;192;0;0;0;0;0;0;192;61;53;55;23;0;0;0;0;0;0;0;0;0;0;0;0;0;0;0;0;0;0;0;0;0;0;0;0;0;0;0;0;0;0;0;0;6;6;0;85;107;5;77;9;97;4;0;0;0;0;183;9;0;192;0;0;0;0;0;192;0;192;0;192;0;0;95;94;1;12;0;0;0;12;0;12;0;0;0;0;0;0;12;12;0;7;0;0;0;7;0;7;0;0;0;0;0;0;5;5;0;7;0;0;0;0;0;7;0;7;0
2024;Sudeste;3;São Paulo;SP;35;Cubatão;3513504;São Paulo;3501;Santos;350002;Metropolitana de São Paulo;15;Santos;63;Cubatão;351350405;LINCOLN FELICIANO;35011630;2;;1;0;NOSSA SENHORA DA LAPA;606;AVENIDA;VILA NOVA;11525000;13;33613114;1;20102;15FEB2024:00:00:00;17DEC2024:00:00:00;1;0;0;0;0;;;;;;;;;;;;;;;;;;;;;;;;;;;;;1;2;;;1;3;0;0;0;0;;0;0;0;1;1;0;0;0;0;0;1;0;0;0;1;0;0;0;0;1;0;0;0;0;0;0;0;1;1;0;0;1;1;0;1;0;0;0;1;1;1;0;0;0;0;0;1;1;0;0;0;0;0;1;0;0;0;0;0;0;1;1;1;0;1;1;0;0;0;0;0;0;0;0;0;0;0;1;0;13;0;13;0;0;1;1;0;1;1;0;0;1;2;1;16;1;14;0;0;1;1;1;1;1;52;1;60;1;1;1;1;0;1;1;3;1;1;5;1;1;1;1;0;0;1;2;0;0;0;0;0;0;0;0;0;0;1;1;0;0;0;0;1;2;0;0;0;0;0;0;0;0;1;1;0;1;1;0;1;1;0;1;0;0;0;0;0;0;0;0;0;;;;;0;;;;;;;1;0;0;0;1;1;1;0;0;0;0;9;9;9;9;9;9;1;0;1;0;0;1;1;0;0;1;0;0;0;1;0;1;0;0;0;0;0;0;1;1;0;454;0;0;0;454;0;0;0;0;0;0;454;140;105;107;102;0;0;0;0;0;0;0;0;0;0;0;0;0;0;0;0;0;0;0;0;0;0;0;0;0;0;0;0;0;0;0;0;25;25;0;217;237;72;232;4;146;0;0;0;0;0;426;28;0;454;0;0;0;0;0;21;0;21;0;453;1;0;1;1;0;24;0;0;0;24;0;24;0;0;0;0;0;0;24;24;0;13;0;0;0;13;0;13;0;0;0;0;0;0;11;11;0;13;0;0;0;0;0;0;0;0;0
2024;Sudeste;3;São Paulo;SP;35;Cubatão;3513504;São Paulo;3501;Santos;350002;Metropolitana de São Paulo;15;Santos;63;Cubatão;351350405;ZENON CLEANTES DE MOURA PROFESSOR;35011642;2;;1;0;DO ALOJAMENTO;137;RUA;FABRIL;11543100;13;33779020;1;20102;15FEB2024:00:00:00;17DEC2024:00:00:00;1;0;0;0;0;;;;;;;;;;;;;;;;;;;;;;;;;;;;;1;2;;;1;1;0;0;0;0;;0;0;0;1;1;0;0;0;0;0;1;0;0;0;1;0;0;0;0;1;0;0;0;0;1;0;1;0;0;0;0;0;1;0;1;1;0;0;1;1;1;0;0;1;1;0;1;1;0;0;1;1;0;0;0;0;0;0;0;0;1;1;1;0;1;1;0;0;0;0;0;0;0;0;0;0;0;1;0;11;0;11;0;0;0;1;1;1;1;1;0;0;0;1;7;1;10;1;1;1;4;1;18;1;55;1;23;1;1;1;1;0;1;0;3;0;1;4;1;3;0;0;0;0;1;1;0;0;0;0;1;1;1;3;0;0;0;0;0;0;0;0;1;1;0;0;0;0;0;0;0;0;1;1;0;1;1;0;1;1;1;1;0;0;0;0;0;0;1;0;0;;;;;0;;;;;;;1;1;1;0;1;1;1;0;0;1;1;0;0;0;1;1;0;0;0;1;0;1;1;1;1;1;1;0;0;0;1;0;1;1;1;1;0;0;0;1;1;0;276;0;0;0;126;0;0;0;0;0;0;126;29;28;38;31;150;141;73;31;37;0;0;9;0;0;9;0;0;0;0;0;0;0;9;9;0;0;0;0;0;0;0;0;0;0;0;0;21;21;0;144;132;25;122;12;117;0;0;0;0;0;111;145;20;161;62;53;0;0;0;126;0;126;26;275;1;0;41;41;0;21;0;0;0;14;0;14;16;6;6;0;0;0;21;21;0;15;0;0;0;7;0;7;8;1;1;0;0;0;11;11;0;9;3;3;0;0;0;7;0;7;1
2024;Sudeste;3;São Paulo;SP;35;Cubatão;3513504;São Paulo;3501;Santos;350002;Metropolitana de São Paulo;15;Santos;63;Cubatão;351350405;JOSE DA COSTA PROFESSOR;35011685;2;;1;0;ALMIRANTE BARROSO;SN;RUA;JARDIM TRINTA E UM DE MARCO;11515060;13;33613115;1;20102;15FEB2024:00:00:00;17DEC2024:00:00:00;1;0;0;0;0;;;;;;;;;;;;;;;;;;;;;;;;;;;;;1;2;;;1;1;0;0;0;0;;0;0;0;1;1;0;0;0;0;0;1;0;0;0;1;0;0;0;0;1;0;0;0;0;0;0;0;1;1;0;0;0;1;0;1;1;0;0;1;1;1;0;0;1;1;0;1;1;0;0;1;1;0;1;0;1;0;1;0;0;1;1;1;0;1;0;0;0;0;1;1;1;1;1;0;0;0;0;0;22;0;22;11;0;1;1;0;1;1;1;0;0;0;1;21;1;12;1;1;0;0;1;12;1;148;1;43;1;1;1;1;0;9;9;3;1;1;9;0;0;1;1;0;0;1;2;0;0;0;0;0;0;1;3;1;1;1;1;0;0;0;0;1;4;0;0;0;0;0;0;0;0;1;1;0;0;1;1;0;1;0;1;0;0;1;0;0;0;0;0;0;;;;;0;;;;;;;1;0;0;0;1;1;1;0;0;1;0;9;9;9;9;9;9;1;0;1;0;1;1;1;1;1;1;0;0;0;0;0;0;1;1;1;1;0;1;1;1;0;1491;0;0;0;0;0;0;0;0;0;0;0;0;0;0;0;1360;1166;403;354;409;0;0;194;0;194;0;0;0;0;0;0;0;0;194;194;0;0;0;131;0;0;0;0;131;131;0;0;57;57;0;696;795;233;609;49;597;2;1;0;0;0;0;1178;313;819;418;254;0;0;0;0;0;0;1;1472;19;0;327;326;1;61;0;0;0;0;0;0;59;18;18;19;0;19;59;59;0;47;0;0;0;0;0;0;42;6;6;5;0;5;32;32;0;27;13;7;0;0;0;0;0;0;0
2024;Sudeste;3;São Paulo;SP;35;Cubatão;3513504;São Paulo;3501;Santos;350002;Metropolitana de São Paulo;15;Santos;63;Cubatão;351350405;MARIA HELENA DUARTE CAETANO PROFESSORA;35011691;2;;1;0;ONZE;200;;COTA 200;11548000;13;33779100;1;20102;15FEB2024:00:00:00;17DEC2024:00:00:00;1;0;0;0;0;;;;;;;;;;;;;;;;;;;;;;;;;;;;;1;2;;;1;1;0;0;0;0;;0;0;0;1;0;0;0;1;0;0;1;0;0;0;0;1;0;1;0;1;0;0;0;0;0;0;0;1;1;0;0;0;1;0;0;1;0;0;1;1;1;0;0;0;1;0;1;1;0;0;0;0;0;1;0;0;0;0;0;0;1;1;1;0;1;0;0;0;0;0;0;0;0;0;0;0;0;1;0;8;0;8;0;0;0;1;0;0;1;0;0;1;1;1;10;1;88888;0;0;1;1;0;0;1;35;1;15;1;1;1;1;0;1;0;3;1;1;3;1;2;0;0;0;0;1;2;0;0;0;0;0;0;1;1;0;0;1;1;0;0;0;0;1;1;0;0;0;0;0;0;0;0;1;0;0;0;1;0;1;1;0;1;0;1;0;0;0;0;0;0;0;;;;;0;;;;;;;1;0;0;0;1;1;1;0;0;1;0;9;9;9;9;9;9;1;0;1;0;0;1;1;0;0;1;0;0;0;1;1;1;1;0;0;0;0;0;1;1;0;242;0;0;0;183;104;27;23;20;16;18;79;20;16;28;15;59;59;21;26;12;0;0;0;0;0;0;0;0;0;0;0;0;0;0;0;0;0;0;0;0;0;0;0;0;0;0;0;13;13;0;104;138;2;115;4;121;0;0;0;0;102;73;59;8;242;0;0;0;0;0;0;0;0;0;240;2;0;0;0;0;18;0;0;0;15;9;11;12;0;0;0;0;0;16;16;0;12;0;0;0;9;5;4;3;0;0;0;0;0;7;7;0;12;0;0;0;0;0;0;0;0;0
2024;Sudeste;3;São Paulo;SP;35;Cubatão;3513504;São Paulo;3501;Santos;350002;Metropolitana de São Paulo;15;Santos;63;Cubatão;351350405;ARY DE OLIVEIRA GARCIA PROFESSOR;35047818;2;;1;0;RIO DE JANEIRO;620;RUA;VILA NOVA;11520050;13;33613355;1;20102;15FEB2024:00:00:00;17DEC2024:00:00:00;1;0;0;0;0;;;;;;;;;;;;;;;;;;;;;;;;;;;;;1;2;;;1;3;0;0;0;0;;0;0;0;1;1;0;0;0;0;0;1;0;0;0;1;0;0;0;0;1;0;0;0;0;0;0;0;1;1;0;0;0;1;0;1;1;0;0;1;1;0;0;0;0;1;0;0;0;0;0;1;1;0;1;0;0;0;0;0;0;1;1;1;0;1;0;0;0;0;0;0;0;0;0;0;0;0;1;0;12;0;12;0;0;0;1;0;0;1;0;0;0;0;0;0;1;15;0;0;0;0;0;0;1;41;1;230;1;1;1;1;0;1;1;3;1;1;3;1;4;0;0;0;0;1;2;0;0;0;0;0;0;1;2;0;0;1;1;0;0;0;0;1;3;0;0;0;0;0;0;0;0;1;1;0;0;1;0;1;1;0;1;0;0;0;0;0;0;0;0;0;;;;;0;;;;;;;1;1;1;0;1;1;1;0;0;1;0;9;9;9;9;9;9;0;1;1;0;1;1;1;1;1;1;0;0;0;0;0;0;1;0;0;0;0;0;1;1;0;919;0;0;0;0;0;0;0;0;0;0;0;0;0;0;0;919;919;223;359;337;0;0;0;0;0;0;0;0;0;0;0;0;0;0;0;0;0;0;0;0;0;0;0;0;0;0;0;34;34;0;493;426;131;470;15;302;1;0;0;0;0;1;799;119;607;158;154;0;0;0;0;0;0;0;896;23;0;143;143;0;34;0;0;0;0;0;0;34;0;0;0;0;0;34;34;0;25;0;0;0;0;0;0;25;0;0;0;0;0;17;17;0;17;4;4;0;0;0;0;0;0;0
2024;Sudeste;3;São Paulo;SP;35;Cubatão;3513504;São Paulo;3501;Santos;350002;Metropolitana de São Paulo;15;Santos;63;Cubatão;351350405;ESTADO DA BAHIA UNIDADE MUNICIPAL DE ENSINO;35055773;3;;1;0;JOSE RODRIGUES DOS SANTOS;133;RUA;JARDIM NOVA REPUBLICA;11534000;13;33642750;1;20102;15FEB2024:00:00:00;17DEC2024:00:00:00;1;0;0;0;0;;;;;;;;;;;;;;;;;;;;;;;;;;;;;1;3;;;1;1;0;0;0;0;;0;0;0;1;1;0;0;0;0;0;1;0;0;0;1;0;0;0;0;1;0;0;0;0;0;0;0;1;0;1;0;0;1;1;1;1;0;0;0;1;1;0;0;0;0;0;1;0;1;0;0;0;0;1;1;0;0;0;0;0;1;0;1;0;1;1;0;0;0;0;0;1;0;0;0;0;0;0;0;6;0;6;0;0;0;1;0;0;1;0;0;0;0;1;1;1;6;1;1;0;0;0;0;0;0;0;0;1;0;1;1;0;0;0;3;1;1;1;1;4;0;0;0;0;0;0;0;0;0;0;0;0;0;0;1;1;1;1;0;0;0;0;0;0;1;1;0;0;0;0;0;0;1;0;1;0;1;1;1;1;0;1;0;1;0;0;0;0;1;0;0;;;;;0;;;;;;;0;0;1;0;1;1;0;0;0;0;1;1;0;0;0;0;0;1;0;1;0;0;1;1;0;0;1;1;0;1;0;0;0;0;0;0;0;0;0;1;1;0;237;237;0;237;0;0;0;0;0;0;0;0;0;0;0;0;0;0;0;0;0;0;0;0;0;0;0;0;0;0;0;0;0;0;0;0;0;0;0;0;0;0;0;0;0;0;0;0;23;23;0;115;122;58;82;7;88;2;0;0;217;20;0;0;0;237;0;0;21;0;21;0;0;0;0;237;0;0;0;0;0;12;12;0;12;0;0;0;0;0;0;0;0;0;12;12;0;10;10;0;10;0;0;0;0;0;0;0;0;0;10;10;0;10;0;0;0;0;0;0;0;0;0
2024;Sudeste;3;São Paulo;SP;35;Cubatão;3513504;São Paulo;3501;Santos;350002;Metropolitana de São Paulo;15;Santos;63;Cubatão;351350405;ESTADO DE SAO PAULO UNIDADE MUNICIPAL DE ENSINO;35055785;3;;1;0;MARECHAL RONDON;201;RUA;PARQUE FERNANDO JORGE;11500280;13;33726977;1;20102;15FEB2024:00:00:00;20DEC2024:00:00:00;1;0;0;0;0;;;;;;;;;;;;;;;;;;;;;;;;;;;;;1;3;;;1;1;0;0;0;0;;0;0;0;1;1;0;0;0;0;0;1;0;0;0;1;0;0;0;0;1;0;0;0;0;0;0;0;1;1;1;0;0;1;1;0;1;0;0;0;1;1;0;0;0;0;0;1;1;1;0;0;0;0;1;0;0;0;0;0;0;1;0;1;0;1;1;0;0;0;1;0;0;0;1;0;0;1;0;0;8;0;8;3;0;0;1;1;1;1;1;0;0;0;1;1;1;4;0;0;1;1;0;0;0;0;0;0;1;1;1;1;0;9;9;3;1;0;0;1;4;0;0;0;0;0;0;0;0;1;1;0;0;1;3;1;2;1;1;0;0;0;0;1;3;0;0;0;0;0;0;0;0;1;1;1;0;1;0;1;1;0;1;0;1;0;0;0;0;1;0;0;;;;;0;;;;;;;0;1;0;0;1;1;0;0;0;1;1;0;0;0;0;0;1;1;0;1;0;0;1;1;0;0;1;1;0;1;0;0;0;0;0;0;0;0;0;1;1;0;238;238;0;238;0;0;0;0;0;0;0;0;0;0;0;0;0;0;0;0;0;0;0;0;0;0;0;0;0;0;0;0;0;0;0;0;0;0;0;0;0;0;0;0;0;0;0;0;22;22;0;109;129;34;88;8;108;0;0;0;217;21;0;0;0;238;0;0;105;0;105;0;0;0;0;234;4;0;84;0;84;15;15;0;15;0;0;0;0;0;0;0;0;0;15;15;0;10;10;0;10;0;0;0;0;0;0;0;0;0;10;10;0;10;0;0;4;0;4;0;0;0;0
2024;Sudeste;3;São Paulo;SP;35;Cubatão;3513504;São Paulo;3501;Santos;350002;Metropolitana de São Paulo;15;Santos;63;Cubatão;351350405;ESTADO DO CEARA UNIDADE MUNICIPAL DE ENSINO;35055797;3;;1;0;RIO DE JANEIRO;670;RUA;VILA NOVA;11520050;13;33724929;1;20102;15FEB2024:00:00:00;20DEC2024:00:00:00;1;0;0;0;0;;;;;;;;;;;;;;;;;;;;;;;;;;;;;1;3;;;1;1;0;0;0;0;;0;0;0;1;1;0;0;0;0;0;1;0;0;0;1;0;0;0;0;1;0;0;0;0;0;0;0;1;1;0;0;0;1;0;1;1;1;0;1;1;1;0;0;0;0;0;1;0;0;0;1;0;1;1;0;0;0;0;0;0;1;1;1;0;1;1;0;0;0;0;0;1;1;1;0;1;0;0;0;6;0;6;6;6;0;1;1;1;1;1;0;0;0;1;1;1;5;1;5;1;2;0;0;0;0;0;0;1;0;1;1;0;0;0;3;1;0;0;1;3;0;0;0;0;1;1;0;0;0;0;0;0;1;2;1;1;1;1;0;0;0;0;1;1;1;1;0;0;0;0;0;0;1;0;0;0;0;1;1;1;0;1;0;0;0;0;0;0;1;0;0;;;;;0;;;;;;;0;0;0;0;1;1;0;0;0;1;1;0;0;0;0;1;0;1;0;1;0;0;1;1;0;0;1;0;0;0;1;1;0;0;0;0;0;0;0;1;1;0;236;0;0;0;236;236;83;84;69;0;0;0;0;0;0;0;0;0;0;0;0;0;0;0;0;0;0;0;0;0;0;0;0;0;0;0;0;0;0;0;0;0;0;0;0;0;0;0;16;16;0;124;112;50;88;3;95;0;0;0;0;236;0;0;0;236;0;0;0;0;0;18;18;0;0;235;1;0;0;0;0;18;0;0;0;18;18;0;0;0;0;0;0;0;13;13;0;12;0;0;0;12;12;0;0;0;0;0;0;0;8;8;0;12;0;0;0;0;0;0;0;0;0
2024;Sudeste;3;São Paulo;SP;35;Cubatão;3513504;São Paulo;3501;Santos;350002;Metropolitana de São Paulo;15;Santos;63;Cubatão;351350405;ESTADO DO AMAZONAS UNIDADE MUNICIPAL DE ENSINO;35055815;3;;1;0;EMBAIXADOR PEDRO DE TOLEDO;100;RUA;VILA PAULISTA;11510090;13;33724931;1;20102;19FEB2024:00:00:00;20DEC2024:00:00:00;1;0;0;0;0;;;;;;;;;;;;;;;;;;;;;;;;;;;;;1;3;;;1;1;0;0;0;0;;0;0;0;1;1;0;0;0;0;0;1;0;0;0;1;0;0;0;0;1;0;0;0;0;0;0;0;1;1;1;0;0;1;1;0;1;1;0;1;1;1;0;0;0;0;0;1;0;1;0;0;0;0;1;0;0;0;0;0;0;1;1;1;0;1;1;0;0;0;0;0;0;1;1;0;0;0;0;0;6;0;6;6;6;0;1;0;1;1;0;0;0;0;1;1;1;5;1;1;1;1;0;0;1;1;0;0;1;0;1;1;0;0;0;2;1;0;0;1;3;1;1;0;0;0;0;0;0;0;0;0;0;1;2;1;2;1;1;0;0;0;0;0;0;0;0;0;0;0;0;0;0;1;0;1;0;1;1;1;1;0;1;0;1;0;0;0;0;0;0;0;;;;;0;;;;;;;1;1;0;0;1;1;0;0;0;1;1;1;0;0;0;0;0;1;0;1;0;0;1;1;0;0;1;1;0;1;0;0;0;0;0;0;0;0;0;1;1;0;122;122;0;122;0;0;0;0;0;0;0;0;0;0;0;0;0;0;0;0;0;0;0;0;0;0;0;0;0;0;0;0;0;0;0;0;0;0;0;0;0;0;0;0;0;0;0;0;10;10;0;58;64;26;51;6;39;0;0;0;107;15;0;0;0;122;0;0;122;0;122;0;0;0;0;121;1;0;0;0;0;15;15;0;15;0;0;0;0;0;0;0;0;0;15;15;0;5;5;0;5;0;0;0;0;0;0;0;0;0;5;5;0;5;0;0;5;0;5;0;0;0;0
2024;Sudeste;3;São Paulo;SP;35;Cubatão;3513504;São Paulo;3501;Santos;350002;Metropolitana de São Paulo;15;Santos;63;Cubatão;351350405;ALMERINDA MONTEIRO DE CARVALHO PROFA UME;35055827;3;;1;0;MARTIM AFONSO;191;RUA;JARDIM CASQUEIRO;11530010;13;33642500;1;20102;15FEB2024:00:00:00;20DEC2024:00:00:00;1;0;0;0;0;;;;;;;;;;;;;;;;;;;;;;;;;;;;;1;3;;;1;1;0;0;0;0;;0;0;0;1;1;0;0;0;0;0;1;0;0;0;1;0;0;0;0;1;0;0;0;0;0;0;0;1;1;0;0;0;1;1;1;1;1;0;1;1;0;0;0;0;0;0;1;1;1;0;0;0;0;1;0;0;0;1;0;0;1;1;1;0;1;1;0;0;0;0;0;0;1;0;0;0;0;0;0;7;0;7;7;0;0;1;0;1;1;0;0;0;0;1;3;1;6;1;6;1;1;0;0;0;0;0;0;1;0;1;1;0;0;0;0;1;0;0;1;3;0;0;0;0;1;2;0;0;0;0;0;0;1;2;0;0;1;1;0;0;0;0;0;0;0;0;0;0;0;0;0;0;1;0;1;0;1;1;1;1;0;1;0;0;0;0;0;0;0;0;0;;;;;0;;;;;;;0;0;0;1;1;1;0;0;0;0;1;1;0;0;0;1;0;1;0;1;0;0;1;1;0;0;1;1;0;1;0;0;0;0;0;0;0;0;0;1;1;0;240;240;0;240;0;0;0;0;0;0;0;0;0;0;0;0;0;0;0;0;0;0;0;0;0;0;0;0;0;0;0;0;0;0;0;0;0;0;0;0;0;0;0;0;0;0;0;0;21;21;0;126;114;43;75;18;102;1;1;0;220;20;0;0;0;240;0;0;12;0;12;0;0;0;0;238;2;0;0;0;0;15;15;0;15;0;0;0;0;0;0;0;0;0;15;15;0;12;12;0;12;0;0;0;0;0;0;0;0;0;12;12;0;12;0;0;0;0;0;0;0;0;0
2024;Sudeste;3;São Paulo;SP;35;Cubatão;3513504;São Paulo;3501;Santos;350002;Metropolitana de São Paulo;15;Santos;63;Cubatão;351350405;ESTADO DE GOIAS UNIDADE MUNICIPAL DE ENSINO;35055840;3;;1;0;R SERGIPE;270;RUA;VL NOVA;11525100;13;33727678;1;20102;15FEB2024:00:00:00;20DEC2024:00:00:00;1;0;0;0;0;;;;;;;;;;;;;;;;;;;;;;;;;;;;;1;3;;;1;1;0;0;0;0;;0;0;0;1;1;0;0;0;0;0;1;0;0;0;1;0;0;0;0;1;0;0;0;0;0;0;0;1;1;0;0;0;1;1;0;1;0;0;0;1;1;0;0;0;0;0;1;0;1;0;0;0;0;1;0;0;0;0;0;0;1;0;1;0;1;1;0;0;0;1;0;0;0;1;0;0;0;0;0;6;0;6;6;6;0;1;1;0;1;1;0;1;1;1;6;1;6;1;1;1;1;0;0;0;0;0;0;1;0;1;1;0;0;0;0;1;0;0;1;4;0;0;0;0;0;0;0;0;0;0;0;0;1;2;1;2;1;1;0;0;0;0;0;0;0;0;0;0;0;0;0;0;1;1;1;0;1;1;1;1;0;1;0;0;0;0;0;0;0;0;0;;;;;0;;;;;;;0;0;0;0;1;1;0;0;0;1;1;1;0;0;0;0;0;1;0;1;0;0;1;1;0;0;1;1;0;1;0;0;0;0;0;0;0;0;0;1;1;0;202;202;0;202;0;0;0;0;0;0;0;0;0;0;0;0;0;0;0;0;0;0;0;0;0;0;0;0;0;0;0;0;0;0;0;0;0;0;0;0;0;0;0;0;0;0;0;0;20;20;0;107;95;81;48;5;67;0;1;0;187;15;0;0;0;202;0;0;41;0;41;0;0;0;0;201;1;0;0;0;0;13;13;0;13;0;0;0;0;0;0;0;0;0;12;12;0;9;9;0;9;0;0;0;0;0;0;0;0;0;8;8;0;9;0;0;1;0;1;0;0;0;0
2024;Sudeste;3;São Paulo;SP;35;Cubatão;3513504;São Paulo;3501;Santos;350002;Metropolitana de São Paulo;15;Santos;63;Cubatão;351350405;BERNARDO JOSE MARIA LORENA UNIDADE MUNICIPAL DE ENSINO;35055852;3;;1;0;NOSSA SENHORA DA LAPA;785;AVENIDA;VILA NOVA;11520060;13;33617712;1;20102;15FEB2024:00:00:00;20DEC2024:00:00:00;1;0;0;0;0;;;;;;;;;;;;;;;;;;;;;;;;;;;;;1;3;;;1;1;0;0;0;0;;0;0;0;1;1;0;0;0;0;0;1;0;0;0;1;0;0;0;0;1;0;0;0;0;0;0;0;1;1;0;0;0;1;0;0;1;0;1;1;1;0;0;0;0;1;0;1;1;0;0;1;1;1;1;0;0;0;0;0;0;1;1;1;0;1;1;0;0;0;0;1;0;1;1;0;0;0;0;0;27;0;27;0;1;0;1;1;1;1;0;0;1;1;1;3;1;7;1;28;0;0;1;15;1;10;0;0;1;1;1;1;0;1;0;3;1;1;1;1;7;0;0;0;0;0;0;0;0;1;1;0;0;1;4;1;2;1;2;0;0;0;0;1;3;1;2;0;0;0;0;0;0;1;1;0;0;1;1;1;1;0;1;0;0;0;0;0;0;1;0;0;;;;;0;;;;;;;1;0;0;0;1;1;0;0;0;0;0;9;9;9;9;9;9;1;0;1;0;0;1;1;1;0;1;0;0;0;1;1;1;0;0;0;1;1;0;1;1;0;1343;0;0;0;1229;545;27;40;61;216;201;684;204;242;118;120;0;0;0;0;0;0;0;0;0;0;0;0;0;0;0;0;0;0;0;0;0;0;0;114;114;18;96;0;0;0;0;0;74;74;0;677;666;216;565;25;529;4;4;0;0;475;691;102;75;1229;114;0;0;0;0;77;34;43;0;1335;8;0;0;0;0;83;0;0;0;74;30;45;0;0;0;14;14;0;74;74;0;51;0;0;0;46;23;23;0;0;0;5;5;0;42;42;0;46;5;0;0;0;0;0;0;0;0
2024;Sudeste;3;São Paulo;SP;35;Cubatão;3513504;São Paulo;3501;Santos;350002;Metropolitana de São Paulo;15;Santos;63;Cubatão;351350405;MANOEL DA NOBREGA PADRE UNIDADE MUNICIPAL DE ENSINO;35055864;3;;1;0;BEIRA MAR;1392;AVENIDA;JARDIM CASQUEIRO;11530080;13;33641136;1;20102;15FEB2024:00:00:00;20DEC2024:00:00:00;1;0;0;0;0;;;;;;;;;;;;;;;;;;;;;;;;;;;;;1;3;;;1;1;0;0;0;0;;0;0;0;1;1;0;0;0;0;0;1;0;0;0;1;0;0;0;0;1;0;0;0;0;0;0;0;1;1;0;0;0;1;0;1;1;1;1;1;1;1;0;0;1;1;0;0;0;0;0;1;1;0;1;1;1;0;0;0;0;1;1;1;0;1;1;0;0;0;1;1;1;0;1;0;1;0;0;0;19;0;19;19;19;0;1;0;1;1;1;0;0;0;1;1;1;3;1;18;1;1;1;24;0;0;0;0;1;1;1;1;0;1;0;2;1;1;2;1;10;0;0;0;0;0;0;0;0;1;1;0;0;1;4;1;5;1;2;0;0;0;0;1;3;0;0;0;0;0;0;0;0;1;1;0;1;1;1;1;1;0;1;0;1;0;0;0;0;1;0;0;;;;;0;;;;;;;1;1;1;0;1;1;1;0;0;1;1;1;0;0;0;0;0;1;0;1;0;0;1;1;1;0;1;0;0;0;1;1;1;0;0;0;1;1;0;1;1;0;909;0;0;0;800;243;0;0;0;116;127;557;169;164;132;92;0;0;0;0;0;0;0;0;0;0;0;0;0;0;0;0;0;0;0;0;0;0;0;109;109;19;90;0;0;0;0;0;47;47;0;442;467;195;366;25;319;1;3;0;0;201;550;89;69;800;109;0;0;0;0;35;15;20;0;904;5;0;0;0;0;64;0;0;0;59;14;47;0;0;0;10;10;0;61;61;0;40;0;0;0;36;10;26;0;0;0;4;4;0;29;29;0;36;4;0;0;0;0;0;0;0;0
2024;Sudeste;3;São Paulo;SP;35;Cubatão;3513504;São Paulo;3501;Santos;350002;Metropolitana de São Paulo;15;Santos;63;Cubatão;351350405;JOAO RAMALHO UNIDADE MUNICIPAL DE ENSINO;35055876;3;;1;0;NOVE DE ABRIL;4000;AVENIDA;VILA NOVA;11520000;13;33611578;1;20102;15FEB2024:00:00:00;20DEC2024:00:00:00;1;0;0;0;0;;;;;;;;;;;;;;;;;;;;;;;;;;;;;1;3;;;1;1;0;0;0;0;;0;0;0;1;1;0;0;0;0;0;1;0;0;0;1;0;0;0;0;1;0;0;0;0;0;0;0;1;1;0;0;0;1;0;1;1;1;0;1;1;1;0;0;0;0;0;1;0;1;0;1;1;0;1;1;0;0;0;0;0;1;1;1;0;1;1;0;0;0;1;1;1;1;1;0;0;0;0;0;14;0;14;14;0;0;1;0;1;1;0;0;0;0;1;3;1;3;1;12;0;0;0;0;0;0;0;0;1;0;1;1;0;0;0;0;1;0;0;1;9;0;0;0;0;1;1;0;0;0;0;0;0;1;3;1;1;1;1;0;0;0;0;1;2;0;0;0;0;0;0;0;0;1;1;0;0;1;1;1;1;0;1;0;1;0;0;0;0;0;0;0;;;;;0;;;;;;;1;1;0;0;1;1;1;0;0;0;1;1;0;0;0;0;0;1;0;1;0;0;1;1;0;0;1;0;0;0;1;1;1;0;0;0;0;0;0;1;1;0;481;0;0;0;481;262;40;52;61;59;50;219;60;56;58;45;0;0;0;0;0;0;0;0;0;0;0;0;0;0;0;0;0;0;0;0;0;0;0;0;0;0;0;0;0;0;0;0;39;39;0;210;271;55;207;11;206;1;1;0;0;248;217;16;0;481;0;0;0;0;0;38;24;14;0;478;3;0;0;0;0;33;0;0;0;33;15;18;0;0;0;0;0;0;33;33;0;21;0;0;0;21;11;10;0;0;0;0;0;0;20;20;0;21;0;0;0;0;0;0;0;0;0
2024;Sudeste;3;São Paulo;SP;35;Cubatão;3513504;São Paulo;3501;Santos;350002;Metropolitana de São Paulo;15;Santos;63;Cubatão;351350405;JOSE DE ANCHIETA PADRE UNIDADE MUNICIPAL DE ENSINO;35055888;3;;1;0;SALGADO FILHO;130;RUA;JARDIM ANCHIETA;11500270;13;33611058;1;20102;15FEB2024:00:00:00;20DEC2024:00:00:00;1;0;0;0;0;;;;;;;;;;;;;;;;;;;;;;;;;;;;;1;3;;;1;1;0;0;0;0;;0;0;0;1;1;0;0;0;0;0;1;0;0;0;1;0;0;0;0;1;0;0;0;0;0;0;0;1;1;1;0;1;1;0;1;1;1;1;1;1;1;0;0;1;1;0;1;1;0;0;1;1;0;1;1;1;0;1;0;0;1;1;1;0;1;1;0;0;0;0;0;0;0;0;0;0;0;1;0;23;0;23;0;0;0;1;0;1;1;0;0;1;1;1;2;1;4;1;22;0;0;1;15;0;0;0;0;1;1;1;1;0;1;0;0;1;0;0;1;6;1;1;0;0;1;3;0;0;1;1;0;0;1;4;1;1;1;3;1;1;0;0;0;0;1;2;0;0;0;0;0;0;1;1;0;1;1;1;1;1;0;1;0;1;0;0;0;0;0;0;0;;;;;0;;;;;;;0;0;0;0;1;1;1;0;0;0;1;0;0;0;0;0;1;1;0;1;0;0;1;1;1;0;1;0;0;0;1;1;1;0;0;0;1;1;0;1;1;0;908;0;0;0;821;422;68;80;88;93;93;399;102;104;93;100;0;0;0;0;0;0;0;0;0;0;0;0;0;0;0;0;0;0;0;0;0;0;0;87;87;22;65;0;0;0;0;0;47;47;0;468;440;211;327;25;342;1;2;0;0;397;376;66;69;821;87;0;0;0;0;40;23;17;0;894;14;0;0;0;0;63;0;0;0;55;24;33;0;0;0;10;10;0;55;55;0;40;0;0;0;36;19;17;0;0;0;4;4;0;27;27;0;36;4;0;0;0;0;0;0;0;0
2024;Sudeste;3;São Paulo;SP;35;Cubatão;3513504;São Paulo;3501;Santos;350002;Metropolitana de São Paulo;15;Santos;63;Cubatão;351350405;ESTADO DO PARA UNIDADE MUNICIPAL DE ENSINO;35067763;3;;1;0;DOS FERROVIARIOS;SN;;VILA DOS PESCADORES;11531000;13;33619870;1;20102;15FEB2024:00:00:00;20DEC2024:00:00:00;1;0;0;0;0;;;;;;;;;;;;;;;;;;;;;;;;;;;;;1;3;;;1;1;0;0;0;0;;0;0;0;1;1;0;0;0;0;0;1;0;0;0;1;0;0;0;0;1;0;0;0;0;0;0;0;1;1;0;0;0;1;1;1;1;0;0;1;1;1;0;0;0;0;0;1;0;1;0;0;0;0;1;0;0;0;1;0;0;1;1;1;0;1;1;0;0;0;0;0;1;0;0;0;0;0;0;0;5;0;5;4;5;0;1;0;1;1;0;0;0;0;1;3;1;5;0;0;0;0;0;0;0;0;0;0;1;0;1;1;0;0;0;3;1;0;0;1;3;0;0;0;0;1;2;0;0;1;1;0;0;1;2;1;1;1;1;0;0;0;0;1;1;0;0;0;0;0;0;0;0;1;1;1;0;1;1;1;1;0;1;0;1;0;0;0;0;1;0;0;;;;;0;;;;;;;0;1;1;0;1;1;0;0;0;0;1;0;0;0;0;0;1;1;0;1;0;0;1;1;0;0;1;1;1;1;0;0;0;0;0;0;0;0;0;1;1;0;175;175;150;25;0;0;0;0;0;0;0;0;0;0;0;0;0;0;0;0;0;0;0;0;0;0;0;0;0;0;0;0;0;0;0;0;0;0;0;0;0;0;0;0;0;0;0;0;12;12;0;74;101;6;84;12;72;0;1;131;44;0;0;0;0;175;0;0;12;11;1;0;0;0;0;175;0;0;0;0;0;19;19;17;2;0;0;0;0;0;0;0;0;0;11;11;0;8;8;7;1;0;0;0;0;0;0;0;0;0;5;5;0;8;0;0;0;0;0;0;0;0;0
2024;Sudeste;3;São Paulo;SP;35;Cubatão;3513504;São Paulo;3501;Santos;350002;Metropolitana de São Paulo;15;Santos;63;Cubatão;351350405;ESTADO DE SANTA CATARINA UNIDADE MUNICIPAL DE ENSINO;35067775;3;;1;0;CAMINHO SAO LEOPOLDO;101;CAMINHO;VILA ESPERANCA;11540320;13;33721840;1;20102;15FEB2024:00:00:00;20DEC2024:00:00:00;1;0;0;0;0;;;;;;;;;;;;;;;;;;;;;;;;;;;;;1;3;;;1;1;0;0;0;0;;0;0;0;1;0;0;0;1;0;0;1;0;0;0;1;0;0;0;0;1;0;0;0;0;0;0;0;1;1;0;0;0;1;1;0;1;0;0;1;1;1;0;0;0;1;0;0;0;0;0;0;0;0;1;0;0;0;0;0;0;1;1;1;0;1;1;0;0;0;1;0;1;0;1;0;1;0;0;0;7;0;7;0;0;0;1;1;1;1;1;0;0;0;1;2;1;7;0;0;0;0;0;0;0;0;0;0;1;0;0;1;0;0;0;0;1;0;0;1;3;0;0;0;0;1;1;0;0;1;1;0;0;1;2;1;1;0;0;1;3;0;0;1;1;0;0;0;0;0;0;0;0;1;1;1;0;1;0;1;1;0;1;0;1;0;0;0;0;0;0;0;;;;;0;;;;;;;0;0;0;1;1;1;0;0;0;1;0;9;9;9;9;9;9;0;0;1;0;0;1;1;0;0;1;1;1;0;0;0;0;0;0;0;0;0;0;1;1;0;201;201;201;0;0;0;0;0;0;0;0;0;0;0;0;0;0;0;0;0;0;0;0;0;0;0;0;0;0;0;0;0;0;0;0;0;0;0;0;0;0;0;0;0;0;0;0;0;13;13;0;102;99;9;69;7;116;0;0;175;26;0;0;0;0;201;0;0;0;0;0;0;0;0;0;201;0;0;0;0;0;22;22;22;0;0;0;0;0;0;0;0;0;0;16;16;0;11;11;11;0;0;0;0;0;0;0;0;0;0;9;9;0;11;0;0;0;0;0;0;0;0;0
2024;Sudeste;3;São Paulo;SP;35;Cubatão;3513504;São Paulo;3501;Santos;350002;Metropolitana de São Paulo;15;Santos;63;Cubatão;351350405;ESTADO DO AMAPA UNIDADE MUNICIPAL DE ENSINO;35067787;3;;1;0;JOSE DE CASTRO;325;RUA;VILA CARAGUATA;11535010;13;33642831;1;20102;15FEB2024:00:00:00;20DEC2024:00:00:00;1;0;0;0;0;;;;;;;;;;;;;;;;;;;;;;;;;;;;;1;3;;;1;1;0;0;0;0;;0;0;0;1;1;0;0;0;0;0;1;0;0;0;1;0;0;0;0;1;0;0;0;0;0;0;0;1;1;0;0;0;1;0;0;1;0;0;0;1;1;0;0;0;1;0;1;0;1;0;0;0;0;1;0;0;0;0;0;0;1;0;1;0;1;1;0;0;0;0;0;0;1;1;0;0;0;0;0;7;0;7;7;7;0;1;0;1;1;0;0;1;2;1;1;1;9;0;0;0;0;0;0;0;0;0;0;1;0;1;1;0;0;0;0;1;1;4;1;3;0;0;0;0;0;0;0;0;0;0;0;0;1;3;1;1;1;1;0;0;0;0;1;3;0;0;0;0;0;0;0;0;1;1;1;0;1;0;1;1;0;1;0;1;0;0;0;0;1;0;0;;;;;0;;;;;;;1;0;0;0;1;1;0;0;0;1;1;0;0;0;0;0;1;1;0;1;0;0;1;1;0;0;1;1;0;1;1;1;0;0;0;0;0;0;0;1;1;0;155;113;0;113;42;42;42;0;0;0;0;0;0;0;0;0;0;0;0;0;0;0;0;0;0;0;0;0;0;0;0;0;0;0;0;0;0;0;0;0;0;0;0;0;0;0;0;0;8;8;0;80;75;47;65;0;42;1;0;0;101;54;0;0;0;155;0;0;53;0;53;42;42;0;0;153;2;0;0;0;0;16;12;0;12;7;7;0;0;0;0;0;0;0;10;10;0;8;6;0;6;2;2;0;0;0;0;0;0;0;5;5;0;8;0;0;2;0;2;2;2;0;0
2024;Sudeste;3;São Paulo;SP;35;Cubatão;3513504;São Paulo;3501;Santos;350002;Metropolitana de São Paulo;15;Santos;63;Cubatão;351350405;RUI BARBOSA UNIDADE MUNICIPAL DE ENSINO;35067799;3;;1;0;RUA LUIZ PERUZZI NETO VEREADOR;50;;VILA SAO BENEDITO;11535310;13;33641397;1;20102;19FEB2024:00:00:00;20DEC2024:00:00:00;1;0;0;0;0;;;;;;;;;;;;;;;;;;;;;;;;;;;;;1;3;;;1;1;0;0;0;0;;0;0;0;1;1;0;0;0;0;0;1;0;0;0;1;0;0;0;0;1;0;0;0;0;0;0;0;1;1;1;0;0;1;0;1;1;0;1;1;1;1;0;0;0;0;0;1;1;0;0;1;1;0;1;0;0;0;0;0;0;1;1;1;0;1;1;0;0;0;0;0;1;0;1;0;1;0;0;0;14;0;14;14;1;0;1;1;1;1;0;0;0;0;1;1;0;0;1;14;0;0;0;0;1;1;0;0;1;0;1;1;0;0;0;9;1;0;0;1;4;0;0;0;0;1;2;0;0;0;0;0;0;1;4;0;0;1;2;1;2;0;0;1;3;1;2;0;0;0;0;0;0;1;1;0;0;1;1;1;1;0;1;0;0;0;0;0;0;0;0;0;;;;;0;;;;;;;1;1;0;1;1;1;0;0;0;1;1;0;0;0;0;1;0;1;0;1;0;0;1;1;1;0;1;0;0;0;1;1;1;0;0;0;1;1;0;1;1;0;539;0;0;0;487;263;31;49;70;54;59;224;51;56;59;58;0;0;0;0;0;0;0;0;0;0;0;0;0;0;0;0;0;0;0;0;0;0;0;52;52;52;0;0;0;0;0;0;25;25;0;286;253;117;189;15;217;1;0;0;0;244;217;29;49;487;52;0;0;0;0;21;11;10;0;536;3;0;0;0;0;41;0;0;0;39;17;23;0;0;0;6;6;0;35;35;0;27;0;0;0;25;13;12;0;0;0;2;2;0;15;15;0;25;2;0;0;0;0;0;0;0;0
2024;Sudeste;3;São Paulo;SP;35;Cubatão;3513504;São Paulo;3501;Santos;350002;Metropolitana de São Paulo;15;Santos;63;Cubatão;351350405;ESTADO DO TOCANTINS UNIDADE MUNICIPAL DE ENSINO;35068986;3;;1;0;ANANIAS GOMES FERREIRA;SN;RUA;VILA NATAL;11538140;13;33727467;1;20102;15FEB2024:00:00:00;20DEC2024:00:00:00;1;0;0;0;0;;;;;;;;;;;;;;;;;;;;;;;;;;;;;1;3;;;1;1;0;0;0;0;;0;0;0;1;1;0;0;0;0;0;1;0;0;0;1;0;0;0;0;1;0;0;0;0;0;0;0;1;1;0;0;0;1;0;0;1;0;0;0;1;1;0;0;0;1;0;0;0;0;0;0;0;0;1;0;0;0;0;0;0;1;0;1;0;1;0;0;0;0;0;0;1;1;1;0;1;0;0;0;6;0;6;0;0;0;1;0;0;1;0;0;1;1;1;7;1;7;0;0;0;0;0;0;0;0;0;0;1;0;1;1;0;0;0;0;1;1;1;1;3;0;0;0;0;1;2;0;0;0;0;0;0;1;2;0;0;0;0;1;1;0;0;1;1;0;0;0;0;0;0;0;0;1;1;1;0;1;0;1;1;0;1;0;0;0;0;0;0;1;0;0;;;;;0;;;;;;;1;0;0;0;1;1;0;0;0;1;1;1;0;0;0;1;0;1;0;1;0;0;1;1;0;0;1;1;1;1;0;0;0;0;0;0;0;0;0;1;1;0;239;239;22;217;0;0;0;0;0;0;0;0;0;0;0;0;0;0;0;0;0;0;0;0;0;0;0;0;0;0;0;0;0;0;0;0;0;0;0;0;0;0;0;0;0;0;0;0;20;20;0;115;124;0;116;11;112;0;0;16;205;18;0;0;0;239;0;0;20;1;19;0;0;0;0;239;0;0;0;0;0;15;15;2;13;0;0;0;0;0;0;0;0;0;15;15;0;10;10;1;9;0;0;0;0;0;0;0;0;0;10;10;0;10;0;0;0;0;0;0;0;0;0
2024;Sudeste;3;São Paulo;SP;35;Cubatão;3513504;São Paulo;3501;Santos;350002;Metropolitana de São Paulo;15;Santos;63;Cubatão;351350405;PRINCESA ISABEL UNIDADE MUNICIPAL DE ENSINO;35079212;3;;1;0;GETULIO VARGAS;50;PRACA;VILA COUTO;11510290;13;33725767;1;20102;15FEB2024:00:00:00;20DEC2024:00:00:00;1;0;0;0;0;;;;;;;;;;;;;;;;;;;;;;;;;;;;;1;3;;;1;1;0;0;0;0;;0;0;0;1;1;0;0;0;0;0;1;0;0;0;1;0;0;0;0;1;0;0;0;0;0;0;0;1;1;1;0;0;1;0;1;1;0;0;1;1;0;0;0;0;0;0;1;0;0;0;1;1;0;1;1;0;0;0;0;0;1;1;0;0;1;0;0;0;0;0;0;1;0;0;0;0;0;0;0;9;0;9;9;0;0;1;0;1;1;0;0;1;1;1;3;1;5;0;0;0;0;0;0;0;0;0;0;1;0;1;1;0;0;0;3;1;0;0;1;3;0;0;1;3;1;1;0;0;0;0;0;0;1;2;1;1;1;1;1;2;0;0;0;0;0;0;0;0;0;0;0;0;1;1;1;0;1;1;1;1;0;1;0;1;0;0;1;0;1;0;0;;;;;0;;;;;;;0;1;0;0;1;1;0;0;0;1;1;0;0;1;0;1;0;0;1;1;0;0;1;1;0;0;1;0;0;0;1;1;1;0;0;0;0;0;0;1;0;1;13;0;0;0;13;1;0;0;0;1;0;12;2;2;6;2;0;0;0;0;0;0;0;0;0;0;0;0;0;0;0;0;0;0;0;0;0;0;0;0;0;0;0;0;0;0;0;0;13;0;13;1;12;1;6;1;5;0;0;0;0;0;9;4;0;13;0;0;0;0;0;0;0;0;0;13;0;0;0;0;0;8;0;0;0;8;0;8;0;0;0;0;0;0;8;0;8;4;0;0;0;4;0;4;0;0;0;0;0;0;4;0;4;4;0;0;0;0;0;0;0;0;0
2024;Sudeste;3;São Paulo;SP;35;Cubatão;3513504;São Paulo;3501;Santos;350002;Metropolitana de São Paulo;15;Santos;63;Cubatão;351350405;ESTADO DO MATO GROSSO UNIDADE MUNICIPAL DE ENSINO;35087075;3;;1;0;FRANCISCO DE ASSIS SAO;575;RUA;VILA SAO JOSE;11523000;13;33725473;1;20102;15FEB2024:00:00:00;17DEC2024:00:00:00;1;0;0;0;0;;;;;;;;;;;;;;;;;;;;;;;;;;;;;1;3;;;1;1;0;0;0;0;;0;0;0;1;1;0;0;0;0;0;1;0;0;0;1;0;0;0;0;1;0;0;0;0;0;0;0;1;1;0;0;0;1;1;0;1;0;0;0;1;0;0;0;0;1;0;0;0;0;0;0;0;0;1;0;0;0;0;0;0;1;0;1;0;1;1;0;0;0;0;0;0;0;0;0;0;0;1;0;6;0;6;0;0;0;1;0;1;0;1;0;1;1;1;1;1;6;0;0;0;0;0;0;0;0;0;0;1;0;1;1;0;0;0;0;1;1;1;1;3;0;0;0;0;1;1;0;0;0;0;0;0;1;2;1;1;1;1;0;0;0;0;1;1;0;0;0;0;0;0;0;0;1;1;1;0;1;1;1;1;0;1;0;0;0;0;0;0;0;0;0;;;;;0;;;;;;;1;1;0;0;1;1;0;0;0;1;0;9;9;9;9;9;9;1;0;1;0;0;1;1;0;0;1;1;0;1;0;0;0;0;0;0;0;0;0;1;1;0;148;148;0;148;0;0;0;0;0;0;0;0;0;0;0;0;0;0;0;0;0;0;0;0;0;0;0;0;0;0;0;0;0;0;0;0;0;0;0;0;0;0;0;0;0;0;0;0;9;9;0;73;75;29;56;7;56;0;0;0;142;6;0;0;0;148;0;0;84;0;84;0;0;0;0;148;0;0;0;0;0;10;10;0;10;0;0;0;0;0;0;0;0;0;7;7;0;7;7;0;7;0;0;0;0;0;0;0;0;0;5;5;0;7;0;0;4;0;4;0;0;0;0
2024;Sudeste;3;São Paulo;SP;35;Cubatão;3513504;São Paulo;3501;Santos;350002;Metropolitana de São Paulo;15;Santos;63;Cubatão;351350405;DOM PEDRO I UNIDADE MUNICIPAL DE ENSINO;35092101;3;;1;0;FRANCISCO DE ASSIS SAO;SN;RUA;VILA NATAL;11538025;13;33614418;1;20102;15FEB2024:00:00:00;20DEC2024:00:00:00;1;0;0;0;0;;;;;;;;;;;;;;;;;;;;;;;;;;;;;1;3;;;1;1;0;0;0;0;;0;0;0;1;1;0;0;0;0;0;1;0;0;0;1;0;0;0;0;1;0;0;0;0;0;0;1;0;1;0;0;0;1;0;0;1;0;0;1;1;0;0;0;0;0;0;1;0;0;0;1;1;1;1;1;0;0;0;0;0;1;1;1;0;1;1;0;0;0;0;0;0;0;0;0;0;0;1;0;19;0;19;0;0;0;1;0;1;1;0;0;1;1;1;4;1;4;1;17;0;0;0;0;0;0;1;2;1;0;1;1;0;0;0;3;1;1;1;1;5;0;0;0;0;1;3;0;0;0;0;0;0;1;4;1;1;1;3;1;2;0;0;1;3;1;3;0;0;0;0;0;0;1;0;1;0;1;0;1;1;0;1;0;0;0;0;0;0;1;0;0;;;;;0;;;;;;;1;0;0;0;1;1;0;0;0;1;1;1;1;0;0;0;0;1;0;1;0;0;1;1;1;0;1;0;0;0;1;1;0;0;0;0;1;1;0;1;1;0;510;0;0;0;338;338;70;72;74;73;49;0;0;0;0;0;0;0;0;0;0;0;0;0;0;0;0;0;0;0;0;0;0;0;0;0;0;0;0;172;172;35;137;0;0;0;0;0;11;11;0;259;251;127;172;13;197;1;0;0;0;313;25;73;99;338;172;0;0;0;0;338;338;0;0;502;8;0;0;0;0;53;0;0;0;40;40;0;0;0;0;13;13;0;35;35;0;22;0;0;0;14;14;0;0;0;0;8;8;0;10;10;0;14;8;0;0;0;0;14;14;0;0
2024;Sudeste;3;São Paulo;SP;35;Cubatão;3513504;São Paulo;3501;Santos;350002;Metropolitana de São Paulo;15;Santos;63;Cubatão;351350405;ESTADO DE ALAGOAS UNIDADE MUNICIPAL DE ENSINO;35092137;3;;1;0;ALOJAMENTO;SN;RUA;FABRIL;11543100;13;33778877;1;20102;15FEB2024:00:00:00;20DEC2024:00:00:00;1;0;0;0;0;;;;;;;;;;;;;;;;;;;;;;;;;;;;;1;3;;;1;1;0;0;0;0;;1;0;0;1;1;0;0;0;0;0;1;0;0;0;1;0;0;0;0;1;0;0;0;0;0;0;0;1;1;0;0;0;1;0;0;1;0;0;0;1;1;0;0;0;1;0;1;0;1;0;0;0;0;0;0;0;0;0;0;0;1;0;1;0;1;1;0;0;0;0;0;0;0;0;0;0;0;1;0;8;0;8;0;0;0;1;0;1;1;0;0;1;1;0;0;1;1;0;0;1;1;0;0;0;0;0;0;1;0;1;1;0;0;0;2;1;0;0;1;1;0;0;0;0;1;1;0;0;0;0;0;0;1;2;1;1;1;2;0;0;1;2;0;0;1;1;0;0;0;0;0;0;1;0;0;0;0;0;1;0;0;0;0;0;0;0;0;0;0;0;0;;;;;0;;;;;;;1;1;1;0;1;1;0;0;0;0;0;9;9;9;9;9;9;1;0;1;0;0;1;1;0;0;1;1;0;1;1;1;0;0;0;0;0;0;0;1;1;0;157;54;0;54;103;103;27;37;39;0;0;0;0;0;0;0;0;0;0;0;0;0;0;0;0;0;0;0;0;0;0;0;0;0;0;0;0;0;0;0;0;0;0;0;0;0;0;0;14;14;0;77;80;13;57;6;80;1;0;0;51;106;0;0;0;157;0;0;6;0;6;8;8;0;0;157;0;0;0;0;0;11;5;0;5;8;8;0;0;0;0;0;0;0;7;7;0;9;3;0;3;6;6;0;0;0;0;0;0;0;5;5;0;9;0;0;0;0;0;0;0;0;0
2024;Sudeste;3;São Paulo;SP;35;Cubatão;3513504;São Paulo;3501;Santos;350002;Metropolitana de São Paulo;15;Santos;63;Cubatão;351350405;ESTADO DE PERNAMBUCO UNIDADE MUNICIPAL DE ENSINO;35092149;3;;1;0;ESPANHA;258;RUA;JARDIM CASQUEIRO;11533140;13;33641514;1;20102;15FEB2024:00:00:00;20DEC2024:00:00:00;1;0;0;0;0;;;;;;;;;;;;;;;;;;;;;;;;;;;;;1;3;;;1;1;0;0;0;0;;0;0;0;1;1;0;0;0;0;0;1;0;0;0;0;1;0;1;0;1;0;0;0;0;0;0;0;1;1;0;0;0;1;0;0;1;1;0;1;1;1;0;0;0;1;0;0;0;0;0;0;0;0;1;0;0;0;0;0;0;1;1;1;0;1;1;0;0;0;0;0;0;0;0;0;0;0;1;0;7;0;7;0;0;0;1;0;1;1;0;0;1;1;0;0;1;2;0;0;0;0;0;0;0;0;0;0;1;0;1;1;0;0;0;0;1;0;0;1;3;0;0;0;0;1;1;0;0;0;0;0;0;0;0;0;0;1;1;0;0;0;0;0;0;1;1;0;0;0;0;0;0;1;1;1;0;1;1;1;1;0;1;0;1;0;0;0;0;0;0;0;;;;;0;;;;;;;1;0;1;0;1;1;0;0;0;0;0;9;9;9;9;9;9;0;0;1;0;0;1;1;0;0;1;1;0;1;0;0;0;0;0;0;0;0;0;1;1;0;128;128;0;128;0;0;0;0;0;0;0;0;0;0;0;0;0;0;0;0;0;0;0;0;0;0;0;0;0;0;0;0;0;0;0;0;0;0;0;0;0;0;0;0;0;0;0;0;11;11;0;67;61;10;64;1;53;0;0;0;115;13;0;0;0;128;0;0;128;0;128;0;0;0;0;127;1;0;0;0;0;12;12;0;12;0;0;0;0;0;0;0;0;0;12;12;0;6;6;0;6;0;0;0;0;0;0;0;0;0;6;6;0;6;0;0;6;0;6;0;0;0;0
2024;Sudeste;3;São Paulo;SP;35;Cubatão;3513504;São Paulo;3501;Santos;350002;Metropolitana de São Paulo;15;Santos;63;Cubatão;351350405;ESTADO DE MINAS GERAIS UNIDADE MUNICIPAL DE ENSINO;35092162;3;;1;0;SAO JOAO;106;RUA;VILA NOVA;11520160;13;33722958;1;20102;15FEB2024:00:00:00;20DEC2024:00:00:00;1;0;0;0;0;;;;;;;;;;;;;;;;;;;;;;;;;;;;;1;3;;;1;1;0;0;0;0;;0;0;0;1;1;0;0;0;0;0;1;0;0;0;1;0;0;0;0;1;0;0;0;0;0;0;0;1;1;0;0;0;1;0;0;1;0;0;0;1;1;0;0;0;1;0;1;0;1;0;0;0;0;1;0;0;0;0;0;0;1;0;1;0;1;1;0;0;0;1;0;0;0;1;0;0;0;0;0;5;0;5;5;5;0;1;0;1;1;0;0;0;0;1;2;1;5;1;1;0;0;1;2;1;1;0;0;1;1;1;1;0;1;0;3;1;1;3;1;3;0;0;0;0;1;1;0;0;0;0;0;0;1;3;1;1;1;1;0;0;0;0;0;0;1;1;0;0;0;0;0;0;1;0;1;0;1;1;1;1;0;1;0;0;0;0;0;0;1;0;0;;;;;0;;;;;;;1;0;0;0;1;1;0;0;0;1;1;0;0;0;0;1;0;1;0;1;0;0;1;1;0;0;1;1;0;1;0;0;0;0;0;0;0;0;0;1;1;0;150;150;0;150;0;0;0;0;0;0;0;0;0;0;0;0;0;0;0;0;0;0;0;0;0;0;0;0;0;0;0;0;0;0;0;0;0;0;0;0;0;0;0;0;0;0;0;0;19;19;0;76;74;46;55;5;44;0;0;0;132;18;0;0;0;150;0;0;79;0;79;0;0;0;0;150;0;0;0;0;0;18;18;0;18;0;0;0;0;0;0;0;0;0;18;18;0;7;7;0;7;0;0;0;0;0;0;0;0;0;7;7;0;7;0;0;3;0;3;0;0;0;0
2024;Sudeste;3;São Paulo;SP;35;Cubatão;3513504;São Paulo;3501;Santos;350002;Metropolitana de São Paulo;15;Santos;63;Cubatão;351350405;ANTONIO ORTEGA DOMINGUES UNIDADE MUNICIPAL DE ENSINO;35096436;3;;1;0;MARTIM AFONSO;160;RUA;JARDIM CASQUEIRO;11530010;13;33642786;1;20102;15FEB2024:00:00:00;20DEC2024:00:00:00;1;0;0;0;0;;;;;;;;;;;;;;;;;;;;;;;;;;;;;1;3;;;1;1;0;0;0;0;;0;0;0;1;1;0;0;0;0;0;1;0;0;0;1;0;0;0;0;1;0;0;0;0;1;0;0;0;1;0;0;0;1;0;0;1;0;0;1;1;0;0;0;0;0;0;0;0;0;0;0;0;0;1;1;0;0;0;0;0;1;1;1;0;1;1;0;0;0;0;0;0;0;0;0;0;0;1;0;12;0;12;0;0;0;1;1;1;0;1;0;0;0;1;1;1;13;1;12;0;0;0;0;0;0;1;5;1;0;1;1;0;0;0;2;1;1;2;1;4;0;0;0;0;1;3;0;0;0;0;0;0;1;3;1;1;1;1;1;1;0;0;1;2;1;1;0;0;0;0;0;0;1;0;0;0;0;0;1;0;0;1;0;0;1;0;0;0;1;0;0;;;;;0;;;;;;;0;0;1;0;1;1;0;0;0;1;1;0;0;0;0;1;0;1;0;1;0;0;1;1;0;0;1;0;0;0;1;1;0;0;0;0;0;0;0;1;1;0;405;0;0;0;405;405;139;128;138;0;0;0;0;0;0;0;0;0;0;0;0;0;0;0;0;0;0;0;0;0;0;0;0;0;0;0;0;0;0;0;0;0;0;0;0;0;0;0;21;21;0;217;188;94;154;13;144;0;0;0;0;405;0;0;0;405;0;0;0;0;0;20;20;0;0;401;4;0;0;0;0;22;0;0;0;22;22;0;0;0;0;0;0;0;19;19;0;17;0;0;0;17;17;0;0;0;0;0;0;0;13;13;0;17;0;0;0;0;0;0;0;0;0
2024;Sudeste;3;São Paulo;SP;35;Cubatão;3513504;São Paulo;3501;Santos;350002;Metropolitana de São Paulo;15;Santos;63;Cubatão;351350405;MARTIM AFONSO DE SOUZA UNIDADE MUNICIPAL DE ENSINO;35096441;3;;1;;AVENIDA DEPUTADO EMILIO JUSTO;50;AVENIDA;JARDIM NOVA REPUBLICA;11534280;13;33643155;3;20102;;;;;;;;;;;;;;;;;;;;;;;;;;;;;;;;;;;;;;;;;;;;;;;;;;;;;;;;;;;;;;;;;;;;;;;;;;;;;;;;;;;;;;;;;;;;;;;;;;;;;;;;;;;;;;;;;;;;;;;;;;;;;;;;;;;;;;;;;;;;;;;;;;;;;;;;;;;;;;;;;;;;;;;;;;;;;;;;;;;;;;;;;;;;;;;;;;;;;;;;;;;;;;;;;;;;;;;;;;;;;;;;;;;;;;;;;;;;;;;;;;;;;;;;;;;;;;;;;;;;;;;;;;;;;;;;;;;;;;;;;;;;;;;;;;;;;;;;;;;;;;;;;;;;;;;;;;;;;;;;;;;;;;;;;;;;;;;;;;;;;;;;;;;;;;;;;;;;;;;;;;;;;;;;;;;;;;;;;;;;;;;;;;;;;;;;;
2024;Sudeste;3;São Paulo;SP;35;Cubatão;3513504;São Paulo;3501;Santos;350002;Metropolitana de São Paulo;15;Santos;63;Cubatão;351350405;ESTADO DO RIO GRANDE DO SUL UNIDADE MUNICIPAL DE ENSINO;35096453;3;;1;0;MARECHAL COSTA E SILVA;201;AVENIDA;JARDIM COSTA E SILVA;11500500;13;33726064;1;20102;15FEB2024:00:00:00;20DEC2024:00:00:00;1;0;0;0;0;;;;;;;;;;;;;;;;;;;;;;;;;;;;;1;3;;;1;1;0;0;0;0;;0;0;0;1;1;0;0;0;0;0;1;0;0;0;1;0;0;0;0;1;0;0;0;0;0;0;0;1;1;0;0;0;1;1;0;1;0;0;0;1;1;0;0;0;1;0;0;0;0;0;0;0;0;1;0;0;0;0;0;0;1;0;1;0;1;1;0;0;0;0;0;1;0;0;0;0;0;0;0;6;0;6;0;1;0;1;1;1;1;1;0;1;2;1;3;1;5;0;0;0;0;0;0;0;0;0;0;1;0;1;1;0;0;0;0;1;0;0;1;2;0;0;0;0;0;0;0;0;0;0;0;0;1;3;1;1;1;1;0;0;0;0;0;0;0;0;0;0;0;0;0;0;1;0;1;0;1;1;1;0;0;1;0;0;0;0;0;0;0;0;0;;;;;0;;;;;;;1;0;0;0;1;1;0;0;0;0;1;0;0;0;0;1;0;0;0;1;0;0;1;1;0;0;1;1;0;1;0;0;0;0;0;0;0;0;0;1;1;0;122;122;0;122;0;0;0;0;0;0;0;0;0;0;0;0;0;0;0;0;0;0;0;0;0;0;0;0;0;0;0;0;0;0;0;0;0;0;0;0;0;0;0;0;0;0;0;0;2;2;0;66;56;39;45;6;32;0;0;0;109;13;0;0;0;122;0;0;122;0;122;0;0;0;0;122;0;0;0;0;0;10;10;0;10;0;0;0;0;0;0;0;0;0;4;4;0;5;5;0;5;0;0;0;0;0;0;0;0;0;2;2;0;5;0;0;5;0;5;0;0;0;0
2024;Sudeste;3;São Paulo;SP;35;Cubatão;3513504;São Paulo;3501;Santos;350002;Metropolitana de São Paulo;15;Santos;63;Cubatão;351350405;ESTADO DO ESPIRITO SANTO UNIDADE MUNICIPAL DE ENSINO;35121885;3;;1;0;MARTINS FONTES;1191;AVENIDA;VILA NOVA;11525090;13;33751462;1;20102;15FEB2024:00:00:00;20DEC2024:00:00:00;1;0;0;0;0;;;;;;;;;;;;;;;;;;;;;;;;;;;;;1;3;;;1;1;0;0;0;0;;0;0;0;1;1;0;0;0;0;0;1;0;0;0;1;0;0;0;0;1;0;0;0;0;0;0;0;1;1;0;0;0;1;0;1;1;0;0;0;1;1;0;0;0;0;0;1;0;0;0;0;0;0;1;0;0;0;0;0;0;1;0;1;0;1;1;0;0;0;0;0;1;0;1;0;0;0;0;0;6;0;6;5;5;0;1;1;1;1;0;0;0;0;1;3;1;1;1;5;1;1;0;0;1;1;0;0;1;0;1;1;0;0;0;9;1;0;0;1;5;0;0;0;0;1;2;0;0;0;0;0;0;1;2;1;1;1;1;0;0;0;0;1;1;0;0;0;0;0;0;0;0;1;1;0;0;1;0;1;1;0;1;0;1;0;0;0;0;1;0;0;;;;;0;;;;;;;0;0;1;0;1;1;0;0;0;1;1;1;0;0;0;1;0;1;0;1;0;0;1;1;0;0;1;0;0;0;1;1;0;0;0;0;0;0;0;1;1;0;185;0;0;0;185;185;60;52;50;23;0;0;0;0;0;0;0;0;0;0;0;0;0;0;0;0;0;0;0;0;0;0;0;0;0;0;0;0;0;0;0;0;0;0;0;0;0;0;17;17;0;87;98;33;78;12;62;0;0;0;0;183;2;0;0;185;0;0;0;0;0;17;17;0;0;184;1;0;0;0;0;14;0;0;0;14;14;0;0;0;0;0;0;0;13;13;0;10;0;0;0;10;10;0;0;0;0;0;0;0;9;9;0;10;0;0;0;0;0;0;0;0;0
2024;Sudeste;3;São Paulo;SP;35;Cubatão;3513504;São Paulo;3501;Santos;350002;Metropolitana de São Paulo;15;Santos;63;Cubatão;351350405;ANTONIO OLIVIERI FILHO PADRE UNIDADE MUNICIPAL DE ENSINO;35133644;3;;1;0;MARIA DO CARMO;1350;RUA;JARDIM CASQUEIRO;11530040;13;33643595;1;20102;19FEB2024:00:00:00;20DEC2024:00:00:00;1;0;0;0;0;;;;;;;;;;;;;;;;;;;;;;;;;;;;;1;3;;;1;1;0;0;0;0;;0;0;0;1;1;0;0;0;0;0;1;0;0;0;1;0;0;0;0;1;0;0;0;0;0;0;0;1;1;0;0;0;1;0;0;1;0;0;0;1;1;0;0;0;0;0;0;0;0;0;1;0;1;1;0;0;0;0;0;0;1;0;1;0;1;1;0;0;0;1;0;0;1;0;0;0;0;0;0;11;0;11;11;11;0;1;0;1;1;0;0;0;0;1;3;1;1;1;11;0;0;1;1;1;1;0;0;1;0;1;1;0;0;0;0;1;1;1;1;3;0;0;0;0;1;2;0;0;0;0;0;0;1;3;1;2;1;1;0;0;0;0;1;2;0;0;0;0;0;0;0;0;1;1;0;0;1;0;1;1;0;1;0;1;0;0;0;0;1;0;0;;;;;0;;;;;;;0;0;0;0;1;1;0;0;0;0;1;1;0;0;1;1;0;0;0;1;0;0;1;1;0;0;1;0;0;0;1;1;0;0;0;0;0;0;0;1;1;0;281;0;0;0;281;281;51;58;60;58;54;0;0;0;0;0;0;0;0;0;0;0;0;0;0;0;0;0;0;0;0;0;0;0;0;0;0;0;0;0;0;0;0;0;0;0;0;0;8;8;0;143;138;11;105;14;149;2;0;0;0;261;20;0;0;281;0;0;0;0;0;281;281;0;0;278;3;0;0;0;0;29;0;0;0;29;29;0;0;0;0;0;0;0;19;19;0;10;0;0;0;10;10;0;0;0;0;0;0;0;5;5;0;10;0;0;0;0;0;10;10;0;0
2024;Sudeste;3;São Paulo;SP;35;Cubatão;3513504;São Paulo;3501;Santos;350002;Metropolitana de São Paulo;15;Santos;63;Cubatão;351350405;HESSEL HORACIO CHERKASSKY ESCOLA SENAI;35148052;4;1;1;0;BERNARDO PINTO;1;PRACA;VILA PAULISTA;11510300;;;1;16000;15FEB2024:00:00:00;20DEC2024:00:00:00;;;;;0;;;;;;;;;;;;;;;;;;;;0;0;0;0;0;1;0;03774819003624;03774819003624;1;1;;;1;1;0;0;0;0;;0;0;0;1;1;0;0;0;0;0;1;0;0;0;1;0;0;0;0;1;0;0;0;0;1;0;0;0;1;0;0;1;1;0;1;0;1;1;1;0;1;0;0;0;1;1;0;0;0;0;1;0;1;1;0;0;0;0;0;1;1;0;1;0;1;0;0;0;0;1;1;0;0;1;0;0;0;0;0;16;0;16;0;0;0;1;0;1;1;0;0;1;1;1;2;1;5;0;0;0;0;1;175;0;0;0;0;1;1;1;1;0;1;1;3;1;1;6;1;7;1;1;0;0;1;2;0;0;0;0;0;0;0;0;1;1;1;1;0;0;1;1;1;1;1;1;0;0;0;0;0;0;0;1;0;1;0;0;0;0;1;0;0;0;0;0;0;0;0;0;0;;;;;1;0;0;0;0;0;1;1;0;0;0;1;0;0;0;0;0;0;9;9;9;9;9;9;0;0;1;0;1;0;1;1;1;1;0;0;0;0;0;0;0;1;1;0;0;0;1;1;0;199;0;0;0;0;0;0;0;0;0;0;0;0;0;0;0;0;0;0;0;0;0;0;0;0;0;0;0;0;0;0;0;0;0;199;199;37;162;0;0;0;0;0;0;0;0;0;0;4;4;0;34;165;47;90;13;49;0;0;0;0;0;0;34;165;103;27;69;0;0;0;0;0;0;0;197;2;0;0;0;0;8;0;0;0;0;0;0;0;8;8;0;0;0;6;6;0;6;0;0;0;0;0;0;0;6;6;0;0;0;3;3;0;3;1;2;0;0;0;0;0;0;0
2024;Sudeste;3;São Paulo;SP;35;Cubatão;3513504;São Paulo;3501;Santos;350002;Metropolitana de São Paulo;15;Santos;63;Cubatão;351350405;ESCOLA SESI RIBEMONT LOPES DE FARIAS;35154271;4;1;1;0;COMENDADOR FRANCISCO BERNARDO;261;AVENIDA;PARQUE SAO LUIZ;11533360;13;33652100;1;17000;15FEB2024:00:00:00;20DEC2024:00:00:00;;;;;0;;;;;;;;;;;;;;;;;;;;0;0;0;0;0;1;0;99999999999999;99999999999999;1;2;;;1;1;0;0;0;0;;0;0;0;1;1;0;0;0;0;0;1;0;0;0;1;0;0;0;0;1;0;0;0;0;0;0;1;0;1;0;0;0;1;0;0;1;0;1;1;1;1;0;0;0;1;0;1;0;1;0;1;1;0;1;0;0;0;0;0;0;1;0;1;0;1;0;0;0;0;0;0;0;0;0;0;0;0;1;0;19;0;19;19;0;0;1;0;1;1;1;0;0;0;0;0;1;13;0;0;0;0;1;40;1;28;0;0;1;1;1;1;0;1;0;3;1;1;1;1;6;1;1;1;3;1;4;0;0;1;1;1;1;1;8;1;1;1;1;1;2;1;3;1;2;0;0;0;0;0;0;0;0;0;1;0;1;1;1;1;0;0;1;0;1;0;0;0;0;0;0;0;;;;;1;0;0;0;0;0;1;1;0;0;0;0;0;0;0;1;0;1;0;0;0;0;1;0;0;0;1;0;0;1;1;0;0;1;0;0;0;1;1;1;1;0;0;0;0;0;1;1;0;716;0;0;0;556;300;56;58;58;64;64;256;64;64;64;64;160;160;64;64;32;0;0;0;0;0;0;0;0;0;0;0;0;0;0;0;0;0;0;0;0;0;0;0;0;0;0;0;24;24;0;338;378;143;352;17;192;11;1;0;0;283;269;159;5;716;0;0;0;0;0;303;300;3;96;709;7;0;0;0;0;27;0;0;0;26;13;13;12;0;0;0;0;0;26;26;0;23;0;0;0;18;10;8;5;0;0;0;0;0;14;14;0;23;0;0;0;0;0;10;10;0;0
2024;Sudeste;3;São Paulo;SP;35;Cubatão;3513504;São Paulo;3501;Santos;350002;Metropolitana de São Paulo;15;Santos;63;Cubatão;351350405;FORTEC ESCOLA TECNICA;35175024;4;1;1;0;NACOES UNIDAS;956;AVENIDA;VILA NOVA;11525130;13;33617300;1;20102;29JAN2024:00:00:00;18DEC2024:00:00:00;;;;;0;;;;;;;;;;;;;;;;;;;;1;0;0;0;0;0;0;33040959000100;33040959000100;1;2;;;1;1;0;0;0;0;;0;0;0;1;1;0;0;0;0;0;1;0;0;0;1;0;0;0;0;1;0;0;0;0;0;0;0;1;0;1;0;1;1;1;1;1;1;1;1;1;1;0;0;1;1;1;1;1;1;1;1;0;1;1;0;0;0;1;0;0;1;0;1;0;1;0;0;0;0;1;1;0;1;1;0;1;0;0;0;25;0;25;25;20;0;1;1;1;1;0;0;1;1;1;3;1;25;0;0;1;3;1;38;1;10;1;3;1;1;1;1;1;1;1;3;1;1;10;1;6;1;1;0;0;1;3;0;0;1;1;1;1;1;2;1;3;1;1;1;2;1;4;1;1;0;0;0;0;0;0;0;0;0;1;1;1;1;1;1;1;1;1;0;1;0;0;0;0;1;0;0;;;;;0;;;;;;;1;0;0;0;0;0;0;0;1;1;1;1;1;0;1;1;0;0;0;1;0;0;1;1;1;0;1;1;1;1;1;1;1;1;1;1;0;0;0;1;1;0;790;250;172;78;369;231;51;54;45;41;40;138;41;41;34;22;126;126;51;38;37;0;0;0;0;0;0;0;0;0;0;0;0;0;45;45;0;45;0;0;0;0;0;0;0;0;0;0;19;19;0;382;408;289;293;19;182;5;2;161;85;236;136;121;51;745;45;0;63;63;0;1;0;1;0;788;2;0;0;0;0;45;15;10;6;24;14;13;11;5;5;0;0;0;21;21;0;43;15;10;5;19;12;7;5;4;4;0;0;0;11;11;0;39;4;0;3;3;0;0;0;0;0
2024;Sudeste;3;São Paulo;SP;35;Cubatão;3513504;São Paulo;3501;Santos;350002;Metropolitana de São Paulo;15;Santos;63;Cubatão;351350405;ATENEU CUBATAO ESCOLA;35186235;4;;1;;RUA PIAUI;141;;VILA SANTA ROSA;11520080;;;2;20102;;;;;;;;;;;;;;;;;;;;;;;;;;;;;;;;;;;;;;;;;;;;;;;;;;;;;;;;;;;;;;;;;;;;;;;;;;;;;;;;;;;;;;;;;;;;;;;;;;;;;;;;;;;;;;;;;;;;;;;;;;;;;;;;;;;;;;;;;;;;;;;;;;;;;;;;;;;;;;;;;;;;;;;;;;;;;;;;;;;;;;;;;;;;;;;;;;;;;;;;;;;;;;;;;;;;;;;;;;;;;;;;;;;;;;;;;;;;;;;;;;;;;;;;;;;;;;;;;;;;;;;;;;;;;;;;;;;;;;;;;;;;;;;;;;;;;;;;;;;;;;;;;;;;;;;;;;;;;;;;;;;;;;;;;;;;;;;;;;;;;;;;;;;;;;;;;;;;;;;;;;;;;;;;;;;;;;;;;;;;;;;;;;;;;;;;;
2024;Sudeste;3;São Paulo;SP;35;Cubatão;3513504;São Paulo;3501;Santos;350002;Metropolitana de São Paulo;15;Santos;63;Cubatão;351350405;CUBATAO ATENEU;35189522;4;1;1;0;PIAUI;141;RUA;VILA SANTA ROSA;11520080;13;33718767;1;20102;15FEB2024:00:00:00;20DEC2024:00:00:00;;;;;0;;;;;;;;;;;;;;;;;;;;1;0;0;0;0;0;0;99999999999999;99999999999999;1;2;;;1;2;0;0;0;0;;0;0;0;1;1;0;0;0;0;0;1;0;0;0;1;0;0;0;0;1;0;0;0;0;0;0;0;1;1;0;0;0;1;1;0;1;0;1;1;1;1;0;0;0;1;0;1;0;1;1;1;0;1;1;0;0;0;0;0;0;1;0;0;0;1;0;0;0;0;0;0;0;0;0;0;0;0;1;0;10;0;10;0;0;0;1;0;0;1;1;0;0;0;1;1;1;1;1;1;1;1;0;0;0;0;0;0;1;0;1;1;0;0;0;2;1;1;1;1;1;0;0;0;0;1;1;0;0;1;1;0;0;1;1;1;1;1;1;1;1;0;0;1;1;0;0;0;0;0;0;0;0;0;1;1;1;1;0;1;1;0;1;0;0;0;0;0;0;0;0;0;;;;;0;;;;;;;0;0;0;0;1;0;0;0;0;1;0;9;9;9;9;9;9;0;0;1;0;0;1;1;0;0;1;1;1;1;1;1;1;0;0;0;0;0;0;1;1;0;150;84;75;9;66;36;9;7;9;4;7;30;3;6;11;10;0;0;0;0;0;0;0;0;0;0;0;0;0;0;0;0;0;0;0;0;0;0;0;0;0;0;0;0;0;0;0;0;1;1;0;81;69;38;76;0;35;0;1;72;12;36;29;1;0;150;0;0;0;0;0;0;0;0;0;149;1;0;0;0;0;12;4;4;1;9;5;6;0;0;0;0;0;0;3;3;0;16;7;6;1;9;5;4;0;0;0;0;0;0;1;1;0;16;0;0;0;0;0;0;0;0;0
2024;Sudeste;3;São Paulo;SP;35;Cubatão;3513504;São Paulo;3501;Santos;350002;Metropolitana de São Paulo;15;Santos;63;Cubatão;351350405;PEQUENO POLEGAR NUCLEO DE RECREACAO E EDUCACAO INFANTIL;35189534;4;;1;;LAPA NOSSA SENHORA;416;AVENIDA;VILA NOVA;11525000;13;33613544;2;20102;;;;;;;;;;;;;;;;;;;;;;;;;;;;;;;;;;;;;;;;;;;;;;;;;;;;;;;;;;;;;;;;;;;;;;;;;;;;;;;;;;;;;;;;;;;;;;;;;;;;;;;;;;;;;;;;;;;;;;;;;;;;;;;;;;;;;;;;;;;;;;;;;;;;;;;;;;;;;;;;;;;;;;;;;;;;;;;;;;;;;;;;;;;;;;;;;;;;;;;;;;;;;;;;;;;;;;;;;;;;;;;;;;;;;;;;;;;;;;;;;;;;;;;;;;;;;;;;;;;;;;;;;;;;;;;;;;;;;;;;;;;;;;;;;;;;;;;;;;;;;;;;;;;;;;;;;;;;;;;;;;;;;;;;;;;;;;;;;;;;;;;;;;;;;;;;;;;;;;;;;;;;;;;;;;;;;;;;;;;;;;;;;;;;;;;;;
2024;Sudeste;3;São Paulo;SP;35;Cubatão;3513504;São Paulo;3501;Santos;350002;Metropolitana de São Paulo;15;Santos;63;Cubatão;351350405;PINGO DE GENTE RECANTO INFANTIL;35189558;4;;1;;LAPA NOSSA SENHORA;451;AVENIDA;VILA NOVA;11520060;13;33729354;3;20102;;;;;;;;;;;;;;;;;;;;;;;;;;;;;;;;;;;;;;;;;;;;;;;;;;;;;;;;;;;;;;;;;;;;;;;;;;;;;;;;;;;;;;;;;;;;;;;;;;;;;;;;;;;;;;;;;;;;;;;;;;;;;;;;;;;;;;;;;;;;;;;;;;;;;;;;;;;;;;;;;;;;;;;;;;;;;;;;;;;;;;;;;;;;;;;;;;;;;;;;;;;;;;;;;;;;;;;;;;;;;;;;;;;;;;;;;;;;;;;;;;;;;;;;;;;;;;;;;;;;;;;;;;;;;;;;;;;;;;;;;;;;;;;;;;;;;;;;;;;;;;;;;;;;;;;;;;;;;;;;;;;;;;;;;;;;;;;;;;;;;;;;;;;;;;;;;;;;;;;;;;;;;;;;;;;;;;;;;;;;;;;;;;;;;;;;;
2024;Sudeste;3;São Paulo;SP;35;Cubatão;3513504;São Paulo;3501;Santos;350002;Metropolitana de São Paulo;15;Santos;63;Cubatão;351350405;APAE DE CUBATAO;35190809;4;;1;;RUA MARECHAL DEODORO;;;VILA ELIZABETH;11550010;13;33615521;2;20102;;;;;;;;;;;;;;;;;;;;;;;;;;;;;;;;;;;;;;;;;;;;;;;;;;;;;;;;;;;;;;;;;;;;;;;;;;;;;;;;;;;;;;;;;;;;;;;;;;;;;;;;;;;;;;;;;;;;;;;;;;;;;;;;;;;;;;;;;;;;;;;;;;;;;;;;;;;;;;;;;;;;;;;;;;;;;;;;;;;;;;;;;;;;;;;;;;;;;;;;;;;;;;;;;;;;;;;;;;;;;;;;;;;;;;;;;;;;;;;;;;;;;;;;;;;;;;;;;;;;;;;;;;;;;;;;;;;;;;;;;;;;;;;;;;;;;;;;;;;;;;;;;;;;;;;;;;;;;;;;;;;;;;;;;;;;;;;;;;;;;;;;;;;;;;;;;;;;;;;;;;;;;;;;;;;;;;;;;;;;;;;;;;;;;;;;;
2024;Sudeste;3;São Paulo;SP;35;Cubatão;3513504;São Paulo;3501;Santos;350002;Metropolitana de São Paulo;15;Santos;63;Cubatão;351350405;LUIZ PIERUZZI NETTO PROF DR UNIDADE MUNICIPAL DE ENSINO;35193902;3;;1;0;MARTINS FONTES;1241;AVENIDA;VILA NOVA;11525090;13;33725222;1;20102;15FEB2024:00:00:00;20DEC2024:00:00:00;1;0;0;0;0;;;;;;;;;;;;;;;;;;;;;;;;;;;;;1;3;;;1;1;0;0;0;0;;0;0;0;1;1;0;0;0;0;0;1;0;0;0;1;0;0;0;0;1;0;0;0;0;0;0;0;1;1;0;0;1;1;0;0;1;1;0;1;1;1;0;0;0;1;0;1;0;0;0;1;0;1;1;0;0;0;0;0;0;1;1;1;0;1;1;0;0;0;0;0;0;0;0;0;0;0;1;0;26;0;26;0;0;0;1;0;1;1;0;0;1;1;1;3;1;6;1;12;0;0;1;20;0;0;0;0;1;1;1;1;0;1;0;3;1;1;4;1;10;0;0;0;0;1;1;0;0;0;0;0;0;1;3;1;1;1;3;1;4;0;0;1;2;1;1;0;0;0;0;0;0;1;1;0;1;1;1;1;1;0;1;0;0;0;0;0;0;1;0;0;;;;;0;;;;;;;1;1;1;1;1;1;1;0;0;0;1;1;0;0;1;1;0;1;0;1;0;0;1;1;0;0;1;0;0;0;1;1;1;0;0;0;0;0;0;1;1;0;664;0;0;0;664;193;0;0;0;59;134;471;141;63;128;139;0;0;0;0;0;0;0;0;0;0;0;0;0;0;0;0;0;0;0;0;0;0;0;0;0;0;0;0;0;0;0;0;41;41;0;331;333;48;308;18;289;1;0;0;0;132;477;54;1;664;0;0;0;0;0;39;12;27;0;660;4;0;0;0;0;50;0;0;0;50;11;41;0;0;0;0;0;0;48;48;0;25;0;0;0;25;7;18;0;0;0;0;0;0;22;22;0;25;0;0;0;0;0;0;0;0;0
2024;Sudeste;3;São Paulo;SP;35;Cubatão;3513504;São Paulo;3501;Santos;350002;Metropolitana de São Paulo;15;Santos;63;Cubatão;351350405;YOUNG S SCHOOL;35195686;4;;1;;AVENIDA HENRY BORDEN;;;VILA SANTA ROSA;11515000;13;33616294;2;20102;;;;;;;;;;;;;;;;;;;;;;;;;;;;;;;;;;;;;;;;;;;;;;;;;;;;;;;;;;;;;;;;;;;;;;;;;;;;;;;;;;;;;;;;;;;;;;;;;;;;;;;;;;;;;;;;;;;;;;;;;;;;;;;;;;;;;;;;;;;;;;;;;;;;;;;;;;;;;;;;;;;;;;;;;;;;;;;;;;;;;;;;;;;;;;;;;;;;;;;;;;;;;;;;;;;;;;;;;;;;;;;;;;;;;;;;;;;;;;;;;;;;;;;;;;;;;;;;;;;;;;;;;;;;;;;;;;;;;;;;;;;;;;;;;;;;;;;;;;;;;;;;;;;;;;;;;;;;;;;;;;;;;;;;;;;;;;;;;;;;;;;;;;;;;;;;;;;;;;;;;;;;;;;;;;;;;;;;;;;;;;;;;;;;;;;;;
2024;Sudeste;3;São Paulo;SP;35;Cubatão;3513504;São Paulo;3501;Santos;350002;Metropolitana de São Paulo;15;Santos;63;Cubatão;351350405;ESTADO DO ACRE UNIDADE MUNICIPAL DE ENSINO;35197359;3;;1;0;DEZESSETE;50;;COTA 200;11548170;13;33724100;1;20102;15FEB2024:00:00:00;20DEC2024:00:00:00;1;0;0;0;0;;;;;;;;;;;;;;;;;;;;;;;;;;;;;1;3;;;1;1;0;0;0;0;;0;0;0;1;0;0;0;1;0;0;1;0;0;0;0;1;0;1;0;1;0;0;0;0;0;0;0;1;1;0;0;0;1;0;0;1;0;0;0;1;0;0;0;0;0;0;1;0;0;0;0;0;0;1;0;0;0;0;0;0;1;0;1;0;1;1;0;0;0;0;0;0;0;0;0;0;0;1;0;4;0;4;0;0;0;1;0;1;0;0;0;0;0;1;2;1;2;0;0;0;0;0;0;0;0;0;0;1;0;1;1;0;0;0;0;1;0;0;1;3;0;0;0;0;1;1;0;0;0;0;0;0;1;2;1;1;0;0;0;0;0;0;0;0;0;0;0;0;0;0;0;0;1;0;1;0;1;0;1;0;0;1;0;0;0;0;0;0;0;0;0;;;;;0;;;;;;;0;0;0;0;1;1;0;0;0;0;1;0;0;0;0;1;0;1;0;1;0;0;1;1;0;0;1;1;1;1;0;0;0;0;0;0;0;0;0;1;1;0;73;73;36;37;0;0;0;0;0;0;0;0;0;0;0;0;0;0;0;0;0;0;0;0;0;0;0;0;0;0;0;0;0;0;0;0;0;0;0;0;0;0;0;0;0;0;0;0;7;7;0;38;35;1;32;6;34;0;0;34;34;5;0;0;0;73;0;0;7;3;4;0;0;0;0;73;0;0;0;0;0;10;10;3;8;0;0;0;0;0;0;0;0;0;10;10;0;4;4;1;3;0;0;0;0;0;0;0;0;0;4;4;0;4;0;0;0;0;0;0;0;0;0
2024;Sudeste;3;São Paulo;SP;35;Cubatão;3513504;São Paulo;3501;Santos;350002;Metropolitana de São Paulo;15;Santos;63;Cubatão;351350405;ESTADO DO MARANHAO UNIDADE MUNICIPAL DE ENSINO;35197361;3;;1;0;JULIO AMARO RIBEIRO;45;RUA;VILA NATAL;11538105;13;33616842;1;20102;15FEB2024:00:00:00;20DEC2024:00:00:00;1;0;0;0;0;;;;;;;;;;;;;;;;;;;;;;;;;;;;;1;3;;;1;1;0;0;0;0;;0;0;0;1;1;0;0;0;0;0;1;0;0;0;1;0;0;0;0;1;0;0;0;0;1;0;1;0;1;0;0;0;1;0;0;1;0;0;1;1;1;0;0;0;0;0;0;0;1;0;0;0;0;1;0;0;0;1;0;0;1;1;1;0;1;0;0;0;0;1;0;1;1;1;0;1;0;0;0;4;0;4;4;4;0;1;0;1;1;0;0;0;0;1;5;1;88888;1;1;0;0;0;0;0;0;0;0;1;0;1;1;0;0;0;3;1;1;2;1;3;0;0;0;0;1;1;0;0;1;1;0;0;1;2;1;1;1;1;0;0;0;0;1;1;1;1;0;0;0;0;0;0;1;0;1;0;1;1;1;1;0;1;0;0;0;0;0;0;1;0;0;;;;;0;;;;;;;1;1;0;0;1;1;0;0;0;0;1;0;0;1;0;0;0;0;0;1;0;0;1;1;0;0;1;1;0;1;0;0;0;0;0;0;0;0;0;1;1;0;84;84;0;84;0;0;0;0;0;0;0;0;0;0;0;0;0;0;0;0;0;0;0;0;0;0;0;0;0;0;0;0;0;0;0;0;0;0;0;0;0;0;0;0;0;0;0;0;1;1;0;53;31;43;19;4;18;0;0;0;74;10;0;0;0;84;0;0;84;0;84;0;0;0;0;83;1;0;0;0;0;13;13;0;13;0;0;0;0;0;0;0;0;0;5;5;0;4;4;0;4;0;0;0;0;0;0;0;0;0;1;1;0;4;0;0;4;0;4;0;0;0;0
2024;Sudeste;3;São Paulo;SP;35;Cubatão;3513504;São Paulo;3501;Santos;350002;Metropolitana de São Paulo;15;Santos;63;Cubatão;351350405;ARACY ESTEVES SOARES CAMPOS UNIDADE MUNICIPAL DE ENSINO;35198985;3;;1;0;ANANIAS GOMES FERREIRA;1;RUA;VILA NATAL;11538140;13;33613395;1;20102;15FEB2024:00:00:00;20DEC2024:00:00:00;1;0;0;0;0;;;;;;;;;;;;;;;;;;;;;;;;;;;;;1;3;;;1;1;0;0;0;0;;0;0;0;1;1;0;0;0;0;0;1;0;0;0;1;0;0;0;0;1;0;0;0;0;0;0;0;1;0;0;0;0;1;1;1;1;0;0;0;1;1;0;0;0;0;0;0;0;0;0;0;0;0;1;0;0;0;0;0;0;1;0;0;0;1;1;0;0;0;0;0;0;0;0;0;0;0;1;0;5;0;5;0;0;0;1;0;0;1;0;0;1;1;1;2;1;4;0;0;0;0;0;0;0;0;0;0;1;0;1;0;0;0;0;0;1;1;1;0;0;0;0;0;0;0;0;0;0;0;0;0;0;1;3;0;0;0;0;0;0;0;0;0;0;0;0;0;0;0;0;0;0;1;1;1;0;1;0;1;1;0;0;0;0;0;0;0;0;1;0;0;;;;;0;;;;;;;1;0;0;0;0;1;0;0;0;1;1;0;0;0;0;1;0;1;0;1;0;0;1;1;0;0;1;1;1;0;0;0;0;0;0;0;0;0;0;1;1;0;134;134;134;0;0;0;0;0;0;0;0;0;0;0;0;0;0;0;0;0;0;0;0;0;0;0;0;0;0;0;0;0;0;0;0;0;0;0;0;0;0;0;0;0;0;0;0;0;4;4;0;68;66;110;11;2;11;0;0;120;14;0;0;0;0;134;0;0;39;39;0;0;0;0;0;132;2;0;0;0;0;20;20;20;0;0;0;0;0;0;0;0;0;0;9;9;0;11;11;11;0;0;0;0;0;0;0;0;0;0;4;4;0;11;0;0;3;3;0;0;0;0;0
2024;Sudeste;3;São Paulo;SP;35;Cubatão;3513504;São Paulo;3501;Santos;350002;Metropolitana de São Paulo;15;Santos;63;Cubatão;351350405;MARIO DE OLIVEIRA MOREIRA UNIDADE MUNICIPAL DE ENSINO;35198997;3;;1;0;PAULO ENOS PONTES VEREADOR;177;RUA;VALE VERDE;11542050;13;33728920;1;20102;15FEB2024:00:00:00;20DEC2024:00:00:00;1;0;0;0;0;;;;;;;;;;;;;;;;;;;;;;;;;;;;;1;3;;;1;1;0;0;0;0;;0;0;0;1;0;0;0;1;0;0;1;0;0;0;0;1;0;1;0;1;0;0;0;0;0;0;0;1;1;0;0;0;1;0;1;1;1;0;0;1;1;0;0;0;1;0;1;0;0;0;1;0;1;1;0;0;0;0;0;0;1;0;1;0;1;1;0;0;0;0;0;0;0;0;0;0;0;1;0;11;0;11;0;0;0;1;1;1;1;0;0;1;1;1;1;1;1;0;0;1;1;1;1;0;0;1;15;1;0;1;1;0;0;0;0;1;0;0;1;4;0;0;0;0;1;1;0;0;1;1;0;0;1;3;0;0;1;2;1;2;0;0;1;1;1;1;0;0;0;0;0;0;1;1;1;0;1;1;1;0;0;1;0;0;0;0;0;0;0;0;0;;;;;0;;;;;;;1;1;1;0;1;1;1;0;0;0;1;0;0;0;0;0;1;1;1;1;0;0;1;1;0;0;1;0;0;0;1;1;1;0;0;0;0;0;0;1;1;0;296;0;0;0;296;167;27;35;39;38;28;129;36;29;37;27;0;0;0;0;0;0;0;0;0;0;0;0;0;0;0;0;0;0;0;0;0;0;0;0;0;0;0;0;0;0;0;0;43;43;0;123;173;170;87;2;37;0;0;0;0;161;125;10;0;296;0;0;0;0;0;60;57;3;0;291;5;0;0;0;0;27;0;0;0;27;14;14;0;0;0;0;0;0;26;26;0;17;0;0;0;17;10;7;0;0;0;0;0;0;15;15;0;17;0;0;0;0;0;0;0;0;0
2024;Sudeste;3;São Paulo;SP;35;Cubatão;3513504;São Paulo;3501;Santos;350002;Metropolitana de São Paulo;15;Santos;63;Cubatão;351350405;LUIZ GUSTAVO DE LIMA UNIDADE MUNICIPAL DE ENSINO;35199000;3;;1;0;FLORES;71;RUA;VILA NATAL;11538080;13;33615802;1;20102;15FEB2024:00:00:00;20DEC2024:00:00:00;1;0;0;0;0;;;;;;;;;;;;;;;;;;;;;;;;;;;;;1;3;;;1;1;0;0;0;0;;0;0;0;1;1;0;0;0;0;0;1;0;0;0;1;0;0;0;0;1;0;0;0;0;0;0;0;1;1;0;0;0;1;0;0;1;1;0;0;1;0;0;0;0;0;0;0;0;0;0;0;0;0;0;1;0;0;0;0;0;1;0;1;0;1;1;0;0;0;0;0;0;0;0;0;0;0;1;0;12;0;12;0;0;0;1;1;1;1;0;0;0;0;1;2;1;1;1;10;0;0;0;0;0;0;0;0;1;0;1;1;0;0;0;0;1;1;2;1;6;0;0;0;0;0;0;0;0;0;0;0;0;1;2;1;1;1;2;0;0;0;0;1;2;0;0;0;0;0;0;0;0;1;1;0;0;1;0;1;1;0;1;0;1;0;0;0;0;1;0;0;;;;;0;;;;;;;1;1;1;0;1;1;0;0;0;0;1;1;0;0;1;1;0;1;0;1;0;0;1;1;0;0;1;0;0;0;1;1;0;0;0;0;0;0;0;1;1;0;487;0;0;0;487;487;76;70;103;132;106;0;0;0;0;0;0;0;0;0;0;0;0;0;0;0;0;0;0;0;0;0;0;0;0;0;0;0;0;0;0;0;0;0;0;0;0;0;33;33;0;252;235;105;179;10;192;1;0;0;0;448;39;0;0;487;0;0;0;0;0;34;34;0;0;484;3;0;0;0;0;26;0;0;0;26;26;0;0;0;0;0;0;0;26;26;0;20;0;0;0;20;20;0;0;0;0;0;0;0;20;20;0;20;0;0;0;0;0;0;0;0;0
2024;Sudeste;3;São Paulo;SP;35;Cubatão;3513504;São Paulo;3501;Santos;350002;Metropolitana de São Paulo;15;Santos;63;Cubatão;351350405;ELZA SILVA DOS SANTOS UNIDADE MUNICIPAL DE ENSINO;35209545;3;;1;0;CAMINHO SAO LEOPOLDO;101;CAMINHO;VILA ESPERANCA;11540320;13;33617764;1;20102;15FEB2024:00:00:00;17DEC2024:00:00:00;1;0;0;0;0;;;;;;;;;;;;;;;;;;;;;;;;;;;;;1;3;;;1;1;0;0;0;0;;0;0;0;1;1;0;0;0;0;0;1;0;0;0;1;0;0;0;0;1;0;0;0;0;0;0;0;1;0;0;0;0;1;0;1;1;0;0;1;1;1;0;0;0;0;0;1;0;0;0;1;1;0;1;0;0;0;0;0;0;1;1;1;0;1;1;0;0;0;0;0;0;0;1;0;1;0;0;0;15;0;15;14;14;0;1;0;0;1;0;0;0;0;1;1;1;6;1;8;1;1;0;0;0;0;1;1;1;0;1;1;0;0;0;3;1;0;0;1;4;0;0;0;0;1;2;0;0;1;1;0;0;1;4;1;1;1;2;0;0;0;0;1;1;0;0;0;0;0;0;0;0;1;1;1;0;1;0;1;1;0;1;0;0;0;0;0;0;0;0;0;;;;;0;;;;;;;1;0;0;0;1;1;0;0;0;1;0;9;9;9;9;9;9;1;0;1;0;0;1;1;0;0;1;1;0;1;1;1;0;0;0;0;0;0;0;1;1;0;561;213;0;213;348;348;115;122;111;0;0;0;0;0;0;0;0;0;0;0;0;0;0;0;0;0;0;0;0;0;0;0;0;0;0;0;0;0;0;0;0;0;0;0;0;0;0;0;42;42;0;264;297;26;194;23;318;0;0;0;197;364;0;0;0;561;0;0;9;0;9;20;20;0;0;558;3;0;0;0;0;29;13;0;13;23;23;0;0;0;0;0;0;0;27;27;0;26;10;0;10;16;16;0;0;0;0;0;0;0;23;23;0;26;0;0;0;0;0;0;0;0;0
2024;Sudeste;3;São Paulo;SP;35;Cubatão;3513504;São Paulo;3501;Santos;350002;Metropolitana de São Paulo;15;Santos;63;Cubatão;351350405;MARTA MAGALI DA SILVA MADEIRA PROFA UME;35235027;3;;1;0;FUED FARAH;SN;RUA;ILHA CARAGUATA;11535030;13;33641220;1;20102;15FEB2024:00:00:00;20DEC2024:00:00:00;1;0;0;0;0;;;;;;;;;;;;;;;;;;;;;;;;;;;;;1;3;;;1;1;0;0;0;0;;0;0;0;1;1;0;0;0;0;0;1;0;0;0;1;0;0;0;0;1;0;0;0;0;0;0;0;1;0;0;0;0;1;1;1;1;1;0;0;1;1;0;0;0;0;0;0;0;1;0;0;0;0;1;0;0;0;0;0;0;1;0;1;0;1;1;0;0;0;1;0;1;0;0;0;1;0;0;0;6;0;6;1;1;0;1;0;1;0;0;0;0;0;0;0;1;5;0;0;0;0;0;0;0;0;0;0;1;1;1;1;0;9;9;3;1;0;0;1;2;0;0;0;0;0;0;0;0;1;1;0;0;1;2;1;1;1;1;1;1;0;0;1;2;0;0;0;0;0;0;0;0;1;1;1;0;1;1;1;1;0;0;0;1;0;0;0;0;0;0;0;;;;;0;;;;;;;0;0;0;0;1;1;0;0;0;0;0;9;9;9;9;9;9;0;0;1;0;0;1;1;0;0;1;1;1;0;0;0;0;0;0;0;0;0;0;1;1;0;142;142;142;0;0;0;0;0;0;0;0;0;0;0;0;0;0;0;0;0;0;0;0;0;0;0;0;0;0;0;0;0;0;0;0;0;0;0;0;0;0;0;0;0;0;0;0;0;1;1;0;66;76;123;12;0;7;0;0;133;9;0;0;0;0;142;0;0;32;32;0;0;0;0;0;142;0;0;0;0;0;24;24;24;0;0;0;0;0;0;0;0;0;0;5;5;0;11;11;11;0;0;0;0;0;0;0;0;0;0;1;1;0;11;0;0;3;3;0;0;0;0;0
2024;Sudeste;3;São Paulo;SP;35;Cubatão;3513504;São Paulo;3501;Santos;350002;Metropolitana de São Paulo;15;Santos;63;Cubatão;351350405;JARDIM CASQUEIRO UNIDADE MUNICIPAL DE ENSINO;35235039;3;;1;0;INDEPENDENCIA;552;PRACA;JARDIM CASQUEIRO;11533260;13;33644779;1;20102;15FEB2024:00:00:00;20DEC2024:00:00:00;1;0;0;0;0;;;;;;;;;;;;;;;;;;;;;;;;;;;;;1;3;;;1;1;0;0;0;0;;0;0;0;1;1;0;0;0;0;0;1;0;0;0;1;0;0;0;0;1;0;0;0;0;0;0;0;1;1;0;0;0;1;1;1;0;0;0;0;1;0;0;0;0;0;0;1;0;1;0;0;0;0;0;0;0;0;0;0;0;1;0;1;0;1;0;0;0;0;1;0;1;1;1;0;1;1;0;0;4;0;4;0;0;0;1;0;1;0;1;0;1;1;1;1;1;88888;1;1;0;0;0;0;0;0;1;3;0;0;0;0;0;0;0;0;;0;0;1;3;0;0;0;0;1;2;0;0;0;0;0;0;1;2;1;1;1;1;1;2;0;0;1;1;0;0;0;0;0;0;0;0;1;1;1;0;1;0;1;1;0;0;0;0;0;0;0;0;1;0;0;;;;;0;;;;;;;0;0;1;0;1;1;0;0;0;1;1;1;0;1;1;1;0;0;0;1;0;0;1;1;0;0;1;1;0;1;0;0;0;0;0;0;0;0;0;1;1;0;144;144;0;144;0;0;0;0;0;0;0;0;0;0;0;0;0;0;0;0;0;0;0;0;0;0;0;0;0;0;0;0;0;0;0;0;0;0;0;0;0;0;0;0;0;0;0;0;14;14;0;69;75;10;75;4;53;0;2;0;134;10;0;0;0;144;0;0;0;0;0;0;0;0;0;143;1;0;0;0;0;15;15;0;15;0;0;0;0;0;0;0;0;0;14;14;0;8;8;0;8;0;0;0;0;0;0;0;0;0;7;7;0;8;0;0;0;0;0;0;0;0;0
2024;Sudeste;3;São Paulo;SP;35;Cubatão;3513504;São Paulo;3501;Santos;350002;Metropolitana de São Paulo;15;Santos;63;Cubatão;351350405;LUCY MONTORO UNIDADE MUNICIPAL DE ENSINO;35235040;3;;1;0;PEDRO DE TOLEDO;601;RUA;VILA PAULISTA;11510090;13;33617840;1;20102;15FEB2024:00:00:00;20DEC2024:00:00:00;1;0;0;0;0;;;;;;;;;;;;;;;;;;;;;;;;;;;;;1;3;;;1;1;0;0;0;0;;0;0;0;1;1;0;0;0;0;0;1;0;0;0;1;0;0;0;0;1;0;0;0;0;0;0;0;1;0;0;0;0;1;1;0;1;0;0;0;1;1;0;0;0;0;0;1;0;1;0;0;0;0;1;0;0;0;0;0;0;1;0;0;0;0;0;0;0;0;0;0;1;0;1;0;0;0;0;0;3;0;3;0;0;0;1;0;1;0;0;0;0;0;1;3;1;1;0;0;0;0;0;0;0;0;0;0;1;0;1;1;0;0;0;3;1;1;1;1;1;0;0;0;0;1;1;0;0;1;1;0;0;1;2;1;1;0;0;1;2;0;0;0;0;0;0;0;0;0;0;0;0;1;0;1;0;0;0;1;1;0;0;0;0;0;0;0;0;0;0;0;;;;;0;;;;;;;0;0;0;0;0;1;0;0;0;0;0;9;9;9;9;9;9;0;0;1;0;0;1;1;0;0;1;1;1;0;0;0;0;0;0;0;0;0;0;1;1;0;58;58;58;0;0;0;0;0;0;0;0;0;0;0;0;0;0;0;0;0;0;0;0;0;0;0;0;0;0;0;0;0;0;0;0;0;0;0;0;0;0;0;0;0;0;0;0;0;2;2;0;35;23;6;27;1;24;0;0;51;7;0;0;0;0;58;0;0;37;37;0;0;0;0;0;58;0;0;0;0;0;5;5;5;0;0;0;0;0;0;0;0;0;0;1;1;0;6;6;6;0;0;0;0;0;0;0;0;0;0;1;1;0;6;0;0;2;2;0;0;0;0;0
2024;Sudeste;3;São Paulo;SP;35;Cubatão;3513504;São Paulo;3501;Santos;350002;Metropolitana de São Paulo;15;Santos;63;Cubatão;351350405;NOSSA SENHORA DE FATIMA UNIDADE MUNICIPAL DE ENSINO;35235052;3;;1;0;NOSSA SENHORA DE FATIMA;678;AVENIDA;JARDIM CASQUEIRO;11530030;13;33643820;1;20102;15FEB2024:00:00:00;20DEC2024:00:00:00;1;0;0;0;0;;;;;;;;;;;;;;;;;;;;;;;;;;;;;1;3;;;1;1;0;0;0;0;;0;0;0;1;1;0;0;0;0;0;1;0;0;0;1;0;0;0;0;1;0;0;0;0;0;0;0;1;1;0;0;0;1;1;0;1;0;0;0;1;1;0;0;0;0;0;1;1;1;0;0;0;0;1;0;0;0;0;0;0;1;0;0;0;1;0;0;0;0;0;0;0;0;0;0;0;0;1;0;5;0;5;0;0;0;1;0;1;0;0;0;1;2;0;0;1;4;0;0;0;0;0;0;0;0;0;0;1;0;1;1;0;0;0;0;1;1;1;1;4;0;0;0;0;0;0;0;0;0;0;0;0;1;2;1;1;0;0;0;0;0;0;0;0;0;0;0;0;0;0;0;0;1;1;1;0;1;0;1;0;0;0;0;1;0;0;0;0;0;0;0;;;;;0;;;;;;;0;0;0;0;0;0;0;0;1;0;0;9;9;9;9;9;9;0;0;1;0;0;1;1;0;0;1;1;1;0;0;0;0;0;0;0;0;0;0;1;1;0;92;92;92;0;0;0;0;0;0;0;0;0;0;0;0;0;0;0;0;0;0;0;0;0;0;0;0;0;0;0;0;0;0;0;0;0;0;0;0;0;0;0;0;0;0;0;0;0;2;2;0;44;48;1;56;5;29;1;0;84;8;0;0;0;0;92;0;0;57;57;0;0;0;0;0;91;1;0;0;0;0;13;13;13;0;0;0;0;0;0;0;0;0;0;3;3;0;8;8;8;0;0;0;0;0;0;0;0;0;0;2;2;0;8;0;0;4;4;0;0;0;0;0
2024;Sudeste;3;São Paulo;SP;35;Cubatão;3513504;São Paulo;3501;Santos;350002;Metropolitana de São Paulo;15;Santos;63;Cubatão;351350405;SANTA ROSA UNIDADE MUNICIPAL DE ENSINO;35235064;3;;1;;RUA EMBAIXADOR PEDRO DE TOLEDO;114;RUA;SANTA ROSA;11510090;13;33614173;3;20102;;;;;;;;;;;;;;;;;;;;;;;;;;;;;;;;;;;;;;;;;;;;;;;;;;;;;;;;;;;;;;;;;;;;;;;;;;;;;;;;;;;;;;;;;;;;;;;;;;;;;;;;;;;;;;;;;;;;;;;;;;;;;;;;;;;;;;;;;;;;;;;;;;;;;;;;;;;;;;;;;;;;;;;;;;;;;;;;;;;;;;;;;;;;;;;;;;;;;;;;;;;;;;;;;;;;;;;;;;;;;;;;;;;;;;;;;;;;;;;;;;;;;;;;;;;;;;;;;;;;;;;;;;;;;;;;;;;;;;;;;;;;;;;;;;;;;;;;;;;;;;;;;;;;;;;;;;;;;;;;;;;;;;;;;;;;;;;;;;;;;;;;;;;;;;;;;;;;;;;;;;;;;;;;;;;;;;;;;;;;;;;;;;;;;;;;;
2024;Sudeste;3;São Paulo;SP;35;Cubatão;3513504;São Paulo;3501;Santos;350002;Metropolitana de São Paulo;15;Santos;63;Cubatão;351350405;SOFIA ZARZUR UNIDADE MUNICIPAL DE ENSINO;35235076;3;;1;0;ALOJAMENTO DO;148;RUA;FABRIL;11543100;13;33778952;1;20102;15FEB2024:00:00:00;20DEC2024:00:00:00;1;0;0;0;0;;;;;;;;;;;;;;;;;;;;;;;;;;;;;1;3;;;1;3;0;0;0;0;;0;0;0;1;1;0;0;0;0;0;1;0;0;0;1;0;0;0;0;1;0;0;0;0;0;0;0;1;1;0;0;0;1;1;0;1;0;0;0;1;0;0;0;0;0;0;0;0;0;0;0;0;0;1;0;0;0;0;0;0;0;0;0;0;0;0;0;0;0;0;0;0;0;0;0;0;0;1;0;4;0;4;0;0;0;1;0;1;0;0;0;0;0;1;1;1;88888;0;0;0;0;0;0;0;0;0;0;1;0;1;1;0;0;0;0;1;0;0;1;5;0;0;0;0;0;0;0;0;0;0;0;0;1;3;0;0;1;1;0;0;0;0;1;1;0;0;0;0;0;0;0;0;1;1;1;0;1;0;1;1;0;1;0;0;0;0;0;0;0;0;0;;;;;0;;;;;;;0;0;0;0;0;1;0;0;0;0;1;0;0;0;0;0;1;0;0;1;0;0;1;1;0;0;1;1;1;0;0;0;0;0;0;0;0;0;0;1;1;0;100;100;100;0;0;0;0;0;0;0;0;0;0;0;0;0;0;0;0;0;0;0;0;0;0;0;0;0;0;0;0;0;0;0;0;0;0;0;0;0;0;0;0;0;0;0;0;0;4;4;0;60;40;5;34;3;58;0;0;92;8;0;0;0;0;100;0;0;55;55;0;0;0;0;0;100;0;0;0;0;0;17;17;17;0;0;0;0;0;0;0;0;0;0;5;5;0;12;12;12;0;0;0;0;0;0;0;0;0;0;2;2;0;12;0;0;4;4;0;0;0;0;0
2024;Sudeste;3;São Paulo;SP;35;Cubatão;3513504;São Paulo;3501;Santos;350002;Metropolitana de São Paulo;15;Santos;63;Cubatão;351350405;ESTADO DO PIAUI UNIDADE MUNICIPAL DE ENSINO;35235088;3;;1;;RUA SAO LUIZ;250;RUA;VILA NOVA;11520120;13;33723000;3;20102;;;;;;;;;;;;;;;;;;;;;;;;;;;;;;;;;;;;;;;;;;;;;;;;;;;;;;;;;;;;;;;;;;;;;;;;;;;;;;;;;;;;;;;;;;;;;;;;;;;;;;;;;;;;;;;;;;;;;;;;;;;;;;;;;;;;;;;;;;;;;;;;;;;;;;;;;;;;;;;;;;;;;;;;;;;;;;;;;;;;;;;;;;;;;;;;;;;;;;;;;;;;;;;;;;;;;;;;;;;;;;;;;;;;;;;;;;;;;;;;;;;;;;;;;;;;;;;;;;;;;;;;;;;;;;;;;;;;;;;;;;;;;;;;;;;;;;;;;;;;;;;;;;;;;;;;;;;;;;;;;;;;;;;;;;;;;;;;;;;;;;;;;;;;;;;;;;;;;;;;;;;;;;;;;;;;;;;;;;;;;;;;;;;;;;;;;
2024;Sudeste;3;São Paulo;SP;35;Cubatão;3513504;São Paulo;3501;Santos;350002;Metropolitana de São Paulo;15;Santos;63;Cubatão;351350405;VILA SAO JOSE UNIDADE MUNICIPAL DE ENSINO;35235748;3;;1;0;SAO FRANCISCO DE ASSIS;60;RUA;VILA SAO JOSE;11523000;13;33612872;1;20102;15FEB2024:00:00:00;20DEC2024:00:00:00;1;0;0;0;0;;;;;;;;;;;;;;;;;;;;;;;;;;;;;1;3;;;1;1;0;0;0;0;;0;0;0;1;1;0;0;0;0;0;1;0;0;0;1;0;0;0;0;1;0;0;0;0;0;0;0;1;0;0;0;0;1;0;0;1;0;0;0;1;1;0;0;0;0;0;0;0;0;0;0;0;0;1;0;0;0;0;0;0;1;0;0;0;0;0;0;0;0;0;0;0;0;0;0;0;0;1;0;4;0;4;0;0;0;1;0;1;0;0;0;0;0;0;0;1;88888;1;5;0;0;0;0;0;0;0;0;1;0;1;0;0;0;0;1;0;0;0;1;3;0;0;0;0;0;0;0;0;1;1;0;0;1;3;1;1;0;0;0;0;0;0;0;0;0;0;0;0;0;0;0;0;1;1;1;0;1;0;1;1;0;0;0;1;0;0;0;0;0;0;0;;;;;0;;;;;;;0;0;0;0;0;1;0;0;0;2;1;1;1;0;0;0;0;0;0;1;0;0;1;1;0;0;1;1;1;0;0;0;0;0;0;0;0;0;0;1;1;0;130;130;130;0;0;0;0;0;0;0;0;0;0;0;0;0;0;0;0;0;0;0;0;0;0;0;0;0;0;0;0;0;0;0;0;0;0;0;0;0;0;0;0;0;0;0;0;0;3;3;0;67;63;36;54;8;32;0;0;122;8;0;0;0;0;130;0;0;9;9;0;0;0;0;0;130;0;0;0;0;0;18;18;18;0;0;0;0;0;0;0;0;0;0;4;4;0;9;9;9;0;0;0;0;0;0;0;0;0;0;2;2;0;9;0;0;1;1;0;0;0;0;0
2024;Sudeste;3;São Paulo;SP;35;Cubatão;3513504;São Paulo;3501;Santos;350002;Metropolitana de São Paulo;15;Santos;63;Cubatão;351350405;ULYSSES GUIMARAES UNIDADE MUNICIPAL DE ENSINO;35243279;3;;1;0;SAO FRANCISCO DE ASSIS;SN;RUA;VILA NATAL;11538000;13;33726499;1;20102;15FEB2024:00:00:00;20DEC2024:00:00:00;1;0;0;0;0;;;;;;;;;;;;;;;;;;;;;;;;;;;;;1;3;;;1;1;0;0;0;0;;0;0;0;1;1;0;0;0;0;0;1;0;0;0;1;0;0;0;0;1;0;0;0;0;0;0;0;1;1;0;0;0;1;0;1;1;1;0;0;0;1;0;0;0;1;0;0;0;0;0;0;0;0;1;0;1;0;0;0;0;1;0;1;0;1;1;0;0;0;1;0;1;0;1;0;0;0;0;0;18;0;18;1;0;1;1;1;1;1;0;0;1;1;1;2;1;4;0;0;0;0;1;10;1;18;1;2;1;1;1;1;0;1;0;3;1;0;0;1;9;0;0;0;0;1;2;0;0;1;1;0;0;1;3;1;1;1;2;0;0;0;0;1;2;1;1;0;0;0;0;0;0;1;0;0;1;1;1;1;1;0;1;0;0;0;0;0;0;1;0;0;;;;;0;;;;;;;1;1;0;0;1;1;1;1;0;1;1;1;0;1;0;1;0;1;0;1;0;0;1;1;0;0;1;0;0;0;1;0;1;0;0;0;0;0;0;1;1;0;634;0;0;0;634;0;0;0;0;0;0;634;149;174;180;131;0;0;0;0;0;0;0;0;0;0;0;0;0;0;0;0;0;0;0;0;0;0;0;0;0;0;0;0;0;0;0;0;22;22;0;298;336;42;266;11;314;0;1;0;0;0;542;92;0;634;0;0;0;0;0;154;0;154;0;630;4;0;0;0;0;45;0;0;0;45;0;45;0;0;0;0;0;0;44;44;0;25;0;0;0;25;0;25;0;0;0;0;0;0;15;15;0;25;0;0;0;0;0;5;0;5;0
2024;Sudeste;3;São Paulo;SP;35;Cubatão;3513504;São Paulo;3501;Santos;350002;Metropolitana de São Paulo;15;Santos;63;Cubatão;351350405;POLITECNICA DE CUBATAO CIEN ESCOLA;35250961;4;1;1;0;DAS NACOES UNIDAS;36;;VILA NOVA;11520140;13;33727272;1;20102;15FEB2024:00:00:00;20DEC2024:00:00:00;;;;;0;;;;;;;;;;;;;;;;;;;;1;0;0;0;0;0;0;00586656000138;00586656000138;1;2;;;1;2;0;0;0;0;;0;0;0;1;1;0;0;0;0;0;1;0;0;0;1;0;0;0;0;1;0;0;0;0;0;0;0;1;0;0;0;0;1;0;1;1;0;0;0;1;0;0;0;0;0;0;1;0;0;0;0;0;0;0;0;0;0;0;0;0;1;0;0;0;0;0;0;0;0;0;0;0;0;0;0;0;0;1;0;7;0;7;7;0;0;1;1;1;1;1;0;0;0;0;0;1;7;0;0;0;0;1;5;0;0;0;0;1;1;1;1;0;1;1;3;1;1;2;1;2;0;0;1;1;1;1;0;0;0;0;0;0;0;0;0;0;1;1;0;0;0;0;1;1;0;0;0;0;0;0;0;0;0;1;0;0;0;0;0;0;1;0;0;0;1;0;0;0;0;0;0;;;;;0;;;;;;;1;0;1;0;0;0;0;0;1;2;1;1;1;0;0;0;0;0;0;1;0;0;0;1;1;0;1;0;0;0;0;0;0;0;1;1;0;0;0;1;1;0;272;0;0;0;0;0;0;0;0;0;0;0;0;0;0;0;0;0;0;0;0;0;0;0;0;0;0;0;0;0;0;0;0;0;272;272;244;28;0;0;0;0;0;0;0;0;0;0;1;1;0;239;33;83;90;9;89;1;0;0;0;0;0;6;266;101;171;0;0;0;0;0;0;0;0;271;1;0;0;0;0;15;0;0;0;0;0;0;0;15;15;0;0;0;4;4;0;10;0;0;0;0;0;0;0;10;10;0;0;0;1;1;0;4;6;0;0;0;0;0;0;0;0
2024;Sudeste;3;São Paulo;SP;35;Cubatão;3513504;São Paulo;3501;Santos;350002;Metropolitana de São Paulo;15;Santos;63;Cubatão;351350405;IVANILDO REBOUCAS DA SILVA ESCOLA TECNICA DE MUSICA E DANCA;35257000;3;;1;0;NACOES UNIDAS;168;AVENIDA;VILA NOVA;11520140;13;33729236;1;20102;15FEB2024:00:00:00;20DEC2024:00:00:00;1;0;0;0;0;;;;;;;;;;;;;;;;;;;;;;;;;;;;;1;3;;;1;1;0;0;0;0;;0;0;0;1;1;0;0;0;0;0;1;0;0;0;1;0;0;0;0;1;0;0;0;0;0;1;1;0;1;0;0;0;1;0;1;1;1;0;0;1;0;0;0;0;0;0;0;0;0;0;0;0;0;0;0;0;0;0;0;0;1;0;1;0;1;0;0;0;0;1;0;1;0;1;0;0;0;0;0;22;0;22;22;22;0;1;1;1;1;0;0;1;2;1;3;1;6;0;0;0;0;0;0;0;0;0;0;1;1;1;1;1;0;1;3;1;1;2;1;3;0;0;0;0;1;5;0;0;1;1;0;0;1;2;1;1;1;1;0;0;0;0;1;1;0;0;0;0;0;0;0;0;1;1;0;0;1;1;0;1;1;0;0;0;0;0;0;0;0;0;0;;;;;1;0;0;0;0;0;1;1;1;0;0;1;1;1;0;0;1;0;9;9;9;9;9;9;0;1;1;0;0;0;1;1;0;1;0;0;0;0;0;0;0;1;1;0;0;0;1;1;0;336;0;0;0;0;0;0;0;0;0;0;0;0;0;0;0;0;0;0;0;0;0;0;0;0;0;0;0;0;0;0;0;0;0;336;336;93;243;0;0;0;0;0;0;0;0;0;0;8;8;0;189;147;159;117;13;47;0;0;0;0;0;3;83;250;113;223;0;0;0;0;0;0;0;0;332;4;0;0;0;0;14;0;0;0;0;0;0;0;14;14;0;0;0;5;5;0;24;0;0;0;0;0;0;0;24;24;0;0;0;5;5;0;8;16;0;0;0;0;0;0;0;0
2024;Sudeste;3;São Paulo;SP;35;Cubatão;3513504;São Paulo;3501;Santos;350002;Metropolitana de São Paulo;15;Santos;63;Cubatão;351350405;USINA HENRY BORDEN UNIDADE MUNICIPAL DE ENSINO;35273922;3;;1;0;AMAZONAS;SN;;VILA LIGHT;11555901;13;33618595;1;20102;15FEB2024:00:00:00;20DEC2024:00:00:00;1;0;0;0;0;;;;;;;;;;;;;;;;;;;;;;;;;;;;;1;3;;;1;3;0;0;0;0;;0;0;0;1;1;0;0;0;0;0;1;0;0;0;1;0;0;0;0;1;0;0;0;0;1;0;0;0;1;0;0;0;1;1;0;1;0;1;1;1;0;0;0;0;1;0;0;0;0;0;0;0;0;1;0;0;0;0;0;0;1;0;1;0;1;1;0;0;0;0;0;0;0;0;0;0;0;1;0;9;0;9;0;1;0;1;0;1;1;0;0;0;0;1;2;1;1;1;10;0;0;0;0;0;0;0;0;1;1;1;1;0;9;9;0;1;0;0;1;3;0;0;0;0;1;1;0;0;0;0;0;0;1;2;1;1;1;1;0;0;0;0;1;1;1;1;0;0;0;0;0;0;1;0;0;0;1;1;1;0;0;0;0;0;0;0;0;0;0;0;0;;;;;0;;;;;;;1;0;1;0;1;1;1;0;0;0;1;0;0;0;0;1;0;1;0;1;0;0;1;1;0;0;1;0;0;0;1;1;1;0;0;0;0;0;0;1;1;0;171;0;0;0;171;84;0;0;0;45;39;87;25;25;19;18;0;0;0;0;0;0;0;0;0;0;0;0;0;0;0;0;0;0;0;0;0;0;0;0;0;0;0;0;0;0;0;0;10;10;0;84;87;38;61;4;68;0;0;0;0;67;97;7;0;171;0;0;0;0;0;91;4;87;0;169;2;0;0;0;0;17;0;0;0;17;6;13;0;0;0;0;0;0;17;17;0;8;0;0;0;8;4;4;0;0;0;0;0;0;8;8;0;8;0;0;0;0;0;4;0;4;0
2024;Sudeste;3;São Paulo;SP;35;Cubatão;3513504;São Paulo;3501;Santos;350002;Metropolitana de São Paulo;15;Santos;63;Cubatão;351350405;ABC MASTER ESCOLA DE ENSINO FUNDAMENTAL;35286138;4;1;1;0;MARIA DO CARMO;269;RUA;JARDIM CASQUEIRO;11533050;13;33719042;1;20102;15FEB2024:00:00:00;20DEC2024:00:00:00;;;;;0;;;;;;;;;;;;;;;;;;;;1;0;0;0;0;0;0;07247151000198;07247151000198;1;2;;;1;2;0;0;0;0;;0;0;0;1;1;0;0;0;0;0;1;0;0;0;1;0;0;0;0;1;0;0;0;0;1;0;1;0;0;0;0;0;1;0;1;1;0;1;1;0;0;0;0;0;1;0;1;0;0;0;1;0;1;0;0;0;0;0;0;0;1;0;1;0;1;0;0;0;0;0;0;0;0;0;0;0;0;1;0;10;0;10;0;0;0;1;1;1;1;0;0;1;1;1;2;1;1;0;0;1;2;1;18;1;6;0;0;1;0;1;1;0;0;0;3;1;1;2;1;2;0;0;0;0;1;1;0;0;0;0;0;0;0;0;0;0;1;1;0;0;0;0;0;0;0;0;0;0;0;0;0;0;0;1;1;0;1;0;1;1;0;1;0;0;0;0;0;0;0;0;0;;;;;0;;;;;;;1;0;0;0;0;1;0;0;0;1;0;9;9;9;9;9;9;0;0;1;0;0;1;1;0;0;1;0;0;0;1;1;1;1;0;0;0;0;0;1;1;0;360;0;0;0;280;122;28;20;22;29;23;158;37;44;41;36;80;80;30;28;22;0;0;0;0;0;0;0;0;0;0;0;0;0;0;0;0;0;0;0;0;0;0;0;0;0;0;0;2;2;0;174;186;44;174;12;93;35;2;0;0;122;156;82;0;360;0;0;0;0;0;0;0;0;0;352;8;0;0;0;0;23;0;0;0;23;12;14;12;0;0;0;0;0;12;12;0;18;0;0;0;15;7;8;3;0;0;0;0;0;2;2;0;18;0;0;0;0;0;0;0;0;0
2024;Sudeste;3;São Paulo;SP;35;Cubatão;3513504;São Paulo;3501;Santos;350002;Metropolitana de São Paulo;15;Santos;63;Cubatão;351350405;LUIZA CORTEZ DA SILVA UNIDADE MUNICIPAL DE ENSINO;35286761;3;;1;0;ALAIDE SOARES DE SOUZA CHAVES;SN;RUA;JARDIM NOVA REPUBLICA;11534000;13;33632091;1;20102;15FEB2024:00:00:00;20DEC2024:00:00:00;1;0;0;0;0;;;;;;;;;;;;;;;;;;;;;;;;;;;;;1;3;;;1;1;0;0;0;0;;0;0;0;1;1;0;0;0;0;0;1;0;0;0;1;0;0;0;0;1;0;0;0;0;0;0;0;1;0;0;0;0;1;0;0;1;0;0;0;1;1;0;0;0;0;0;0;0;1;0;0;0;0;0;0;0;0;0;0;0;1;0;0;0;0;0;0;0;0;0;0;1;0;1;0;0;0;0;0;6;0;6;0;0;0;1;0;1;1;0;0;0;0;1;3;1;8;0;0;0;0;0;0;0;0;0;0;1;0;1;1;0;0;0;3;1;0;0;1;7;0;0;0;0;1;1;0;0;0;0;0;0;1;3;1;2;1;2;0;0;0;0;1;1;0;0;0;0;0;0;0;0;1;1;1;0;1;1;1;1;0;1;0;1;0;0;0;0;1;0;0;;;;;0;;;;;;;0;0;0;0;1;1;0;0;0;0;1;0;0;0;0;1;0;0;0;1;0;0;1;1;0;0;1;1;1;0;0;0;0;0;0;0;0;0;0;1;1;0;215;215;215;0;0;0;0;0;0;0;0;0;0;0;0;0;0;0;0;0;0;0;0;0;0;0;0;0;0;0;0;0;0;0;0;0;0;0;0;0;0;0;0;0;0;0;0;0;14;14;0;100;115;31;75;14;95;0;0;195;20;0;0;0;0;215;0;0;12;12;0;0;0;0;0;215;0;0;0;0;0;22;22;22;0;0;0;0;0;0;0;0;0;0;10;10;0;11;11;11;0;0;0;0;0;0;0;0;0;0;5;5;0;11;0;0;1;1;0;0;0;0;0
2024;Sudeste;3;São Paulo;SP;35;Cubatão;3513504;São Paulo;3501;Santos;350002;Metropolitana de São Paulo;15;Santos;63;Cubatão;351350405;INTEGRADO EVOLUCAO COLEGIO;35287027;4;1;1;0;DOM PEDRO II;447;;VILA NOVA;11520040;13;33725506;1;20102;15FEB2024:00:00:00;20DEC2024:00:00:00;;;;;0;;;;;;;;;;;;;;;;;;;;1;0;0;0;0;0;0;99999999999999;99999999999999;1;2;;;1;2;0;0;0;0;;0;0;0;1;1;0;0;0;0;0;1;0;0;0;1;0;0;0;0;1;0;0;0;0;0;0;0;1;1;0;0;1;1;0;1;0;0;0;0;0;0;0;0;0;0;0;1;0;0;0;1;1;0;1;0;0;0;0;0;0;1;0;1;0;1;0;0;0;0;1;1;0;0;1;0;0;0;0;0;9;9;18;9;0;0;1;1;1;1;0;0;0;0;1;4;1;1;1;1;1;4;1;4;0;0;1;28;1;1;1;1;0;9;9;2;1;1;2;1;2;0;0;0;0;1;2;0;0;0;0;0;0;0;0;1;1;1;1;0;0;0;0;1;1;0;0;0;0;0;0;0;0;0;0;1;1;1;1;1;1;0;1;0;0;1;0;0;0;0;0;0;;;;;0;;;;;;;1;0;1;0;0;1;0;0;0;0;1;0;0;0;0;0;1;0;0;1;0;0;1;1;0;0;1;1;1;1;1;1;1;1;0;0;0;0;0;1;1;0;299;84;40;44;201;122;32;25;26;18;21;79;19;23;18;19;14;14;6;8;0;0;0;0;0;0;0;0;0;0;0;0;0;0;0;0;0;0;0;0;0;0;0;0;0;0;0;0;3;3;0;155;144;65;160;29;40;5;0;40;44;123;76;15;1;299;0;0;9;9;0;3;0;3;0;299;0;0;0;0;0;27;7;4;4;20;9;13;10;0;0;0;0;0;13;13;0;26;12;8;4;12;8;4;2;0;0;0;0;0;3;3;0;26;0;0;2;2;0;0;0;0;0
2024;Sudeste;3;São Paulo;SP;35;Cubatão;3513504;São Paulo;3501;Santos;350002;Metropolitana de São Paulo;15;Santos;63;Cubatão;351350405;MARIA ROSA DA CRUZ MALTEZ DA GUARDA UME;35290786;3;;1;0;JULIO AMARO RIBEIRO;140;RUA;VILA NATAL;11538105;13;33756996;1;20102;15FEB2024:00:00:00;20DEC2024:00:00:00;1;0;0;0;0;;;;;;;;;;;;;;;;;;;;;;;;;;;;;1;3;;;1;1;0;0;0;0;;0;0;0;1;1;0;0;0;0;0;1;0;0;0;1;0;0;0;0;1;0;0;0;0;0;0;0;1;0;0;0;0;1;1;0;1;0;0;0;1;1;0;0;0;0;0;0;0;0;0;0;0;0;1;0;0;0;0;0;0;1;0;1;0;1;1;0;0;0;0;0;0;0;0;0;0;0;1;0;5;0;5;5;0;0;1;0;1;1;0;0;0;0;1;1;1;6;0;0;0;0;0;0;0;0;0;0;1;0;1;1;0;0;0;3;0;0;0;1;3;0;0;0;0;0;0;0;0;1;1;0;0;1;2;1;2;1;1;0;0;0;0;1;1;0;0;0;0;0;0;0;0;1;0;1;0;0;1;1;1;0;1;0;1;0;0;0;0;0;0;0;;;;;0;;;;;;;0;0;0;0;0;0;0;0;1;0;0;9;9;9;9;9;9;1;0;1;0;0;1;1;0;0;1;1;1;0;0;0;0;0;0;0;0;0;0;1;1;0;98;98;98;0;0;0;0;0;0;0;0;0;0;0;0;0;0;0;0;0;0;0;0;0;0;0;0;0;0;0;0;0;0;0;0;0;0;0;0;0;0;0;0;0;0;0;0;0;3;3;0;46;52;40;21;2;34;1;0;85;13;0;0;0;0;98;0;0;96;96;0;0;0;0;0;95;3;0;0;0;0;15;15;15;0;0;0;0;0;0;0;0;0;0;3;3;0;6;6;6;0;0;0;0;0;0;0;0;0;0;1;1;0;6;0;0;4;4;0;0;0;0;0
2024;Sudeste;3;São Paulo;SP;35;Cubatão;3513504;São Paulo;3501;Santos;350002;Metropolitana de São Paulo;15;Santos;63;Cubatão;351350405;CELITA TERTULIANO SAMPAIO REIS PROFA UME;35290798;3;;1;0;TIRADENTES;102;AVENIDA;JARDIM COSTA E SILVA;11500600;13;33616849;1;20102;19FEB2024:00:00:00;20DEC2024:00:00:00;1;0;0;0;0;;;;;;;;;;;;;;;;;;;;;;;;;;;;;1;3;;;1;1;0;0;0;0;;0;0;0;1;1;0;0;0;0;0;1;0;0;0;1;0;0;0;0;1;0;0;0;0;1;0;0;0;0;0;0;0;1;1;1;1;1;0;1;1;1;0;0;0;0;0;1;1;1;0;0;0;0;1;0;0;0;0;0;0;1;1;0;0;1;0;0;0;0;0;0;1;1;1;0;1;0;0;0;4;0;4;4;4;1;1;0;1;1;1;0;1;4;1;1;1;4;0;0;0;0;0;0;0;0;0;0;1;0;1;1;0;0;0;2;1;1;1;1;3;0;0;0;0;1;1;0;0;1;1;0;0;1;2;1;2;0;0;1;1;0;0;0;0;0;0;0;0;0;0;0;0;1;1;1;0;1;1;1;1;0;1;0;0;0;1;0;0;1;0;0;;;;;0;;;;;;;1;0;1;0;0;1;0;0;0;2;1;1;0;0;1;1;0;0;0;1;0;0;1;1;0;0;1;1;1;0;0;0;0;0;0;0;0;0;0;1;1;0;87;87;87;0;0;0;0;0;0;0;0;0;0;0;0;0;0;0;0;0;0;0;0;0;0;0;0;0;0;0;0;0;0;0;0;0;0;0;0;0;0;0;0;0;0;0;0;0;3;3;0;46;41;17;34;4;30;2;0;82;5;0;0;0;0;87;0;0;39;39;0;0;0;0;0;87;0;0;0;0;0;13;13;13;0;0;0;0;0;0;0;0;0;0;9;9;0;9;9;9;0;0;0;0;0;0;0;0;0;0;3;3;0;9;0;0;3;3;0;0;0;0;0
2024;Sudeste;3;São Paulo;SP;35;Cubatão;3513504;São Paulo;3501;Santos;350002;Metropolitana de São Paulo;15;Santos;63;Cubatão;351350405;ABC ESCOLA DE EDUCACAO INFANTIL;35295197;4;1;1;0;MARIA CRISTINA;687;RUA;JARDIM CASQUEIRO;11533160;13;33644772;1;20102;15FEB2024:00:00:00;19DEC2024:00:00:00;;;;;0;;;;;;;;;;;;;;;;;;;;1;0;0;0;0;0;0;05933788000102;05933788000102;1;2;;;1;1;0;0;0;0;;0;0;0;1;1;0;0;0;0;0;1;0;0;0;1;0;0;0;0;1;0;0;0;0;0;0;0;1;0;0;0;0;1;1;0;0;0;0;0;0;0;0;0;0;0;0;0;0;1;0;0;0;0;1;0;0;0;0;0;0;0;0;0;0;1;0;0;0;0;0;0;0;0;0;0;0;0;1;0;14;0;14;0;0;1;1;1;1;1;0;0;1;1;1;5;1;2;0;0;1;1;1;6;0;0;0;0;1;1;1;1;0;1;0;0;1;1;1;1;3;0;0;0;0;1;1;0;0;1;1;0;0;1;2;1;1;1;1;1;1;0;0;0;0;0;0;0;0;0;0;0;0;0;1;1;0;1;0;1;1;0;1;0;0;0;0;0;0;0;0;0;;;;;0;;;;;;;0;0;0;0;0;1;0;0;0;1;0;9;9;9;9;9;9;0;0;1;0;0;1;1;0;0;1;1;1;1;1;1;0;0;0;0;0;0;0;1;1;0;263;172;73;99;91;91;13;14;27;19;18;0;0;0;0;0;0;0;0;0;0;0;0;0;0;0;0;0;0;0;0;0;0;0;0;0;0;0;0;0;0;0;0;0;0;0;0;0;2;2;0;126;137;22;132;15;53;40;1;66;98;97;2;0;0;263;0;0;0;0;0;0;0;0;0;261;2;0;0;0;0;18;9;6;4;10;10;0;0;0;0;0;0;0;6;6;0;20;12;6;6;8;8;0;0;0;0;0;0;0;2;2;0;20;0;0;0;0;0;0;0;0;0
2024;Sudeste;3;São Paulo;SP;35;Cubatão;3513504;São Paulo;3501;Santos;350002;Metropolitana de São Paulo;15;Santos;63;Cubatão;351350405;DOMINGOS PUCCIARIELLO VEREADOR UNIDADE MUNICIPAL DE ENSINO;35301401;3;;1;0;WILSON ALVES PEREIRA VEREADOR;SN;RUA;PARQUE SAO LUIS;11533490;13;33775853;1;20102;15FEB2024:00:00:00;20DEC2024:00:00:00;1;0;0;0;0;;;;;;;;;;;;;;;;;;;;;;;;;;;;;1;3;;;1;1;0;0;0;0;;0;0;0;1;1;0;0;0;0;0;1;0;0;0;1;0;0;0;0;1;0;0;0;0;0;0;0;1;0;0;0;0;1;1;1;1;0;0;1;1;1;0;0;0;0;0;1;1;1;0;0;0;0;1;0;0;0;1;0;0;0;1;0;0;1;1;0;0;0;0;0;1;0;0;0;1;0;0;0;5;0;5;1;0;0;1;0;1;0;0;0;0;0;1;2;1;5;0;0;0;0;0;0;0;0;0;0;1;0;1;1;0;0;0;3;1;1;1;1;3;0;0;0;0;0;0;0;0;1;1;0;0;1;3;1;1;1;1;1;1;0;0;1;1;0;0;0;0;0;0;0;0;1;1;1;0;1;1;1;1;0;0;0;1;0;0;0;0;1;0;0;;;;;0;;;;;;;1;1;1;0;0;0;0;0;1;1;1;0;0;0;0;0;1;1;0;1;0;0;1;1;0;0;1;1;1;0;0;0;0;0;0;0;0;0;0;1;1;0;130;130;130;0;0;0;0;0;0;0;0;0;0;0;0;0;0;0;0;0;0;0;0;0;0;0;0;0;0;0;0;0;0;0;0;0;0;0;0;0;0;0;0;0;0;0;0;0;4;4;0;58;72;45;53;1;28;3;0;123;7;0;0;0;0;130;0;0;60;60;0;0;0;0;0;130;0;0;0;0;0;21;21;21;0;0;0;0;0;0;0;0;0;0;6;6;0;12;12;12;0;0;0;0;0;0;0;0;0;0;3;3;0;12;0;0;4;4;0;0;0;0;0
2024;Sudeste;3;São Paulo;SP;35;Cubatão;3513504;São Paulo;3501;Santos;350002;Metropolitana de São Paulo;15;Santos;63;Cubatão;351350405;COTA 400;35307506;2;;1;;MORRO COTA 400;;;FABRIL;11547000;13;33614717;2;20102;;;;;;;;;;;;;;;;;;;;;;;;;;;;;;;;;;;;;;;;;;;;;;;;;;;;;;;;;;;;;;;;;;;;;;;;;;;;;;;;;;;;;;;;;;;;;;;;;;;;;;;;;;;;;;;;;;;;;;;;;;;;;;;;;;;;;;;;;;;;;;;;;;;;;;;;;;;;;;;;;;;;;;;;;;;;;;;;;;;;;;;;;;;;;;;;;;;;;;;;;;;;;;;;;;;;;;;;;;;;;;;;;;;;;;;;;;;;;;;;;;;;;;;;;;;;;;;;;;;;;;;;;;;;;;;;;;;;;;;;;;;;;;;;;;;;;;;;;;;;;;;;;;;;;;;;;;;;;;;;;;;;;;;;;;;;;;;;;;;;;;;;;;;;;;;;;;;;;;;;;;;;;;;;;;;;;;;;;;;;;;;;;;;;;;;;;
2024;Sudeste;3;São Paulo;SP;35;Cubatão;3513504;São Paulo;3501;Santos;350002;Metropolitana de São Paulo;15;Santos;63;Cubatão;351350405;UNIDADE DE ENSINO OBJETIVO CUBATAO;35331041;4;1;1;0;DONATO RIBEIRO JORNALISTA;253;RUA;VILA PONTE NOVA;11530190;13;33633571;1;20102;15FEB2024:00:00:00;20DEC2024:00:00:00;;;;;0;;;;;;;;;;;;;;;;;;;;1;0;0;0;0;0;0;99999999999999;99999999999999;1;2;;;1;2;0;0;0;0;;0;0;0;1;1;0;0;0;0;0;1;0;0;0;1;0;0;0;0;1;0;0;0;0;0;0;0;1;1;0;0;0;1;0;0;0;0;0;0;0;0;0;0;0;0;0;1;0;0;0;1;0;1;0;0;0;0;0;0;0;1;0;1;0;1;0;0;0;0;0;0;0;0;0;0;0;0;1;0;7;8;15;0;0;0;1;1;1;1;1;0;1;3;1;2;1;6;1;2;1;2;1;5;0;0;0;0;1;0;1;1;0;0;0;3;1;1;2;1;2;1;1;0;0;1;2;0;0;1;1;0;0;0;0;1;1;1;1;1;2;1;1;0;0;0;0;0;0;0;0;0;0;0;1;1;0;1;0;1;1;0;1;0;0;1;0;0;0;0;0;0;;;;;0;;;;;;;0;0;0;0;1;0;0;0;0;0;0;9;9;9;9;9;9;0;0;1;0;0;1;1;0;0;1;1;1;1;1;1;1;0;0;0;0;0;0;1;1;0;208;28;11;17;180;85;19;14;20;14;18;95;16;21;33;25;0;0;0;0;0;0;0;0;0;0;0;0;0;0;0;0;0;0;0;0;0;0;0;0;0;0;0;0;0;0;0;0;3;3;0;100;108;49;98;3;53;5;0;11;13;90;89;5;0;208;0;0;0;0;0;2;0;2;0;201;7;0;0;0;0;21;5;4;3;18;8;13;0;0;0;0;0;0;5;5;0;14;4;2;2;10;5;5;0;0;0;0;0;0;2;2;0;14;0;0;0;0;0;0;0;0;0
2024;Sudeste;3;São Paulo;SP;35;Cubatão;3513504;São Paulo;3501;Santos;350002;Metropolitana de São Paulo;15;Santos;63;Cubatão;351350405;MARIA ALBERTINA PINHEIRO SILVA MESQUITA NENE NEM;35368945;3;;1;0;NACOES UNIDAS;979;AVENIDA;VILA NOVA;11525130;13;33723150;1;20102;15FEB2024:00:00:00;17DEC2024:00:00:00;1;0;0;0;0;;;;;;;;;;;;;;;;;;;;;;;;;;;;;1;3;;;1;1;0;0;0;0;;0;0;0;1;1;0;0;0;0;0;1;0;0;0;1;0;0;0;0;1;0;0;0;0;1;0;0;0;0;1;0;0;1;0;1;1;1;0;0;1;0;0;0;0;1;0;1;1;0;1;1;0;1;1;0;0;0;0;0;0;1;0;1;0;1;1;0;0;0;1;0;0;1;1;0;0;0;0;0;10;0;10;10;10;0;1;1;1;1;1;0;1;1;1;2;1;2;1;9;1;1;1;25;0;0;0;0;1;1;1;1;0;1;0;3;1;0;0;1;5;0;0;0;0;1;1;0;0;0;0;0;0;1;3;1;2;1;1;0;0;0;0;1;2;0;0;0;0;0;0;0;0;1;1;0;0;1;0;1;1;0;1;0;0;0;0;0;0;1;0;0;;;;;0;;;;;;;1;1;1;0;1;1;0;0;0;1;1;1;0;0;1;1;0;1;0;1;0;0;1;1;0;0;1;0;0;0;1;1;0;0;0;0;0;0;0;1;1;0;230;0;0;0;230;230;30;55;74;29;42;0;0;0;0;0;0;0;0;0;0;0;0;0;0;0;0;0;0;0;0;0;0;0;0;0;0;0;0;0;0;0;0;0;0;0;0;0;8;8;0;121;109;27;111;7;84;1;0;0;0;217;13;0;0;230;0;0;0;0;0;230;230;0;0;229;1;0;0;0;0;24;0;0;0;24;24;0;0;0;0;0;0;0;18;18;0;9;0;0;0;9;9;0;0;0;0;0;0;0;6;6;0;9;0;0;0;0;0;9;9;0;0
2024;Sudeste;3;São Paulo;SP;35;Cubatão;3513504;São Paulo;3501;Santos;350002;Metropolitana de São Paulo;15;Santos;63;Cubatão;351350405;ETEC DE CUBATAO;35390896;2;;1;0;TAMOYO;230;RUA;VILA COUTO;11510160;13;33752175;1;11000;15FEB2024:00:00:00;20DEC2024:00:00:00;0;0;0;1;0;;;;;;;;;;;;;;;;;;;;;;;;;;;;;1;2;;;1;2;0;0;0;0;;1;0;0;1;1;0;0;0;0;0;1;0;0;0;1;0;0;0;0;1;0;0;0;0;1;0;0;0;0;0;0;1;1;0;1;1;0;0;1;1;1;0;0;1;1;0;1;1;0;0;0;0;0;0;0;0;0;0;0;0;1;1;1;0;1;1;0;0;0;1;0;0;0;1;0;0;1;0;0;11;9;20;0;0;0;1;0;1;1;0;0;0;0;0;0;1;19;0;0;0;0;1;90;1;21;0;0;1;1;1;1;0;1;0;3;1;1;5;1;3;1;1;0;0;1;10;0;0;0;0;0;0;1;3;1;1;1;1;1;6;1;3;0;0;0;0;0;0;0;0;0;0;1;0;0;1;1;0;0;1;1;1;0;0;0;0;0;0;0;0;0;;;;;1;1;0;1;0;0;0;1;0;0;1;1;1;1;0;0;1;1;0;1;0;1;1;0;0;0;1;0;0;1;1;1;0;1;0;0;0;0;0;0;1;1;1;0;0;0;1;1;0;802;0;0;0;0;0;0;0;0;0;0;0;0;0;0;0;431;0;0;0;0;0;0;431;197;119;115;0;0;0;0;0;0;0;802;802;107;264;0;0;0;0;0;0;0;0;0;0;14;14;0;439;363;160;384;21;235;2;0;0;0;0;5;492;305;431;371;0;0;0;0;0;0;0;235;789;13;0;2;2;0;43;0;0;0;0;0;0;15;43;43;0;0;0;21;21;0;23;0;0;0;0;0;0;11;23;23;0;0;0;9;9;0;11;12;0;0;0;0;0;0;0;0
2024;Sudeste;3;São Paulo;SP;35;Cubatão;3513504;São Paulo;3501;Santos;350002;Metropolitana de São Paulo;15;Santos;63;Cubatão;351350405;PASSOS MAGICOS EDUCACAO INFANTIL;35402898;4;1;1;0;HENRY BORDEN;380;AVENIDA;VILA SANTA ROSA;11515000;13;33722042;1;20102;15FEB2024:00:00:00;20DEC2024:00:00:00;;;;;0;;;;;;;;;;;;;;;;;;;;1;0;0;0;0;0;0;99999999999999;99999999999999;1;3;;;1;2;0;0;0;0;;0;0;0;1;1;0;0;0;0;0;0;1;0;0;1;0;0;0;0;1;0;0;0;0;0;0;0;1;0;0;0;0;1;1;0;0;1;0;1;1;1;0;0;0;0;0;1;1;0;1;0;0;0;0;0;0;0;0;0;0;1;1;0;0;1;0;0;0;0;0;0;0;0;0;0;0;0;1;0;6;0;6;0;0;0;1;1;1;1;0;0;1;2;1;3;1;3;0;0;0;0;0;0;0;0;0;0;1;0;1;1;0;0;0;0;0;1;1;1;3;0;0;0;0;1;1;0;0;1;1;0;0;1;2;1;1;1;1;1;1;0;0;0;0;0;0;0;0;0;0;0;0;0;1;1;0;1;0;1;1;0;1;0;0;0;0;0;0;0;0;0;;;;;0;;;;;;;0;0;0;0;0;1;0;0;0;0;1;0;0;0;1;0;0;0;0;1;0;0;1;1;0;0;1;1;1;0;0;0;0;0;0;0;0;0;0;0;0;0;25;25;25;0;0;0;0;0;0;0;0;0;0;0;0;0;0;0;0;0;0;0;0;0;0;0;0;0;0;0;0;0;0;0;0;0;0;0;0;0;0;0;0;0;0;0;0;0;0;0;0;8;17;0;15;3;7;0;0;24;1;0;0;0;0;25;0;0;0;0;0;0;0;0;0;25;0;0;0;0;0;3;3;3;0;0;0;0;0;0;0;0;0;0;0;0;0;4;4;4;0;0;0;0;0;0;0;0;0;0;0;0;0;4;0;0;0;0;0;0;0;0;0
2024;Sudeste;3;São Paulo;SP;35;Cubatão;3513504;São Paulo;3501;Santos;350002;Metropolitana de São Paulo;15;Santos;63;Cubatão;351350405;NOVOS TEMPOS NOVO MUNDO ESCOLA DE EDUCACAO INFANTIL;35432957;4;2;1;0;ACACIA DOS SANTOS PEREIRA;69;RUA;JARDIM REAL;11534730;13;33635293;1;20102;15FEB2024:00:00:00;20DEC2024:00:00:00;;;;;1;1;1;0;0;0;0;0;1;0;0;0;0;0;;;;;;;1;0;0;0;0;0;1;99999999999999;05273791000147;1;3;;;1;3;0;0;0;0;;0;0;0;1;1;0;0;0;0;0;1;0;0;0;1;0;0;0;0;1;0;0;0;0;0;0;0;1;1;0;0;0;1;1;0;1;0;1;1;1;1;0;0;0;0;0;1;0;1;0;0;0;0;1;0;0;0;0;0;0;1;0;1;0;1;0;0;0;0;0;0;0;0;0;0;0;0;1;0;5;0;5;5;5;0;1;0;1;0;0;0;1;3;1;1;1;5;0;0;0;0;0;0;0;0;0;0;1;0;1;1;0;0;0;1;1;0;0;1;2;0;0;0;0;1;1;0;0;0;0;0;0;1;2;1;10;1;1;0;0;0;0;1;1;0;0;0;0;0;0;0;0;1;1;1;0;1;0;1;1;0;1;0;1;1;0;0;0;0;0;0;;;;;0;;;;;;;1;0;0;0;0;1;0;0;0;1;0;9;9;9;9;9;9;0;0;1;0;0;1;1;0;0;1;1;1;0;0;0;0;0;0;0;0;0;0;1;1;0;125;125;125;0;0;0;0;0;0;0;0;0;0;0;0;0;0;0;0;0;0;0;0;0;0;0;0;0;0;0;0;0;0;0;0;0;0;0;0;0;0;0;0;0;0;0;0;0;5;5;0;59;66;50;36;2;37;0;0;114;11;0;0;0;0;125;0;0;47;47;0;0;0;0;0;125;0;0;0;0;0;5;5;5;0;0;0;0;0;0;0;0;0;0;4;4;0;15;15;15;0;0;0;0;0;0;0;0;0;0;5;5;0;15;0;0;5;5;0;0;0;0;0
2024;Sudeste;3;São Paulo;SP;35;Cubatão;3513504;São Paulo;3501;Santos;350002;Metropolitana de São Paulo;15;Santos;63;Cubatão;351350405;HELENA DA SILVA CHUMBO ESCOLA DE EDUCACAO INFANTIL;35433901;4;;1;;RUA DOM PEDRO I;;;VILA NOVA;11520030;13;33040562;3;20102;;;;;;;;;;;;;;;;;;;;;;;;;;;;;;;;;;;;;;;;;;;;;;;;;;;;;;;;;;;;;;;;;;;;;;;;;;;;;;;;;;;;;;;;;;;;;;;;;;;;;;;;;;;;;;;;;;;;;;;;;;;;;;;;;;;;;;;;;;;;;;;;;;;;;;;;;;;;;;;;;;;;;;;;;;;;;;;;;;;;;;;;;;;;;;;;;;;;;;;;;;;;;;;;;;;;;;;;;;;;;;;;;;;;;;;;;;;;;;;;;;;;;;;;;;;;;;;;;;;;;;;;;;;;;;;;;;;;;;;;;;;;;;;;;;;;;;;;;;;;;;;;;;;;;;;;;;;;;;;;;;;;;;;;;;;;;;;;;;;;;;;;;;;;;;;;;;;;;;;;;;;;;;;;;;;;;;;;;;;;;;;;;;;;;;;;;
2024;Sudeste;3;São Paulo;SP;35;Cubatão;3513504;São Paulo;3501;Santos;350002;Metropolitana de São Paulo;15;Santos;63;Cubatão;351350405;MARIA LIBERATA VO BIA UNIDADE MUNICIPAL DE EDUCACAO;35440700;3;;1;0;JULIA SANTA;SN;RUA;VILA DOS PESCADORES;11531010;13;33632095;1;20102;15FEB2024:00:00:00;20DEC2024:00:00:00;1;0;0;0;0;;;;;;;;;;;;;;;;;;;;;;;;;;;;;1;3;;;1;1;0;0;0;0;;0;0;0;1;1;0;0;0;0;0;1;0;0;0;1;0;0;0;0;1;0;0;0;0;0;0;0;1;1;0;0;0;1;1;0;1;0;0;0;1;0;0;0;0;0;0;1;1;0;0;0;0;0;1;0;1;0;0;0;0;1;0;0;0;1;0;0;0;0;1;0;1;0;0;0;0;0;0;0;10;0;10;0;0;0;1;0;1;0;0;0;0;0;1;1;1;3;0;0;0;0;0;0;0;0;0;0;1;0;1;1;0;0;0;2;1;1;1;1;1;0;0;0;0;0;0;0;0;0;0;0;0;1;1;1;1;0;0;0;0;0;0;0;0;0;0;0;0;0;0;0;0;1;0;1;0;1;1;1;1;0;0;0;0;0;0;0;0;0;0;0;;;;;0;;;;;;;1;0;0;1;0;0;0;0;0;0;0;9;9;9;9;9;9;0;0;1;0;0;1;1;0;0;1;1;1;0;0;0;0;0;0;0;0;0;0;0;0;0;59;59;59;0;0;0;0;0;0;0;0;0;0;0;0;0;0;0;0;0;0;0;0;0;0;0;0;0;0;0;0;0;0;0;0;0;0;0;0;0;0;0;0;0;0;0;0;0;0;0;0;23;36;10;27;5;17;0;0;59;0;0;0;0;0;59;0;0;26;26;0;0;0;0;0;59;0;0;0;0;0;10;10;10;0;0;0;0;0;0;0;0;0;0;0;0;0;6;6;6;0;0;0;0;0;0;0;0;0;0;0;0;0;6;0;0;2;2;0;0;0;0;0
2024;Sudeste;3;São Paulo;SP;35;Cubatão;3513504;São Paulo;3501;Santos;350002;Metropolitana de São Paulo;15;Santos;63;Cubatão;351350405;CRIANCA FELIZ CRECHE;35445368;4;2;1;0;LEOPOLDO SAO;1181;CAMINHO;VILA ESPERANCA;11540320;13;33613846;1;20102;15FEB2024:00:00:00;20DEC2024:00:00:00;;;;;1;1;1;0;0;0;0;0;1;0;0;0;0;0;;;;;;;0;0;0;0;0;0;1;99999999999999;09557319000197;1;3;;;1;2;0;0;0;0;;0;0;0;1;1;0;0;0;0;0;1;0;0;0;1;0;0;0;0;1;0;0;0;0;0;0;0;1;1;0;0;0;1;1;1;1;0;0;0;1;1;0;0;0;0;0;0;0;0;0;0;0;0;1;0;0;0;0;0;0;1;0;0;0;1;0;0;0;0;0;0;0;0;0;0;0;0;1;0;12;0;12;0;0;0;1;1;1;1;0;0;0;0;0;0;1;3;0;0;1;1;0;0;0;0;0;0;1;0;1;0;0;0;0;0;1;1;1;1;3;0;0;0;0;1;2;0;0;1;1;0;0;1;3;1;1;1;1;1;1;0;0;0;0;0;0;0;0;0;0;0;0;1;1;1;0;1;0;1;1;0;1;0;0;0;0;0;0;0;0;0;;;;;0;;;;;;;0;0;0;0;0;1;0;0;0;0;0;9;9;9;9;9;9;0;0;1;0;0;1;1;0;0;1;1;1;0;0;0;0;0;0;0;0;0;0;0;0;0;168;168;168;0;0;0;0;0;0;0;0;0;0;0;0;0;0;0;0;0;0;0;0;0;0;0;0;0;0;0;0;0;0;0;0;0;0;0;0;0;0;0;0;0;0;0;0;0;0;0;0;81;87;19;60;6;83;0;0;157;11;0;0;0;0;168;0;0;81;81;0;0;0;0;0;167;1;0;0;0;0;9;9;9;0;0;0;0;0;0;0;0;0;0;0;0;0;13;13;13;0;0;0;0;0;0;0;0;0;0;0;0;0;13;0;0;5;5;0;0;0;0;0
2024;Sudeste;3;São Paulo;SP;35;Cubatão;3513504;São Paulo;3501;Santos;350002;Metropolitana de São Paulo;15;Santos;63;Cubatão;351350405;AMARELINHA CENTRO DE EDUCACAO INFANTIL;35445824;4;;1;;RUA MARIA CRISTINA;;;JARDIM CASQUEIRO;11533160;13;33719192;3;20102;;;;;;;;;;;;;;;;;;;;;;;;;;;;;;;;;;;;;;;;;;;;;;;;;;;;;;;;;;;;;;;;;;;;;;;;;;;;;;;;;;;;;;;;;;;;;;;;;;;;;;;;;;;;;;;;;;;;;;;;;;;;;;;;;;;;;;;;;;;;;;;;;;;;;;;;;;;;;;;;;;;;;;;;;;;;;;;;;;;;;;;;;;;;;;;;;;;;;;;;;;;;;;;;;;;;;;;;;;;;;;;;;;;;;;;;;;;;;;;;;;;;;;;;;;;;;;;;;;;;;;;;;;;;;;;;;;;;;;;;;;;;;;;;;;;;;;;;;;;;;;;;;;;;;;;;;;;;;;;;;;;;;;;;;;;;;;;;;;;;;;;;;;;;;;;;;;;;;;;;;;;;;;;;;;;;;;;;;;;;;;;;;;;;;;;;;
2024;Sudeste;3;São Paulo;SP;35;Cubatão;3513504;São Paulo;3501;Santos;350002;Metropolitana de São Paulo;15;Santos;63;Cubatão;351350405;MAE MARIA ASSOCIACAO EDUCACIONAL;35455118;4;;1;;DAS NACOES UNIDAS;956;;VILA NOVA;11525130;13;33040430;3;20102;;;;;;;;;;;;;;;;;;;;;;;;;;;;;;;;;;;;;;;;;;;;;;;;;;;;;;;;;;;;;;;;;;;;;;;;;;;;;;;;;;;;;;;;;;;;;;;;;;;;;;;;;;;;;;;;;;;;;;;;;;;;;;;;;;;;;;;;;;;;;;;;;;;;;;;;;;;;;;;;;;;;;;;;;;;;;;;;;;;;;;;;;;;;;;;;;;;;;;;;;;;;;;;;;;;;;;;;;;;;;;;;;;;;;;;;;;;;;;;;;;;;;;;;;;;;;;;;;;;;;;;;;;;;;;;;;;;;;;;;;;;;;;;;;;;;;;;;;;;;;;;;;;;;;;;;;;;;;;;;;;;;;;;;;;;;;;;;;;;;;;;;;;;;;;;;;;;;;;;;;;;;;;;;;;;;;;;;;;;;;;;;;;;;;;;;;
2024;Sudeste;3;São Paulo;SP;35;Cubatão;3513504;São Paulo;3501;Santos;350002;Metropolitana de São Paulo;15;Santos;63;Cubatão;351350405;JAYME JOAO OLCESE UNIDADE MUNICIPAL DE ENSINO;35456385;3;;1;0;SALGADO FILHO;96;RUA;PARQUE FERNANDO JORGE;11500270;13;33614701;1;20102;15FEB2024:00:00:00;20DEC2024:00:00:00;1;0;0;0;0;;;;;;;;;;;;;;;;;;;;;;;;;;;;;1;3;;;1;1;0;0;0;0;;0;0;0;1;1;0;0;0;0;0;1;0;0;0;1;0;0;0;0;1;0;0;0;0;0;0;0;1;1;0;0;0;1;0;1;1;0;1;1;1;1;0;0;0;1;0;1;1;1;0;1;1;0;1;0;0;0;0;0;0;1;0;1;0;1;1;0;0;0;0;0;0;0;0;0;0;0;1;0;13;0;13;0;0;0;1;0;1;1;1;0;0;0;1;1;1;3;1;10;0;0;0;0;0;0;0;0;1;0;1;1;0;0;0;3;1;0;0;1;5;0;0;0;0;0;0;0;0;1;1;0;0;1;3;1;1;1;1;0;0;0;0;1;2;1;1;0;0;0;0;0;0;1;1;0;0;1;0;1;1;0;1;0;1;0;0;1;0;1;0;0;;;;;0;;;;;;;1;0;0;0;1;1;0;0;0;1;1;1;0;1;1;1;0;1;0;1;0;0;1;1;0;0;1;0;0;0;1;1;0;0;0;0;0;0;0;1;1;0;267;0;0;0;267;267;30;59;88;55;35;0;0;0;0;0;0;0;0;0;0;0;0;0;0;0;0;0;0;0;0;0;0;0;0;0;0;0;0;0;0;0;0;0;0;0;0;0;14;14;0;129;138;43;97;4;123;0;0;0;0;253;14;0;0;267;0;0;0;0;0;267;267;0;0;265;2;0;0;0;0;29;0;0;0;29;29;0;0;0;0;0;0;0;25;25;0;10;0;0;0;10;10;0;0;0;0;0;0;0;8;8;0;10;0;0;0;0;0;10;10;0;0
2024;Sudeste;3;São Paulo;SP;35;Cubatão;3513504;São Paulo;3501;Santos;350002;Metropolitana de São Paulo;15;Santos;63;Cubatão;351350405;CEL JTO A EE AFONSO SCHIMIDT;35460400;2;;1;;R BERNARDO PINTO;94-96;;VILA PAULISTA;11510260;13;33614761;2;20102;;;;;;;;;;;;;;;;;;;;;;;;;;;;;;;;;;;;;;;;;;;;;;;;;;;;;;;;;;;;;;;;;;;;;;;;;;;;;;;;;;;;;;;;;;;;;;;;;;;;;;;;;;;;;;;;;;;;;;;;;;;;;;;;;;;;;;;;;;;;;;;;;;;;;;;;;;;;;;;;;;;;;;;;;;;;;;;;;;;;;;;;;;;;;;;;;;;;;;;;;;;;;;;;;;;;;;;;;;;;;;;;;;;;;;;;;;;;;;;;;;;;;;;;;;;;;;;;;;;;;;;;;;;;;;;;;;;;;;;;;;;;;;;;;;;;;;;;;;;;;;;;;;;;;;;;;;;;;;;;;;;;;;;;;;;;;;;;;;;;;;;;;;;;;;;;;;;;;;;;;;;;;;;;;;;;;;;;;;;;;;;;;;;;;;;;;
2024;Sudeste;3;São Paulo;SP;35;Cubatão;3513504;São Paulo;3501;Santos;350002;Metropolitana de São Paulo;15;Santos;63;Cubatão;351350405;CARROSSEL NUCLEO DE EDUCACAO INFANTIL;35460795;4;1;1;0;DOM PEDRO I;461;;VILA NOVA;11520050;13;974154477;1;20102;19FEB2024:00:00:00;21DEC2024:00:00:00;;;;;1;1;0;0;0;1;0;0;0;0;0;1;0;0;;;;;;;0;0;0;0;0;0;1;13207848000138;13207848000138;1;3;;;1;2;0;0;0;0;;0;0;0;1;1;0;0;0;0;0;1;0;0;0;1;0;0;0;0;1;0;0;0;0;0;0;0;1;0;0;0;0;1;1;1;0;0;0;0;1;0;0;0;0;0;0;0;0;1;0;0;0;0;1;0;0;0;0;0;0;1;0;0;0;0;0;0;0;0;0;0;0;0;1;0;0;0;0;0;12;8;20;8;0;0;1;1;1;1;0;0;1;1;1;2;1;4;0;0;0;0;0;0;0;0;0;0;1;0;1;1;0;0;0;2;1;1;1;1;4;0;0;0;0;0;0;0;0;1;1;0;0;1;2;1;1;1;1;0;0;0;0;0;0;0;0;0;0;0;0;0;0;1;0;1;0;1;0;1;0;0;0;0;0;0;0;0;0;0;0;0;;;;;0;;;;;;;1;0;0;0;0;0;0;0;1;1;1;1;0;0;0;1;0;0;0;1;0;0;1;1;0;0;1;1;1;0;0;0;0;0;0;0;0;0;0;0;0;0;260;260;260;0;0;0;0;0;0;0;0;0;0;0;0;0;0;0;0;0;0;0;0;0;0;0;0;0;0;0;0;0;0;0;0;0;0;0;0;0;0;0;0;0;0;0;0;0;0;0;0;135;125;29;110;21;100;0;0;240;20;0;0;0;0;260;0;0;198;198;0;0;0;0;0;260;0;0;0;0;0;10;10;10;0;0;0;0;0;0;0;0;0;0;0;0;0;23;23;23;0;0;0;0;0;0;0;0;0;0;0;0;0;23;0;0;17;17;0;0;0;0;0
2024;Sudeste;3;São Paulo;SP;35;Cubatão;3513504;São Paulo;3501;Santos;350002;Metropolitana de São Paulo;15;Santos;63;Cubatão;351350405;GRUPO RESGATE DA VIDA TREINAMENTOS ESCOLA TECNICA;35460977;4;;1;;RUA ESPANHA;;;JARDIM CASQUEIRO;11533140;13;33719939;2;20102;;;;;;;;;;;;;;;;;;;;;;;;;;;;;;;;;;;;;;;;;;;;;;;;;;;;;;;;;;;;;;;;;;;;;;;;;;;;;;;;;;;;;;;;;;;;;;;;;;;;;;;;;;;;;;;;;;;;;;;;;;;;;;;;;;;;;;;;;;;;;;;;;;;;;;;;;;;;;;;;;;;;;;;;;;;;;;;;;;;;;;;;;;;;;;;;;;;;;;;;;;;;;;;;;;;;;;;;;;;;;;;;;;;;;;;;;;;;;;;;;;;;;;;;;;;;;;;;;;;;;;;;;;;;;;;;;;;;;;;;;;;;;;;;;;;;;;;;;;;;;;;;;;;;;;;;;;;;;;;;;;;;;;;;;;;;;;;;;;;;;;;;;;;;;;;;;;;;;;;;;;;;;;;;;;;;;;;;;;;;;;;;;;;;;;;;;
2024;Sudeste;3;São Paulo;SP;35;Cubatão;3513504;São Paulo;3501;Santos;350002;Metropolitana de São Paulo;15;Santos;63;Cubatão;351350405;APARECIDA CARLOS ANTONIO VIDAL;35462664;2;;1;0;5;91;;JARDIM NOVA REPUBLICA;11534280;13;33644408;1;20102;15FEB2024:00:00:00;17DEC2024:00:00:00;1;0;0;0;0;;;;;;;;;;;;;;;;;;;;;;;;;;;;;1;2;;;1;3;0;0;0;0;;0;0;0;1;1;0;0;0;0;0;1;0;0;0;1;0;0;0;0;1;0;0;0;0;0;0;0;1;1;0;0;0;1;0;1;1;0;0;1;1;1;0;0;0;1;0;1;1;0;0;1;1;0;1;0;0;0;0;0;0;1;1;1;0;1;1;0;0;0;0;1;1;0;1;0;0;0;0;0;9;0;9;0;0;0;1;0;1;1;0;0;1;1;1;3;1;88888;0;0;1;2;0;0;1;55;1;15;1;1;1;1;0;1;0;0;1;1;4;1;2;0;0;0;0;1;1;0;0;1;1;0;0;1;2;1;1;0;0;0;0;1;1;1;2;0;0;0;0;0;0;0;0;1;1;0;0;1;0;1;0;0;1;0;0;0;0;0;0;1;0;0;;;;;0;;;;;;;1;0;0;0;1;1;1;0;0;0;0;9;9;9;9;9;9;1;0;1;0;0;1;1;0;0;1;0;0;0;1;1;0;0;0;0;0;0;0;1;1;0;458;0;0;0;458;458;78;87;95;111;87;0;0;0;0;0;0;0;0;0;0;0;0;0;0;0;0;0;0;0;0;0;0;0;0;0;0;0;0;0;0;0;0;0;0;0;0;0;38;38;0;226;232;70;207;12;169;0;0;0;0;442;16;0;0;458;0;0;0;0;0;0;0;0;0;456;2;0;0;0;0;23;0;0;0;23;23;0;0;0;0;0;0;0;23;23;0;16;0;0;0;16;16;0;0;0;0;0;0;0;16;16;0;16;0;0;0;0;0;0;0;0;0
2024;Sudeste;3;São Paulo;SP;35;Cubatão;3513504;São Paulo;3501;Santos;350002;Metropolitana de São Paulo;15;Santos;63;Cubatão;351350405;MARIA DO ROSARIO LOPES FRANCO PROFESSORA UME;35466414;3;;1;0;JOAO VEIGA;SN;RUA;PARQUE SAO LUIS;11533510;13;33644927;1;20102;15FEB2024:00:00:00;20DEC2024:00:00:00;1;0;0;0;0;;;;;;;;;;;;;;;;;;;;;;;;;;;;;1;3;;;1;3;0;0;0;0;;0;0;0;1;1;0;0;0;0;0;1;0;0;0;1;0;0;0;0;1;0;0;0;0;0;0;0;1;1;0;0;0;1;0;0;1;1;0;1;1;1;0;0;0;1;0;1;0;0;0;1;1;0;1;0;0;0;0;0;0;1;1;1;0;1;1;0;0;0;1;1;1;1;1;0;1;1;0;0;16;0;16;0;0;0;1;1;1;1;0;0;1;1;1;4;1;2;1;1;1;2;1;40;0;0;0;0;1;1;1;1;0;9;9;3;1;1;2;1;4;0;0;0;0;0;0;0;0;1;1;0;0;1;2;1;1;1;2;1;4;1;2;1;2;1;1;0;0;0;0;0;0;1;1;0;0;1;1;1;1;0;1;0;1;0;0;0;0;0;0;0;;;;;0;;;;;;;1;1;0;0;1;1;0;0;0;0;1;0;0;0;0;1;0;1;0;1;0;0;1;1;0;0;1;0;0;0;1;1;0;0;0;0;0;0;0;1;1;0;450;0;0;0;450;450;61;73;90;111;115;0;0;0;0;0;0;0;0;0;0;0;0;0;0;0;0;0;0;0;0;0;0;0;0;0;0;0;0;0;0;0;0;0;0;0;0;0;39;39;0;212;238;71;205;12;162;0;0;0;0;418;32;0;0;450;0;0;0;0;0;31;31;0;0;442;8;0;0;0;0;23;0;0;0;23;23;0;0;0;0;0;0;0;21;21;0;20;0;0;0;20;20;0;0;0;0;0;0;0;19;19;0;20;0;0;0;0;0;0;0;0;0
2024;Sudeste;3;São Paulo;SP;35;Cubatão;3513504;São Paulo;3501;Santos;350002;Metropolitana de São Paulo;15;Santos;63;Cubatão;351350405;MARTA JOSETE RAMOS IMPALEA PROFA CEU UNIDADE I;35468514;3;;1;0;ASSEMBLEIA DE DEUS;63;RUA;JARDIM SAO FRANCISCO;11500040;13;33726778;1;20102;15FEB2024:00:00:00;20DEC2024:00:00:00;1;0;0;0;0;;;;;;;;;;;;;;;;;;;;;;;;;;;;;1;3;;;1;1;0;0;0;0;;0;0;0;1;1;0;0;0;0;0;1;0;0;0;1;0;0;0;0;1;0;0;0;0;0;0;0;1;1;0;0;0;1;1;0;0;0;0;0;0;0;0;0;0;0;0;1;0;1;1;0;0;0;1;0;0;0;0;0;0;1;0;1;0;0;0;0;0;0;1;1;1;1;1;0;1;1;0;0;6;0;6;6;6;0;1;0;0;0;0;0;0;0;0;0;1;5;0;0;0;0;0;0;0;0;0;0;1;0;1;1;0;0;0;2;1;0;0;1;3;0;0;0;0;1;1;0;0;1;1;0;0;1;3;1;1;1;1;0;0;0;0;0;0;0;0;0;0;0;0;0;0;1;1;1;0;1;1;1;1;0;1;0;0;0;0;0;0;0;0;0;;;;;0;;;;;;;0;1;1;0;1;1;0;0;0;0;1;0;0;0;0;0;1;0;0;1;0;0;1;1;0;0;1;1;1;0;0;0;0;0;0;0;0;0;0;1;1;0;152;152;152;0;0;0;0;0;0;0;0;0;0;0;0;0;0;0;0;0;0;0;0;0;0;0;0;0;0;0;0;0;0;0;0;0;0;0;0;0;0;0;0;0;0;0;0;0;10;10;0;71;81;11;70;7;64;0;0;136;16;0;0;0;0;152;0;0;96;96;0;0;0;0;0;151;1;0;0;0;0;21;21;21;0;0;0;0;0;0;0;0;0;0;11;11;0;15;15;15;0;0;0;0;0;0;0;0;0;0;7;7;0;15;0;0;5;5;0;0;0;0;0
2024;Sudeste;3;São Paulo;SP;35;Cubatão;3513504;São Paulo;3501;Santos;350002;Metropolitana de São Paulo;15;Santos;63;Cubatão;351350405;MARTA JOSETE RAMOS IMPALEA PROFA CEU UNIDADE II;35468526;3;;1;;ASSEMBLEIA DE DEUS;65;RUA;JARDIM SAO FRANCISCO;11500040;13;33726776;3;20102;;;;;;;;;;;;;;;;;;;;;;;;;;;;;;;;;;;;;;;;;;;;;;;;;;;;;;;;;;;;;;;;;;;;;;;;;;;;;;;;;;;;;;;;;;;;;;;;;;;;;;;;;;;;;;;;;;;;;;;;;;;;;;;;;;;;;;;;;;;;;;;;;;;;;;;;;;;;;;;;;;;;;;;;;;;;;;;;;;;;;;;;;;;;;;;;;;;;;;;;;;;;;;;;;;;;;;;;;;;;;;;;;;;;;;;;;;;;;;;;;;;;;;;;;;;;;;;;;;;;;;;;;;;;;;;;;;;;;;;;;;;;;;;;;;;;;;;;;;;;;;;;;;;;;;;;;;;;;;;;;;;;;;;;;;;;;;;;;;;;;;;;;;;;;;;;;;;;;;;;;;;;;;;;;;;;;;;;;;;;;;;;;;;;;;;;;
2024;Sudeste;3;São Paulo;SP;35;Cubatão;3513504;São Paulo;3501;Santos;350002;Metropolitana de São Paulo;15;Santos;63;Cubatão;351350405;MARTA JOSETE RAMOS IMPALEA PROFA CEU UNIDADE III;35468538;3;;1;;ASSEMBLEIA DE DEUS;67;RUA;JARDIM SAO FRANCISCO;11500040;13;33726747;3;20102;;;;;;;;;;;;;;;;;;;;;;;;;;;;;;;;;;;;;;;;;;;;;;;;;;;;;;;;;;;;;;;;;;;;;;;;;;;;;;;;;;;;;;;;;;;;;;;;;;;;;;;;;;;;;;;;;;;;;;;;;;;;;;;;;;;;;;;;;;;;;;;;;;;;;;;;;;;;;;;;;;;;;;;;;;;;;;;;;;;;;;;;;;;;;;;;;;;;;;;;;;;;;;;;;;;;;;;;;;;;;;;;;;;;;;;;;;;;;;;;;;;;;;;;;;;;;;;;;;;;;;;;;;;;;;;;;;;;;;;;;;;;;;;;;;;;;;;;;;;;;;;;;;;;;;;;;;;;;;;;;;;;;;;;;;;;;;;;;;;;;;;;;;;;;;;;;;;;;;;;;;;;;;;;;;;;;;;;;;;;;;;;;;;;;;;;;
2024;Sudeste;3;São Paulo;SP;35;Cubatão;3513504;São Paulo;3501;Santos;350002;Metropolitana de São Paulo;15;Santos;63;Cubatão;351350405;SONHO ENCANTADO ESCOLA DE EDUCACAO INFANTIL;35472190;4;;1;;AVENIDA MARTINS FONTES;;;VILA NOVA;11525090;13;33040562;3;20102;;;;;;;;;;;;;;;;;;;;;;;;;;;;;;;;;;;;;;;;;;;;;;;;;;;;;;;;;;;;;;;;;;;;;;;;;;;;;;;;;;;;;;;;;;;;;;;;;;;;;;;;;;;;;;;;;;;;;;;;;;;;;;;;;;;;;;;;;;;;;;;;;;;;;;;;;;;;;;;;;;;;;;;;;;;;;;;;;;;;;;;;;;;;;;;;;;;;;;;;;;;;;;;;;;;;;;;;;;;;;;;;;;;;;;;;;;;;;;;;;;;;;;;;;;;;;;;;;;;;;;;;;;;;;;;;;;;;;;;;;;;;;;;;;;;;;;;;;;;;;;;;;;;;;;;;;;;;;;;;;;;;;;;;;;;;;;;;;;;;;;;;;;;;;;;;;;;;;;;;;;;;;;;;;;;;;;;;;;;;;;;;;;;;;;;;;
2024;Sudeste;3;São Paulo;SP;35;Cubatão;3513504;São Paulo;3501;Santos;350002;Metropolitana de São Paulo;15;Santos;63;Cubatão;351350405;PARQUE DOS SONHOS 9A;35474859;2;;1;0;ORLANDO TERRAS;SN;;JARDIM REAL;11534870;13;33645249;1;20102;15FEB2024:00:00:00;20DEC2024:00:00:00;1;0;0;0;0;;;;;;;;;;;;;;;;;;;;;;;;;;;;;1;2;;;1;1;0;0;0;0;;0;0;0;1;1;0;0;0;0;0;1;0;0;0;1;0;0;0;0;1;0;0;0;0;0;0;0;1;0;0;0;0;1;0;1;1;0;0;1;1;1;0;0;1;1;0;1;1;0;0;1;1;0;1;0;1;0;0;0;0;1;1;1;0;1;1;0;0;0;0;1;0;0;0;0;0;0;0;0;19;0;19;0;0;0;1;0;0;1;0;0;1;1;1;16;1;19;1;2;0;0;0;0;1;94;1;70;1;1;1;1;0;1;0;0;1;1;3;1;2;1;1;0;0;1;2;0;0;1;1;0;0;1;3;1;1;1;1;0;0;0;0;1;2;0;0;0;0;0;0;0;0;1;0;0;1;1;1;1;0;0;1;0;1;0;0;0;0;1;0;0;;;;;0;;;;;;;1;1;1;0;1;1;1;0;0;1;0;9;9;9;9;9;9;1;1;1;0;0;1;1;0;0;1;0;0;0;1;1;1;0;0;0;0;0;0;1;1;0;576;0;0;0;576;313;53;65;66;67;62;263;72;90;65;36;0;0;0;0;0;0;0;0;0;0;0;0;0;0;0;0;0;0;0;0;0;0;0;0;0;0;0;0;0;0;0;0;16;16;0;295;281;122;234;13;205;1;1;0;0;296;267;13;0;576;0;0;0;0;0;576;313;263;0;574;2;0;0;0;0;33;0;0;0;33;19;14;0;0;0;0;0;0;33;33;0;18;0;0;0;18;10;8;0;0;0;0;0;0;11;11;0;18;0;0;0;0;0;18;10;8;0
2024;Sudeste;3;São Paulo;SP;35;Cubatão;3513504;São Paulo;3501;Santos;350002;Metropolitana de São Paulo;15;Santos;63;Cubatão;351350405;WALDOMIRO MARIANI PROFESSOR;35474873;2;;1;0;ORLANDO TERRAS;SN;;JARDIM REAL;11534870;13;33645517;1;20102;15FEB2024:00:00:00;17DEC2024:00:00:00;1;0;0;0;0;;;;;;;;;;;;;;;;;;;;;;;;;;;;;1;2;;;1;1;0;0;0;0;;0;0;0;1;1;0;0;0;0;0;1;0;0;0;1;0;0;0;0;1;0;0;0;0;0;0;0;1;1;0;0;0;1;0;1;1;0;0;1;1;1;0;0;0;1;0;1;1;0;0;1;1;0;1;0;0;0;0;0;0;1;1;1;0;1;1;0;0;0;0;0;0;0;0;0;0;0;1;0;12;0;12;2;0;0;1;0;1;1;0;0;0;0;1;1;1;12;1;1;1;2;1;22;1;80;1;17;1;1;1;0;0;1;1;3;1;1;5;1;3;0;0;0;0;0;0;0;0;0;0;0;0;1;2;1;2;1;1;1;1;1;3;1;3;0;0;0;0;0;0;0;0;1;0;0;1;1;0;1;1;1;1;0;0;0;0;0;0;0;0;0;;;;;0;;;;;;;1;1;1;0;1;1;1;0;0;0;1;0;0;1;0;1;0;1;0;1;0;1;1;1;1;1;1;0;0;0;1;0;1;1;1;1;1;0;1;1;1;0;793;0;0;0;267;0;0;0;0;0;0;267;57;51;59;100;484;370;108;98;164;0;0;114;0;114;0;0;0;0;0;0;0;0;114;114;0;0;0;42;0;0;0;0;42;42;0;0;36;36;0;400;393;114;343;7;327;1;1;0;0;0;230;472;91;553;141;99;0;0;0;0;0;0;0;776;17;0;2;2;0;43;0;0;0;23;0;23;27;11;11;14;0;14;38;38;0;33;0;0;0;11;0;11;18;4;4;4;0;4;20;20;0;21;8;4;0;0;0;0;0;0;0
2024;Sudeste;3;São Paulo;SP;35;Cubatão;3513504;São Paulo;3501;Santos;350002;Metropolitana de São Paulo;15;Santos;63;Cubatão;351350405;ANA LUIZA VICTOR DO COUTO UNIDADE MUNICIPAL DE ENSINO;35480678;3;;1;0;PEDRO ALVARES CABRAL;SN;RUA;VALE VERDE;11542090;13;33624535;1;20102;15FEB2024:00:00:00;20DEC2024:00:00:00;1;0;0;0;0;;;;;;;;;;;;;;;;;;;;;;;;;;;;;1;3;;;1;1;0;0;0;0;;1;0;0;1;1;0;0;0;0;0;1;0;0;0;1;0;0;0;0;1;0;0;0;0;0;0;0;1;1;0;0;0;1;1;1;0;0;0;0;1;1;0;0;0;0;0;1;1;0;0;0;0;0;1;0;0;0;0;0;0;1;0;0;0;1;0;0;0;0;1;0;0;1;1;0;1;1;0;0;5;1;6;6;6;0;1;0;1;1;1;0;0;0;1;1;1;6;0;0;0;0;0;0;0;0;0;0;1;0;1;0;0;0;0;0;1;0;0;1;3;0;0;0;0;1;2;0;0;1;1;0;0;1;2;1;2;1;1;0;0;0;0;1;1;0;0;0;0;0;0;0;0;1;1;1;0;1;1;1;1;0;1;0;0;0;0;0;0;0;0;0;;;;;0;;;;;;;1;0;0;0;0;1;0;0;0;0;1;0;0;0;0;1;0;0;0;1;0;0;1;1;0;0;1;1;1;1;0;0;0;0;0;0;0;0;0;1;1;0;141;141;90;51;0;0;0;0;0;0;0;0;0;0;0;0;0;0;0;0;0;0;0;0;0;0;0;0;0;0;0;0;0;0;0;0;0;0;0;0;0;0;0;0;0;0;0;0;7;7;0;60;81;85;38;3;15;0;0;78;57;6;0;0;0;141;0;0;53;35;18;0;0;0;0;141;0;0;0;0;0;17;17;8;9;0;0;0;0;0;0;0;0;0;9;9;0;15;15;6;9;0;0;0;0;0;0;0;0;0;5;5;0;15;0;0;5;2;3;0;0;0;0
2024;Sudeste;3;São Paulo;SP;35;Cubatão;3513504;São Paulo;3501;Santos;350002;Metropolitana de São Paulo;15;Santos;63;Cubatão;351350405;BALAO MAGICO CENTRO DE EDUCACAO;35499894;4;1;1;0;MARIA CRISTINA;1096;RUA;JARDIM CASQUEIRO;11533160;13;30161003;1;20102;15FEB2024:00:00:00;20DEC2024:00:00:00;;;;;1;1;0;0;0;1;0;0;0;0;0;1;0;0;;;;;;;0;0;0;0;0;0;1;99999999999999;17366350000179;1;3;;;1;2;0;0;0;0;;0;1;0;1;1;0;0;0;0;0;1;0;0;0;1;0;0;0;0;1;0;0;0;0;1;0;1;0;0;0;0;0;1;1;0;0;1;0;0;1;1;0;0;0;0;0;1;0;1;0;0;0;0;1;0;0;0;0;0;0;0;0;0;0;1;0;0;0;0;0;0;0;0;0;0;0;0;1;0;5;0;5;0;0;1;1;0;1;1;0;0;1;1;1;1;1;3;0;0;0;0;0;0;0;0;0;0;1;0;1;1;0;0;0;2;1;0;0;1;1;0;0;0;0;0;0;0;0;1;1;0;0;1;1;1;1;1;1;0;0;0;0;0;0;0;0;0;0;0;0;0;0;1;1;1;0;1;1;1;1;0;1;0;0;0;0;0;0;0;0;0;;;;;0;;;;;;;1;0;1;0;0;0;0;0;1;1;0;9;9;9;9;9;9;0;0;1;0;0;1;1;0;0;1;1;1;1;0;0;0;0;0;0;0;0;0;0;0;0;46;46;34;12;0;0;0;0;0;0;0;0;0;0;0;0;0;0;0;0;0;0;0;0;0;0;0;0;0;0;0;0;0;0;0;0;0;0;0;0;0;0;0;0;0;0;0;0;0;0;0;19;27;3;24;1;18;0;0;28;17;1;0;0;0;46;0;0;0;0;0;0;0;0;0;46;0;0;0;0;0;4;4;2;2;0;0;0;0;0;0;0;0;0;0;0;0;5;5;3;2;0;0;0;0;0;0;0;0;0;0;0;0;5;0;0;0;0;0;0;0;0;0
2024;Sudeste;3;São Paulo;SP;35;Cubatão;3513504;São Paulo;3501;Santos;350002;Metropolitana de São Paulo;15;Santos;63;Cubatão;351350405;NASCIMENTO NUCLEO DE EDUCACAO INFANTIL E FUNDAMENTAL;35565908;4;;1;;AV CRUZEIRO DO SUL;426;;VILA NOVA;11525150;13;33718218;2;20102;;;;;;;;;;;;;;;;;;;;;;;;;;;;;;;;;;;;;;;;;;;;;;;;;;;;;;;;;;;;;;;;;;;;;;;;;;;;;;;;;;;;;;;;;;;;;;;;;;;;;;;;;;;;;;;;;;;;;;;;;;;;;;;;;;;;;;;;;;;;;;;;;;;;;;;;;;;;;;;;;;;;;;;;;;;;;;;;;;;;;;;;;;;;;;;;;;;;;;;;;;;;;;;;;;;;;;;;;;;;;;;;;;;;;;;;;;;;;;;;;;;;;;;;;;;;;;;;;;;;;;;;;;;;;;;;;;;;;;;;;;;;;;;;;;;;;;;;;;;;;;;;;;;;;;;;;;;;;;;;;;;;;;;;;;;;;;;;;;;;;;;;;;;;;;;;;;;;;;;;;;;;;;;;;;;;;;;;;;;;;;;;;;;;;;;;;
2024;Sudeste;3;São Paulo;SP;35;Cubatão;3513504;São Paulo;3501;Santos;350002;Metropolitana de São Paulo;15;Santos;63;Cubatão;351350405;ARVORE DA VIDA CENTRO EDUCACIONAL INFANTIL;35566391;4;;1;;BRASILIA;390;RUA;JARDIM CASQUEIRO;11530020;13;33041002;2;20102;;;;;;;;;;;;;;;;;;;;;;;;;;;;;;;;;;;;;;;;;;;;;;;;;;;;;;;;;;;;;;;;;;;;;;;;;;;;;;;;;;;;;;;;;;;;;;;;;;;;;;;;;;;;;;;;;;;;;;;;;;;;;;;;;;;;;;;;;;;;;;;;;;;;;;;;;;;;;;;;;;;;;;;;;;;;;;;;;;;;;;;;;;;;;;;;;;;;;;;;;;;;;;;;;;;;;;;;;;;;;;;;;;;;;;;;;;;;;;;;;;;;;;;;;;;;;;;;;;;;;;;;;;;;;;;;;;;;;;;;;;;;;;;;;;;;;;;;;;;;;;;;;;;;;;;;;;;;;;;;;;;;;;;;;;;;;;;;;;;;;;;;;;;;;;;;;;;;;;;;;;;;;;;;;;;;;;;;;;;;;;;;;;;;;;;;;
2024;Sudeste;3;São Paulo;SP;35;Cubatão;3513504;São Paulo;3501;Santos;350002;Metropolitana de São Paulo;15;Santos;63;Cubatão;351350405;DILCE FERREIRA CAMPOS UNIDADE MUNICIPAL DE ENSINO;35566743;3;;1;;ASSEMBLEIA DE DEUS;435;RUA;JARDIM SAO FRANCISCO;11500040;13;33729735;3;20102;;;;;;;;;;;;;;;;;;;;;;;;;;;;;;;;;;;;;;;;;;;;;;;;;;;;;;;;;;;;;;;;;;;;;;;;;;;;;;;;;;;;;;;;;;;;;;;;;;;;;;;;;;;;;;;;;;;;;;;;;;;;;;;;;;;;;;;;;;;;;;;;;;;;;;;;;;;;;;;;;;;;;;;;;;;;;;;;;;;;;;;;;;;;;;;;;;;;;;;;;;;;;;;;;;;;;;;;;;;;;;;;;;;;;;;;;;;;;;;;;;;;;;;;;;;;;;;;;;;;;;;;;;;;;;;;;;;;;;;;;;;;;;;;;;;;;;;;;;;;;;;;;;;;;;;;;;;;;;;;;;;;;;;;;;;;;;;;;;;;;;;;;;;;;;;;;;;;;;;;;;;;;;;;;;;;;;;;;;;;;;;;;;;;;;;;;
2024;Sudeste;3;São Paulo;SP;35;Cubatão;3513504;São Paulo;3501;Santos;350002;Metropolitana de São Paulo;15;Santos;63;Cubatão;351350405;ESCOLA DE EDUCACAO INFANTIL UNIVERSO COLORIDO;35577182;4;1;1;0;PRACA VEREADOR JOAO FAUSTINO ALVARENGA;31;RUA;VILA PONTE NOVA;11530100;13;33719002;1;20102;01FEB2024:00:00:00;20DEC2024:00:00:00;;;;;0;;;;;;;;;;;;;;;;;;;;1;0;0;0;0;0;0;36722596000180;36722596000180;1;3;;;1;2;0;0;0;0;;0;0;0;1;1;0;0;0;0;0;1;0;0;0;1;0;0;0;0;1;0;0;0;0;0;0;0;1;1;0;0;0;1;1;0;0;1;0;0;1;0;0;0;0;0;0;0;0;1;0;0;0;0;0;0;0;0;0;0;0;0;0;0;0;1;0;0;0;0;0;0;0;0;0;0;0;0;1;0;7;0;7;0;0;0;1;1;1;1;0;0;1;1;1;1;1;2;0;0;0;0;1;3;0;0;0;0;1;0;1;0;0;0;0;0;1;1;2;1;1;0;0;0;0;1;2;0;0;0;0;1;1;1;2;0;0;1;1;0;0;0;0;1;1;0;0;0;0;0;0;0;0;1;1;1;0;1;0;1;1;0;1;0;0;0;0;0;0;0;0;0;;;;;0;;;;;;;0;0;1;0;0;0;0;0;1;1;1;1;0;0;0;0;0;0;0;1;0;0;1;1;0;0;1;1;1;1;0;0;0;0;0;0;0;0;0;0;0;0;150;150;78;72;0;0;0;0;0;0;0;0;0;0;0;0;0;0;0;0;0;0;0;0;0;0;0;0;0;0;0;0;0;0;0;0;0;0;0;0;0;0;0;0;0;0;0;0;0;0;0;75;75;6;108;4;31;1;0;72;73;5;0;0;0;150;0;0;47;47;0;0;0;0;0;149;1;0;0;0;0;17;17;9;8;0;0;0;0;0;0;0;0;0;0;0;0;12;12;6;6;0;0;0;0;0;0;0;0;0;0;0;0;12;0;0;3;3;0;0;0;0;0
2024;Sudeste;3;São Paulo;SP;35;Cubatão;3513504;São Paulo;3501;Santos;350002;Metropolitana de São Paulo;15;Santos;63;Cubatão;351350405;ESCOLA UNIVERSO COLORIDO PREMIUM;35585099;4;1;1;0;FRANCISCO BARBOSA;334;RUA;VILA PONTE NOVA;11530100;13;33235539;1;20102;15FEB2024:00:00:00;20DEC2024:00:00:00;;;;;0;;;;;;;;;;;;;;;;;;;;1;0;0;0;0;0;0;99999999999999;99999999999999;1;2;;;1;2;0;0;0;0;;0;0;0;1;1;0;0;0;0;0;1;0;0;0;1;0;0;0;0;1;0;0;0;0;1;0;0;0;0;0;0;0;1;0;1;0;0;0;1;0;0;0;0;0;1;0;0;0;0;0;1;1;0;1;0;0;0;0;0;0;0;1;1;0;1;0;0;0;0;0;0;0;0;0;0;0;0;1;0;5;0;5;5;0;0;1;0;1;1;0;0;1;1;1;1;1;2;0;0;1;1;1;1;0;0;1;1;1;0;1;1;0;0;0;0;1;1;1;1;1;0;0;0;0;1;1;0;0;1;1;1;1;0;0;0;0;1;1;1;1;1;1;1;1;0;0;0;0;0;0;0;0;0;1;1;0;1;0;1;1;0;1;0;0;1;0;0;0;0;0;0;;;;;0;;;;;;;1;0;0;0;0;0;0;1;0;0;1;1;0;0;1;0;0;0;0;1;0;0;1;1;0;0;1;0;0;0;1;1;0;0;0;0;0;0;0;1;1;0;102;0;0;0;102;102;26;10;23;17;26;0;0;0;0;0;0;0;0;0;0;0;0;0;0;0;0;0;0;0;0;0;0;0;0;0;0;0;0;0;0;0;0;0;0;0;0;0;8;8;0;57;45;11;56;2;27;6;0;0;0;101;1;0;0;102;0;0;0;0;0;0;0;0;0;94;8;0;0;0;0;10;0;0;0;10;10;0;0;0;0;0;0;0;7;7;0;9;0;0;0;9;9;0;0;0;0;0;0;0;5;5;0;9;0;0;0;0;0;0;0;0;0
2024;Sudeste;3;São Paulo;SP;35;Cubatão;3513504;São Paulo;3501;Santos;350002;Metropolitana de São Paulo;15;Santos;63;Cubatão;351350405;ARCO IRIS CRECHE COMUNITARIA;35806535;4;;1;;NADIR TEREZA ESTEVES;368;AVENIDA;VILA CARAGUATA;11535380;13;99658690;3;20102;;;;;;;;;;;;;;;;;;;;;;;;;;;;;;;;;;;;;;;;;;;;;;;;;;;;;;;;;;;;;;;;;;;;;;;;;;;;;;;;;;;;;;;;;;;;;;;;;;;;;;;;;;;;;;;;;;;;;;;;;;;;;;;;;;;;;;;;;;;;;;;;;;;;;;;;;;;;;;;;;;;;;;;;;;;;;;;;;;;;;;;;;;;;;;;;;;;;;;;;;;;;;;;;;;;;;;;;;;;;;;;;;;;;;;;;;;;;;;;;;;;;;;;;;;;;;;;;;;;;;;;;;;;;;;;;;;;;;;;;;;;;;;;;;;;;;;;;;;;;;;;;;;;;;;;;;;;;;;;;;;;;;;;;;;;;;;;;;;;;;;;;;;;;;;;;;;;;;;;;;;;;;;;;;;;;;;;;;;;;;;;;;;;;;;;;;
2024;Sudeste;3;São Paulo;SP;35;Cubatão;3513504;São Paulo;3501;Santos;350002;Metropolitana de São Paulo;15;Santos;63;Cubatão;351350405;BOM PASTOR CRECHE COMUNITARIA;35806547;4;;1;;MORRO COTA 200;;;FABRIL;11548000;13;33616568;3;20102;;;;;;;;;;;;;;;;;;;;;;;;;;;;;;;;;;;;;;;;;;;;;;;;;;;;;;;;;;;;;;;;;;;;;;;;;;;;;;;;;;;;;;;;;;;;;;;;;;;;;;;;;;;;;;;;;;;;;;;;;;;;;;;;;;;;;;;;;;;;;;;;;;;;;;;;;;;;;;;;;;;;;;;;;;;;;;;;;;;;;;;;;;;;;;;;;;;;;;;;;;;;;;;;;;;;;;;;;;;;;;;;;;;;;;;;;;;;;;;;;;;;;;;;;;;;;;;;;;;;;;;;;;;;;;;;;;;;;;;;;;;;;;;;;;;;;;;;;;;;;;;;;;;;;;;;;;;;;;;;;;;;;;;;;;;;;;;;;;;;;;;;;;;;;;;;;;;;;;;;;;;;;;;;;;;;;;;;;;;;;;;;;;;;;;;;;
2024;Sudeste;3;São Paulo;SP;35;Cubatão;3513504;São Paulo;3501;Santos;350002;Metropolitana de São Paulo;15;Santos;63;Cubatão;351350405;GENTE MIUDA CRECHE COMUNITARIA;35806560;4;;1;;RUA SILVESTRE PERES ESTEVES;;;JARDIM NOVA REPUBLICA;11534270;13;33640465;3;20102;;;;;;;;;;;;;;;;;;;;;;;;;;;;;;;;;;;;;;;;;;;;;;;;;;;;;;;;;;;;;;;;;;;;;;;;;;;;;;;;;;;;;;;;;;;;;;;;;;;;;;;;;;;;;;;;;;;;;;;;;;;;;;;;;;;;;;;;;;;;;;;;;;;;;;;;;;;;;;;;;;;;;;;;;;;;;;;;;;;;;;;;;;;;;;;;;;;;;;;;;;;;;;;;;;;;;;;;;;;;;;;;;;;;;;;;;;;;;;;;;;;;;;;;;;;;;;;;;;;;;;;;;;;;;;;;;;;;;;;;;;;;;;;;;;;;;;;;;;;;;;;;;;;;;;;;;;;;;;;;;;;;;;;;;;;;;;;;;;;;;;;;;;;;;;;;;;;;;;;;;;;;;;;;;;;;;;;;;;;;;;;;;;;;;;;;;
2024;Sudeste;3;São Paulo;SP;35;Cubatão;3513504;São Paulo;3501;Santos;350002;Metropolitana de São Paulo;15;Santos;63;Cubatão;351350405;IFSP - CAMPUS CUBATAO;35923242;1;;1;0;RUA MARIA CRISTINA;50;;JARDIM CASQUEIRO;11533160;13;33465300;1;;05FEB2024:00:00:00;10DEC2024:00:00:00;1;0;0;0;0;;;;;;;;;;;;;;;;;;;;;;;;;;;;;1;1;;;1;1;0;0;0;0;;0;0;0;1;1;0;0;0;0;0;1;0;0;0;1;0;0;0;0;1;0;0;0;0;1;0;0;0;1;1;0;1;1;0;1;1;1;1;1;1;0;0;0;1;1;1;1;1;0;0;1;1;1;1;1;0;0;0;0;0;1;1;1;0;1;1;0;0;0;1;0;1;1;1;0;0;0;0;0;19;0;19;19;19;0;1;0;1;1;1;0;1;2;1;2;1;3;0;0;1;10;1;110;1;2;1;1;1;1;1;1;0;1;1;3;1;1;3;1;15;1;4;1;1;1;1;0;0;0;0;1;1;0;0;1;5;1;1;1;6;1;5;1;6;1;1;0;0;0;0;0;0;0;1;0;1;1;0;0;1;1;1;0;0;0;0;0;0;0;0;0;;;;;1;1;1;1;1;0;0;1;1;1;0;0;0;1;1;0;1;1;0;0;0;0;1;0;0;0;1;0;0;1;1;1;0;1;0;0;0;0;0;0;1;1;1;1;0;1;1;1;0;612;0;0;0;0;0;0;0;0;0;0;0;0;0;0;0;466;0;0;0;0;0;0;466;121;125;113;107;0;0;0;0;0;0;612;575;13;96;0;37;0;0;0;0;37;0;37;0;28;28;0;297;315;139;292;17;160;3;1;0;0;0;4;329;279;466;146;0;0;0;0;0;0;0;0;595;17;0;0;0;0;65;0;0;0;0;0;0;48;65;60;10;0;10;55;55;0;17;0;0;0;0;0;0;12;17;16;1;0;1;12;12;0;12;5;0;0;0;0;0;0;0;0
