turma,aluno_numero,data,status
7°A,2,2026-05-04,P
7°A,2,2026-05-05,P
7°A,2,2026-05-06,F
7°A,2,2026-05-07,P
7°A,2,2026-05-08,P
7°A,2,2026-05-11,P
7°A,2,2026-05-12,P
7°A,2,2026-05-13,P
7°A,2,2026-05-14,P
7°A,2,2026-05-15,P
7°A,2,2026-05-18,P
7°A,2,2026-05-19,P
7°A,2,2026-05-20,P
7°A,2,2026-05-21,P
7°A,2,2026-05-22,P
7°A,2,2026-05-25,P
7°A,2,2026-05-26,P
7°A,2,2026-05-27,P
7°A,2,2026-05-28,P
7°A,2,2026-05-29,P
7°A,2,2026-06-01,P
7°A,2,2026-06-02,P
7°A,2,2026-06-03,P
7°A,2,2026-06-08,P
7°A,2,2026-06-09,P
7°A,2,2026-06-10,P
7°A,2,2026-06-11,P
7°A,2,2026-06-12,P
7°A,2,2026-06-15,P
7°A,2,2026-06-16,P
7°A,2,2026-06-17,P
7°A,2,2026-06-18,P
7°A,2,2026-06-19,P
7°A,2,2026-06-22,P
7°A,2,2026-06-23,P
7°A,2,2026-06-24,P
7°A,2,2026-06-25,P
7°A,2,2026-06-26,P
7°A,2,2026-06-29,F
7°A,2,2026-06-30,P
7°A,2,2026-07-01,F
7°A,2,2026-07-02,F
7°A,2,2026-07-03,P
7°A,2,2026-07-28,P
7°A,2,2026-07-29,P
7°A,2,2026-07-30,P
7°A,2,2026-07-31,F
7°A,2,2026-08-03,P
7°A,2,2026-08-04,P
7°A,2,2026-08-05,P
7°A,2,2026-08-06,P
7°A,2,2026-08-07,P
7°A,2,2026-08-10,P
7°A,2,2026-08-11,P
7°A,2,2026-08-12,F
7°A,2,2026-08-13,P
7°A,2,2026-08-14,P
7°A,2,2026-08-17,P
7°A,2,2026-08-18,P
7°A,2,2026-08-19,P
7°A,2,2026-08-20,P
7°A,2,2026-08-21,P
7°A,2,2026-08-22,P
7°A,2,2026-08-24,P
7°A,2,2026-08-25,F
7°A,2,2026-08-26,P
7°A,2,2026-08-27,P
7°A,2,2026-08-28,F
7°A,2,2026-08-31,F
7°A,3,2026-05-04,P
7°A,3,2026-05-05,P
7°A,3,2026-05-06,P
7°A,3,2026-05-07,P
7°A,3,2026-05-08,P
7°A,3,2026-05-11,P
7°A,3,2026-05-12,P
7°A,3,2026-05-13,P
7°A,3,2026-05-14,P
7°A,3,2026-05-15,P
7°A,3,2026-05-18,P
7°A,3,2026-05-19,F
7°A,3,2026-05-20,P
7°A,3,2026-05-21,P
7°A,3,2026-05-22,P
7°A,3,2026-05-25,P
7°A,3,2026-05-26,P
7°A,3,2026-05-27,P
7°A,3,2026-05-28,P
7°A,3,2026-05-29,P
7°A,3,2026-06-01,P
7°A,3,2026-06-02,P
7°A,3,2026-06-03,F
7°A,3,2026-06-08,P
7°A,3,2026-06-09,P
7°A,3,2026-06-10,P
7°A,3,2026-06-11,P
7°A,3,2026-06-12,P
7°A,3,2026-06-15,F
7°A,3,2026-06-16,F
7°A,3,2026-06-17,P
7°A,3,2026-06-18,F
7°A,3,2026-06-19,F
7°A,3,2026-06-22,P
7°A,3,2026-06-23,P
7°A,3,2026-06-24,P
7°A,3,2026-06-25,P
7°A,3,2026-06-26,P
7°A,3,2026-06-29,P
7°A,3,2026-06-30,P
7°A,3,2026-07-01,P
7°A,3,2026-07-02,P
7°A,3,2026-07-03,P
7°A,3,2026-07-28,P
7°A,3,2026-07-29,P
7°A,3,2026-07-30,P
7°A,3,2026-07-31,P
7°A,3,2026-08-03,P
7°A,3,2026-08-04,P
7°A,3,2026-08-05,P
7°A,3,2026-08-06,P
7°A,3,2026-08-07,P
7°A,3,2026-08-10,P
7°A,3,2026-08-11,P
7°A,3,2026-08-12,P
7°A,3,2026-08-13,P
7°A,3,2026-08-14,F
7°A,3,2026-08-17,P
7°A,3,2026-08-18,P
7°A,3,2026-08-19,P
7°A,3,2026-08-20,P
7°A,3,2026-08-21,P
7°A,3,2026-08-22,P
7°A,3,2026-08-24,P
7°A,3,2026-08-25,P
7°A,3,2026-08-26,P
7°A,3,2026-08-27,P
7°A,3,2026-08-28,P
7°A,3,2026-08-31,P
7°A,4,2026-05-04,P
7°A,4,2026-05-05,P
7°A,4,2026-05-06,P
7°A,4,2026-05-07,P
7°A,4,2026-05-08,P
7°A,4,2026-05-11,P
7°A,4,2026-05-12,P
7°A,4,2026-05-13,P
7°A,4,2026-05-14,P
7°A,4,2026-05-15,P
7°A,4,2026-05-18,P
7°A,4,2026-05-19,P
7°A,4,2026-05-20,P
7°A,4,2026-05-21,P
7°A,4,2026-05-22,P
7°A,4,2026-05-25,F
7°A,4,2026-05-26,P
7°A,4,2026-05-27,P
7°A,4,2026-05-28,F
7°A,4,2026-05-29,F
7°A,4,2026-06-01,P
7°A,4,2026-06-02,P
7°A,4,2026-06-03,P
7°A,4,2026-06-08,P
7°A,4,2026-06-09,P
7°A,4,2026-06-10,P
7°A,4,2026-06-11,P
7°A,4,2026-06-12,F
7°A,4,2026-06-15,P
7°A,4,2026-06-16,P
7°A,4,2026-06-17,P
7°A,4,2026-06-18,P
7°A,4,2026-06-19,P
7°A,4,2026-06-22,P
7°A,4,2026-06-23,P
7°A,4,2026-06-24,P
7°A,4,2026-06-25,P
7°A,4,2026-06-26,P
7°A,4,2026-06-29,F
7°A,4,2026-06-30,P
7°A,4,2026-07-01,P
7°A,4,2026-07-02,P
7°A,4,2026-07-03,P
7°A,4,2026-07-28,P
7°A,4,2026-07-29,P
7°A,4,2026-07-30,P
7°A,4,2026-07-31,P
7°A,4,2026-08-03,P
7°A,4,2026-08-04,P
7°A,4,2026-08-05,P
7°A,4,2026-08-06,P
7°A,4,2026-08-07,P
7°A,4,2026-08-10,P
7°A,4,2026-08-11,P
7°A,4,2026-08-12,P
7°A,4,2026-08-13,P
7°A,4,2026-08-14,P
7°A,4,2026-08-17,P
7°A,4,2026-08-18,P
7°A,4,2026-08-19,P
7°A,4,2026-08-20,P
7°A,4,2026-08-21,P
7°A,4,2026-08-22,P
7°A,4,2026-08-24,P
7°A,4,2026-08-25,P
7°A,4,2026-08-26,P
7°A,4,2026-08-27,P
7°A,4,2026-08-28,P
7°A,4,2026-08-31,F
7°A,5,2026-05-04,P
7°A,5,2026-05-05,P
7°A,5,2026-05-06,P
7°A,5,2026-05-07,P
7°A,5,2026-05-08,P
7°A,5,2026-05-11,F
7°A,5,2026-05-12,P
7°A,5,2026-05-13,F
7°A,5,2026-05-14,P
7°A,5,2026-05-15,P
7°A,5,2026-05-18,P
7°A,5,2026-05-19,P
7°A,5,2026-05-20,P
7°A,5,2026-05-21,P
7°A,5,2026-05-22,P
7°A,5,2026-05-25,P
7°A,5,2026-05-26,P
7°A,5,2026-05-27,F
7°A,5,2026-05-28,P
7°A,5,2026-05-29,F
7°A,5,2026-06-01,P
7°A,5,2026-06-02,P
7°A,5,2026-06-03,P
7°A,5,2026-06-08,P
7°A,5,2026-06-09,P
7°A,5,2026-06-10,P
7°A,5,2026-06-11,F
7°A,5,2026-06-12,P
7°A,5,2026-06-15,P
7°A,5,2026-06-16,P
7°A,5,2026-06-17,P
7°A,5,2026-06-18,P
7°A,5,2026-06-19,F
7°A,5,2026-06-22,P
7°A,5,2026-06-23,P
7°A,5,2026-06-24,F
7°A,5,2026-06-25,F
7°A,5,2026-06-26,P
7°A,5,2026-06-29,P
7°A,5,2026-06-30,P
7°A,5,2026-07-01,P
7°A,5,2026-07-02,P
7°A,5,2026-07-03,P
7°A,5,2026-07-28,P
7°A,5,2026-07-29,P
7°A,5,2026-07-30,P
7°A,5,2026-07-31,F
7°A,5,2026-08-03,P
7°A,5,2026-08-04,P
7°A,5,2026-08-05,P
7°A,5,2026-08-06,P
7°A,5,2026-08-07,P
7°A,5,2026-08-10,P
7°A,5,2026-08-11,F
7°A,5,2026-08-12,P
7°A,5,2026-08-13,P
7°A,5,2026-08-14,P
7°A,5,2026-08-17,P
7°A,5,2026-08-18,F
7°A,5,2026-08-19,P
7°A,5,2026-08-20,P
7°A,5,2026-08-21,P
7°A,5,2026-08-22,P
7°A,5,2026-08-24,P
7°A,5,2026-08-25,P
7°A,5,2026-08-26,P
7°A,5,2026-08-27,P
7°A,5,2026-08-28,P
7°A,5,2026-08-31,F
7°A,6,2026-05-04,P
7°A,6,2026-05-05,P
7°A,6,2026-05-06,F
7°A,6,2026-05-07,P
7°A,6,2026-05-08,P
7°A,6,2026-05-11,F
7°A,6,2026-05-12,P
7°A,6,2026-05-13,P
7°A,6,2026-05-14,P
7°A,6,2026-05-15,P
7°A,6,2026-05-18,P
7°A,6,2026-05-19,P
7°A,6,2026-05-20,P
7°A,6,2026-05-21,P
7°A,6,2026-05-22,P
7°A,6,2026-05-25,P
7°A,6,2026-05-26,P
7°A,6,2026-05-27,F
7°A,6,2026-05-28,P
7°A,6,2026-05-29,P
7°A,6,2026-06-01,P
7°A,6,2026-06-02,P
7°A,6,2026-06-03,P
7°A,6,2026-06-08,P
7°A,6,2026-06-09,P
7°A,6,2026-06-10,P
7°A,6,2026-06-11,F
7°A,6,2026-06-12,P
7°A,6,2026-06-15,P
7°A,6,2026-06-16,F
7°A,6,2026-06-17,F
7°A,6,2026-06-18,P
7°A,6,2026-06-19,F
7°A,6,2026-06-22,P
7°A,6,2026-06-23,P
7°A,6,2026-06-24,P
7°A,6,2026-06-25,P
7°A,6,2026-06-26,P
7°A,6,2026-06-29,F
7°A,6,2026-06-30,P
7°A,6,2026-07-01,P
7°A,6,2026-07-02,P
7°A,6,2026-07-03,P
7°A,6,2026-07-28,F
7°A,6,2026-07-29,F
7°A,6,2026-07-30,P
7°A,6,2026-07-31,F
7°A,6,2026-08-03,F
7°A,6,2026-08-04,F
7°A,6,2026-08-05,F
7°A,6,2026-08-06,F
7°A,6,2026-08-07,P
7°A,6,2026-08-10,F
7°A,6,2026-08-11,F
7°A,6,2026-08-12,F
7°A,6,2026-08-13,F
7°A,6,2026-08-14,F
7°A,6,2026-08-17,F
7°A,6,2026-08-18,P
7°A,6,2026-08-19,P
7°A,6,2026-08-20,P
7°A,6,2026-08-21,P
7°A,6,2026-08-22,P
7°A,6,2026-08-24,P
7°A,6,2026-08-25,F
7°A,6,2026-08-26,P
7°A,6,2026-08-27,P
7°A,6,2026-08-28,P
7°A,6,2026-08-31,P
7°A,7,2026-05-27,
7°A,7,2026-06-03,
7°A,7,2026-06-08,
7°A,7,2026-06-10,
7°A,7,2026-06-12,
7°A,7,2026-06-17,
7°A,7,2026-06-19,
7°A,7,2026-06-24,
7°A,7,2026-06-26,
7°A,7,2026-06-30,
7°A,7,2026-07-01,
7°A,7,2026-07-29,
7°A,7,2026-08-07,
7°A,7,2026-08-11,
7°A,7,2026-08-12,
7°A,7,2026-08-13,
7°A,7,2026-08-14,
7°A,7,2026-08-17,
7°A,7,2026-08-18,
7°A,7,2026-08-19,
7°A,7,2026-08-21,
7°A,7,2026-08-24,
7°A,7,2026-08-27,
7°A,7,2026-08-28,
7°A,8,2026-05-04,P
7°A,8,2026-05-05,P
7°A,8,2026-05-06,P
7°A,8,2026-05-07,P
7°A,8,2026-05-08,P
7°A,8,2026-05-11,F
7°A,8,2026-05-12,P
7°A,8,2026-05-13,P
7°A,8,2026-05-14,P
7°A,8,2026-05-15,P
7°A,8,2026-05-18,P
7°A,8,2026-05-19,P
7°A,8,2026-05-20,P
7°A,8,2026-05-21,P
7°A,8,2026-05-22,P
7°A,8,2026-05-25,P
7°A,8,2026-05-26,P
7°A,8,2026-05-27,P
7°A,8,2026-05-28,P
7°A,8,2026-05-29,P
7°A,8,2026-06-01,P
7°A,8,2026-06-02,P
7°A,8,2026-06-03,P
7°A,8,2026-06-08,P
7°A,8,2026-06-09,P
7°A,8,2026-06-10,P
7°A,8,2026-06-11,P
7°A,8,2026-06-12,P
7°A,8,2026-06-15,P
7°A,8,2026-06-16,P
7°A,8,2026-06-17,P
7°A,8,2026-06-18,P
7°A,8,2026-06-19,P
7°A,8,2026-06-22,P
7°A,8,2026-06-23,P
7°A,8,2026-06-24,P
7°A,8,2026-06-25,P
7°A,8,2026-06-26,P
7°A,8,2026-06-29,P
7°A,8,2026-06-30,P
7°A,8,2026-07-01,P
7°A,8,2026-07-02,F
7°A,8,2026-07-03,P
7°A,8,2026-07-28,P
7°A,8,2026-07-29,P
7°A,8,2026-07-30,P
7°A,8,2026-07-31,P
7°A,8,2026-08-03,P
7°A,8,2026-08-04,P
7°A,8,2026-08-05,P
7°A,8,2026-08-06,P
7°A,8,2026-08-07,P
7°A,8,2026-08-10,P
7°A,8,2026-08-11,P
7°A,8,2026-08-12,P
7°A,8,2026-08-13,P
7°A,8,2026-08-14,P
7°A,8,2026-08-17,P
7°A,8,2026-08-18,P
7°A,8,2026-08-19,P
7°A,8,2026-08-20,P
7°A,8,2026-08-21,P
7°A,8,2026-08-22,P
7°A,8,2026-08-24,P
7°A,8,2026-08-25,F
7°A,8,2026-08-26,P
7°A,8,2026-08-27,P
7°A,8,2026-08-28,P
7°A,8,2026-08-31,P
7°A,9,2026-05-04,F
7°A,9,2026-05-05,F
7°A,9,2026-05-06,F
7°A,9,2026-05-07,F
7°A,9,2026-05-08,F
7°A,9,2026-05-11,F
7°A,9,2026-05-12,F
7°A,9,2026-05-13,F
7°A,9,2026-05-14,F
7°A,9,2026-05-15,F
7°A,9,2026-05-18,F
7°A,9,2026-05-19,F
7°A,9,2026-05-20,F
7°A,9,2026-05-21,F
7°A,9,2026-05-22,F
7°A,9,2026-05-25,F
7°A,9,2026-05-26,F
7°A,9,2026-05-27,F
7°A,9,2026-05-28,F
7°A,9,2026-05-29,F
7°A,9,2026-06-01,F
7°A,9,2026-06-02,F
7°A,9,2026-06-03,F
7°A,9,2026-06-08,F
7°A,9,2026-06-09,F
7°A,9,2026-06-10,F
7°A,9,2026-06-11,F
7°A,9,2026-06-12,F
7°A,9,2026-06-15,F
7°A,9,2026-06-16,P
7°A,9,2026-06-17,F
7°A,9,2026-06-18,-
7°A,9,2026-06-19,-
7°A,9,2026-06-22,-
7°A,9,2026-06-23,-
7°A,9,2026-06-24,-
7°A,9,2026-06-25,-
7°A,9,2026-06-26,-
7°A,9,2026-06-29,-
7°A,9,2026-06-30,-
7°A,9,2026-07-01,
7°A,9,2026-07-02,
7°A,9,2026-07-03,
7°A,9,2026-07-28,
7°A,9,2026-07-29,
7°A,9,2026-07-30,
7°A,9,2026-07-31,
7°A,9,2026-08-06,
7°A,9,2026-08-07,
7°A,9,2026-08-10,
7°A,9,2026-08-11,
7°A,9,2026-08-12,
7°A,9,2026-08-13,
7°A,9,2026-08-14,
7°A,9,2026-08-17,
7°A,9,2026-08-18,
7°A,9,2026-08-19,
7°A,9,2026-08-20,
7°A,9,2026-08-21,
7°A,9,2026-08-22,
7°A,9,2026-08-24,
7°A,9,2026-08-25,
7°A,9,2026-08-26,
7°A,9,2026-08-27,
7°A,9,2026-08-28,
7°A,9,2026-08-31,
7°A,10,2026-05-04,P
7°A,10,2026-05-05,P
7°A,10,2026-05-06,P
7°A,10,2026-05-07,P
7°A,10,2026-05-08,P
7°A,10,2026-05-11,P
7°A,10,2026-05-12,P
7°A,10,2026-05-13,P
7°A,10,2026-05-14,P
7°A,10,2026-05-15,P
7°A,10,2026-05-18,P
7°A,10,2026-05-19,P
7°A,10,2026-05-20,P
7°A,10,2026-05-21,P
7°A,10,2026-05-22,P
7°A,10,2026-05-25,F
7°A,10,2026-05-26,F
7°A,10,2026-05-27,P
7°A,10,2026-05-28,P
7°A,10,2026-05-29,P
7°A,10,2026-06-01,P
7°A,10,2026-06-02,P
7°A,10,2026-06-03,P
7°A,10,2026-06-08,P
7°A,10,2026-06-09,F
7°A,10,2026-06-10,P
7°A,10,2026-06-11,F
7°A,10,2026-06-12,F
7°A,10,2026-06-15,P
7°A,10,2026-06-16,P
7°A,10,2026-06-17,P
7°A,10,2026-06-18,F
7°A,10,2026-06-19,P
7°A,10,2026-06-22,P
7°A,10,2026-06-23,P
7°A,10,2026-06-24,P
7°A,10,2026-06-25,P
7°A,10,2026-06-26,P
7°A,10,2026-06-29,P
7°A,10,2026-06-30,P
7°A,10,2026-07-01,P
7°A,10,2026-07-02,P
7°A,10,2026-07-03,P
7°A,10,2026-07-28,P
7°A,10,2026-07-29,P
7°A,10,2026-07-30,P
7°A,10,2026-07-31,P
7°A,10,2026-08-03,P
7°A,10,2026-08-04,P
7°A,10,2026-08-05,P
7°A,10,2026-08-06,P
7°A,10,2026-08-07,P
7°A,10,2026-08-10,F
7°A,10,2026-08-11,F
7°A,10,2026-08-12,F
7°A,10,2026-08-13,P
7°A,10,2026-08-14,P
7°A,10,2026-08-17,P
7°A,10,2026-08-18,P
7°A,10,2026-08-19,P
7°A,10,2026-08-20,P
7°A,10,2026-08-21,P
7°A,10,2026-08-22,P
7°A,10,2026-08-24,P
7°A,10,2026-08-25,P
7°A,10,2026-08-26,P
7°A,10,2026-08-27,P
7°A,10,2026-08-28,P
7°A,10,2026-08-31,P
7°A,11,2026-05-27,
7°A,11,2026-06-03,
7°A,11,2026-06-08,
7°A,11,2026-06-10,
7°A,11,2026-06-12,
7°A,11,2026-06-17,
7°A,11,2026-06-19,
7°A,11,2026-06-24,
7°A,11,2026-06-26,
7°A,11,2026-06-30,
7°A,11,2026-07-01,
7°A,11,2026-07-29,
7°A,11,2026-08-07,
7°A,11,2026-08-11,
7°A,11,2026-08-12,
7°A,11,2026-08-13,
7°A,11,2026-08-14,
7°A,11,2026-08-17,
7°A,11,2026-08-18,
7°A,11,2026-08-19,
7°A,11,2026-08-21,
7°A,11,2026-08-24,
7°A,11,2026-08-27,
7°A,11,2026-08-28,
7°A,12,2026-05-04,P
7°A,12,2026-05-05,P
7°A,12,2026-05-06,P
7°A,12,2026-05-07,P
7°A,12,2026-05-08,P
7°A,12,2026-05-11,P
7°A,12,2026-05-12,P
7°A,12,2026-05-13,P
7°A,12,2026-05-14,P
7°A,12,2026-05-15,P
7°A,12,2026-05-18,P
7°A,12,2026-05-19,P
7°A,12,2026-05-20,P
7°A,12,2026-05-21,P
7°A,12,2026-05-22,F
7°A,12,2026-05-25,P
7°A,12,2026-05-26,P
7°A,12,2026-05-27,F
7°A,12,2026-05-28,P
7°A,12,2026-05-29,F
7°A,12,2026-06-01,P
7°A,12,2026-06-02,P
7°A,12,2026-06-03,P
7°A,12,2026-06-08,P
7°A,12,2026-06-09,P
7°A,12,2026-06-10,P
7°A,12,2026-06-11,F
7°A,12,2026-06-12,F
7°A,12,2026-06-15,P
7°A,12,2026-06-16,P
7°A,12,2026-06-17,P
7°A,12,2026-06-18,P
7°A,12,2026-06-19,F
7°A,12,2026-06-22,F
7°A,12,2026-06-23,P
7°A,12,2026-06-24,F
7°A,12,2026-06-25,F
7°A,12,2026-06-26,P
7°A,12,2026-06-29,P
7°A,12,2026-06-30,P
7°A,12,2026-07-01,P
7°A,12,2026-07-02,P
7°A,12,2026-07-03,P
7°A,12,2026-07-28,P
7°A,12,2026-07-29,P
7°A,12,2026-07-30,P
7°A,12,2026-07-31,P
7°A,12,2026-08-03,P
7°A,12,2026-08-04,P
7°A,12,2026-08-05,P
7°A,12,2026-08-06,P
7°A,12,2026-08-07,P
7°A,12,2026-08-10,P
7°A,12,2026-08-11,P
7°A,12,2026-08-12,P
7°A,12,2026-08-13,P
7°A,12,2026-08-14,P
7°A,12,2026-08-17,P
7°A,12,2026-08-18,P
7°A,12,2026-08-19,P
7°A,12,2026-08-20,P
7°A,12,2026-08-21,P
7°A,12,2026-08-22,P
7°A,12,2026-08-24,P
7°A,12,2026-08-25,P
7°A,12,2026-08-26,P
7°A,12,2026-08-27,P
7°A,12,2026-08-28,P
7°A,12,2026-08-31,P
7°A,13,2026-05-04,P
7°A,13,2026-05-05,F
7°A,13,2026-05-06,P
7°A,13,2026-05-07,P
7°A,13,2026-05-08,F
7°A,13,2026-05-11,P
7°A,13,2026-05-12,P
7°A,13,2026-05-13,P
7°A,13,2026-05-14,P
7°A,13,2026-05-15,P
7°A,13,2026-05-18,P
7°A,13,2026-05-19,P
7°A,13,2026-05-20,P
7°A,13,2026-05-21,P
7°A,13,2026-05-22,F
7°A,13,2026-05-25,P
7°A,13,2026-05-26,P
7°A,13,2026-05-27,F
7°A,13,2026-05-28,P
7°A,13,2026-05-29,P
7°A,13,2026-06-01,P
7°A,13,2026-06-02,F
7°A,13,2026-06-03,F
7°A,13,2026-06-08,P
7°A,13,2026-06-09,P
7°A,13,2026-06-10,P
7°A,13,2026-06-11,P
7°A,13,2026-06-12,P
7°A,13,2026-06-15,P
7°A,13,2026-06-16,P
7°A,13,2026-06-17,P
7°A,13,2026-06-18,F
7°A,13,2026-06-19,F
7°A,13,2026-06-22,P
7°A,13,2026-06-23,P
7°A,13,2026-06-24,F
7°A,13,2026-06-25,P
7°A,13,2026-06-26,F
7°A,13,2026-06-29,F
7°A,13,2026-06-30,F
7°A,13,2026-07-01,P
7°A,13,2026-07-02,F
7°A,13,2026-07-03,P
7°A,13,2026-07-28,P
7°A,13,2026-07-29,P
7°A,13,2026-07-30,P
7°A,13,2026-07-31,F
7°A,13,2026-08-03,P
7°A,13,2026-08-04,P
7°A,13,2026-08-05,P
7°A,13,2026-08-06,F
7°A,13,2026-08-07,P
7°A,13,2026-08-10,P
7°A,13,2026-08-11,F
7°A,13,2026-08-12,F
7°A,13,2026-08-13,P
7°A,13,2026-08-14,P
7°A,13,2026-08-17,P
7°A,13,2026-08-18,F
7°A,13,2026-08-19,P
7°A,13,2026-08-20,P
7°A,13,2026-08-21,P
7°A,13,2026-08-22,P
7°A,13,2026-08-24,P
7°A,13,2026-08-25,F
7°A,13,2026-08-26,P
7°A,13,2026-08-27,P
7°A,13,2026-08-28,P
7°A,13,2026-08-31,F
7°A,14,2026-05-04,P
7°A,14,2026-05-05,P
7°A,14,2026-05-06,F
7°A,14,2026-05-07,P
7°A,14,2026-05-08,P
7°A,14,2026-05-11,P
7°A,14,2026-05-12,P
7°A,14,2026-05-13,P
7°A,14,2026-05-14,P
7°A,14,2026-05-15,P
7°A,14,2026-05-18,P
7°A,14,2026-05-19,P
7°A,14,2026-05-20,P
7°A,14,2026-05-21,F
7°A,14,2026-05-22,P
7°A,14,2026-05-25,P
7°A,14,2026-05-26,P
7°A,14,2026-05-27,P
7°A,14,2026-05-28,P
7°A,14,2026-05-29,F
7°A,14,2026-06-01,P
7°A,14,2026-06-02,P
7°A,14,2026-06-03,P
7°A,14,2026-06-08,F
7°A,14,2026-06-09,P
7°A,14,2026-06-10,P
7°A,14,2026-06-11,P
7°A,14,2026-06-12,P
7°A,14,2026-06-15,P
7°A,14,2026-06-16,P
7°A,14,2026-06-17,P
7°A,14,2026-06-18,F
7°A,14,2026-06-19,P
7°A,14,2026-06-22,F
7°A,14,2026-06-23,P
7°A,14,2026-06-24,P
7°A,14,2026-06-25,P
7°A,14,2026-06-26,F
7°A,14,2026-06-29,P
7°A,14,2026-06-30,P
7°A,14,2026-07-01,P
7°A,14,2026-07-02,F
7°A,14,2026-07-03,P
7°A,14,2026-07-28,P
7°A,14,2026-07-29,P
7°A,14,2026-07-30,P
7°A,14,2026-07-31,P
7°A,14,2026-08-03,P
7°A,14,2026-08-04,P
7°A,14,2026-08-05,F
7°A,14,2026-08-06,P
7°A,14,2026-08-07,P
7°A,14,2026-08-10,P
7°A,14,2026-08-11,P
7°A,14,2026-08-12,F
7°A,14,2026-08-13,P
7°A,14,2026-08-14,F
7°A,14,2026-08-17,P
7°A,14,2026-08-18,P
7°A,14,2026-08-19,P
7°A,14,2026-08-20,F
7°A,14,2026-08-21,P
7°A,14,2026-08-22,P
7°A,14,2026-08-24,P
7°A,14,2026-08-25,F
7°A,14,2026-08-26,P
7°A,14,2026-08-27,P
7°A,14,2026-08-28,F
7°A,14,2026-08-31,P
7°A,15,2026-05-04,P
7°A,15,2026-05-05,P
7°A,15,2026-05-06,P
7°A,15,2026-05-07,P
7°A,15,2026-05-08,P
7°A,15,2026-05-11,P
7°A,15,2026-05-12,P
7°A,15,2026-05-13,P
7°A,15,2026-05-14,F
7°A,15,2026-05-15,P
7°A,15,2026-05-18,P
7°A,15,2026-05-19,P
7°A,15,2026-05-20,P
7°A,15,2026-05-21,P
7°A,15,2026-05-22,P
7°A,15,2026-05-25,P
7°A,15,2026-05-26,P
7°A,15,2026-05-27,F
7°A,15,2026-05-28,P
7°A,15,2026-05-29,P
7°A,15,2026-06-01,P
7°A,15,2026-06-02,P
7°A,15,2026-06-03,P
7°A,15,2026-06-08,P
7°A,15,2026-06-09,P
7°A,15,2026-06-10,P
7°A,15,2026-06-11,P
7°A,15,2026-06-12,P
7°A,15,2026-06-15,F
7°A,15,2026-06-16,F
7°A,15,2026-06-17,P
7°A,15,2026-06-18,P
7°A,15,2026-06-19,P
7°A,15,2026-06-22,F
7°A,15,2026-06-23,P
7°A,15,2026-06-24,F
7°A,15,2026-06-25,P
7°A,15,2026-06-26,P
7°A,15,2026-06-29,P
7°A,15,2026-06-30,P
7°A,15,2026-07-01,P
7°A,15,2026-07-02,F
7°A,15,2026-07-03,P
7°A,15,2026-07-28,P
7°A,15,2026-07-29,P
7°A,15,2026-07-30,P
7°A,15,2026-07-31,F
7°A,15,2026-08-03,P
7°A,15,2026-08-04,F
7°A,15,2026-08-05,P
7°A,15,2026-08-06,P
7°A,15,2026-08-07,P
7°A,15,2026-08-10,F
7°A,15,2026-08-11,F
7°A,15,2026-08-12,P
7°A,15,2026-08-13,P
7°A,15,2026-08-14,P
7°A,15,2026-08-17,F
7°A,15,2026-08-18,P
7°A,15,2026-08-19,P
7°A,15,2026-08-20,P
7°A,15,2026-08-21,P
7°A,15,2026-08-22,P
7°A,15,2026-08-24,P
7°A,15,2026-08-25,F
7°A,15,2026-08-26,P
7°A,15,2026-08-27,P
7°A,15,2026-08-28,F
7°A,15,2026-08-31,P
7°A,16,2026-05-04,P
7°A,16,2026-05-05,F
7°A,16,2026-05-06,P
7°A,16,2026-05-07,P
7°A,16,2026-05-08,P
7°A,16,2026-05-11,P
7°A,16,2026-05-12,P
7°A,16,2026-05-13,P
7°A,16,2026-05-14,P
7°A,16,2026-05-15,P
7°A,16,2026-05-18,P
7°A,16,2026-05-19,P
7°A,16,2026-05-20,P
7°A,16,2026-05-21,P
7°A,16,2026-05-22,P
7°A,16,2026-05-25,P
7°A,16,2026-05-26,P
7°A,16,2026-05-27,P
7°A,16,2026-05-28,P
7°A,16,2026-05-29,P
7°A,16,2026-06-01,P
7°A,16,2026-06-02,P
7°A,16,2026-06-03,P
7°A,16,2026-06-08,P
7°A,16,2026-06-09,P
7°A,16,2026-06-10,P
7°A,16,2026-06-11,F
7°A,16,2026-06-12,P
7°A,16,2026-06-15,P
7°A,16,2026-06-16,P
7°A,16,2026-06-17,P
7°A,16,2026-06-18,P
7°A,16,2026-06-19,P
7°A,16,2026-06-22,P
7°A,16,2026-06-23,P
7°A,16,2026-06-24,F
7°A,16,2026-06-25,P
7°A,16,2026-06-26,P
7°A,16,2026-06-29,P
7°A,16,2026-06-30,P
7°A,16,2026-07-01,F
7°A,16,2026-07-02,P
7°A,16,2026-07-03,P
7°A,16,2026-07-28,P
7°A,16,2026-07-29,P
7°A,16,2026-07-30,P
7°A,16,2026-07-31,P
7°A,16,2026-08-03,P
7°A,16,2026-08-04,P
7°A,16,2026-08-05,F
7°A,16,2026-08-06,P
7°A,16,2026-08-07,P
7°A,16,2026-08-10,F
7°A,16,2026-08-11,P
7°A,16,2026-08-12,P
7°A,16,2026-08-13,P
7°A,16,2026-08-14,F
7°A,16,2026-08-17,P
7°A,16,2026-08-18,P
7°A,16,2026-08-19,P
7°A,16,2026-08-20,P
7°A,16,2026-08-21,P
7°A,16,2026-08-22,P
7°A,16,2026-08-24,P
7°A,16,2026-08-25,P
7°A,16,2026-08-26,P
7°A,16,2026-08-27,P
7°A,16,2026-08-28,P
7°A,16,2026-08-31,P
7°A,17,2026-05-27,
7°A,17,2026-06-03,
7°A,17,2026-06-08,
7°A,17,2026-06-10,
7°A,17,2026-06-12,
7°A,17,2026-06-17,
7°A,17,2026-06-19,
7°A,17,2026-06-24,
7°A,17,2026-06-26,
7°A,17,2026-06-30,
7°A,17,2026-07-01,
7°A,17,2026-07-29,
7°A,17,2026-08-07,
7°A,17,2026-08-11,
7°A,17,2026-08-12,
7°A,17,2026-08-13,
7°A,17,2026-08-14,
7°A,17,2026-08-17,
7°A,17,2026-08-18,
7°A,17,2026-08-19,
7°A,17,2026-08-21,
7°A,17,2026-08-24,
7°A,17,2026-08-27,
7°A,17,2026-08-28,
7°A,18,2026-05-04,P
7°A,18,2026-05-05,P
7°A,18,2026-05-06,P
7°A,18,2026-05-07,P
7°A,18,2026-05-08,F
7°A,18,2026-05-11,P
7°A,18,2026-05-12,P
7°A,18,2026-05-13,P
7°A,18,2026-05-14,P
7°A,18,2026-05-15,P
7°A,18,2026-05-18,P
7°A,18,2026-05-19,P
7°A,18,2026-05-20,P
7°A,18,2026-05-21,P
7°A,18,2026-05-22,P
7°A,18,2026-05-25,P
7°A,18,2026-05-26,P
7°A,18,2026-05-27,P
7°A,18,2026-05-28,P
7°A,18,2026-05-29,P
7°A,18,2026-06-01,P
7°A,18,2026-06-02,P
7°A,18,2026-06-03,F
7°A,18,2026-06-08,P
7°A,18,2026-06-09,P
7°A,18,2026-06-10,P
7°A,18,2026-06-11,P
7°A,18,2026-06-12,P
7°A,18,2026-06-15,P
7°A,18,2026-06-16,F
7°A,18,2026-06-17,P
7°A,18,2026-06-18,P
7°A,18,2026-06-19,P
7°A,18,2026-06-22,P
7°A,18,2026-06-23,P
7°A,18,2026-06-24,P
7°A,18,2026-06-25,F
7°A,18,2026-06-26,P
7°A,18,2026-06-29,P
7°A,18,2026-06-30,P
7°A,18,2026-07-01,P
7°A,18,2026-07-02,P
7°A,18,2026-07-03,P
7°A,18,2026-07-28,P
7°A,18,2026-07-29,P
7°A,18,2026-07-30,P
7°A,18,2026-07-31,P
7°A,18,2026-08-03,P
7°A,18,2026-08-04,P
7°A,18,2026-08-05,P
7°A,18,2026-08-06,P
7°A,18,2026-08-07,P
7°A,18,2026-08-10,F
7°A,18,2026-08-11,F
7°A,18,2026-08-12,P
7°A,18,2026-08-13,P
7°A,18,2026-08-14,P
7°A,18,2026-08-17,P
7°A,18,2026-08-18,P
7°A,18,2026-08-19,P
7°A,18,2026-08-20,P
7°A,18,2026-08-21,P
7°A,18,2026-08-22,P
7°A,18,2026-08-24,P
7°A,18,2026-08-25,F
7°A,18,2026-08-26,P
7°A,18,2026-08-27,P
7°A,18,2026-08-28,F
7°A,18,2026-08-31,F
7°A,19,2026-05-04,P
7°A,19,2026-05-05,P
7°A,19,2026-05-06,P
7°A,19,2026-05-07,P
7°A,19,2026-05-08,P
7°A,19,2026-05-11,P
7°A,19,2026-05-12,P
7°A,19,2026-05-13,F
7°A,19,2026-05-14,P
7°A,19,2026-05-15,P
7°A,19,2026-05-18,P
7°A,19,2026-05-19,P
7°A,19,2026-05-20,P
7°A,19,2026-05-21,P
7°A,19,2026-05-22,F
7°A,19,2026-05-25,F
7°A,19,2026-05-26,P
7°A,19,2026-05-27,P
7°A,19,2026-05-28,P
7°A,19,2026-05-29,F
7°A,19,2026-06-01,P
7°A,19,2026-06-02,P
7°A,19,2026-06-03,P
7°A,19,2026-06-08,P
7°A,19,2026-06-09,P
7°A,19,2026-06-10,P
7°A,19,2026-06-11,P
7°A,19,2026-06-12,P
7°A,19,2026-06-15,F
7°A,19,2026-06-16,P
7°A,19,2026-06-17,P
7°A,19,2026-06-18,F
7°A,19,2026-06-19,P
7°A,19,2026-06-22,P
7°A,19,2026-06-23,P
7°A,19,2026-06-24,F
7°A,19,2026-06-25,F
7°A,19,2026-06-26,P
7°A,19,2026-06-29,P
7°A,19,2026-06-30,P
7°A,19,2026-07-01,P
7°A,19,2026-07-02,P
7°A,19,2026-07-03,P
7°A,19,2026-07-28,P
7°A,19,2026-07-29,F
7°A,19,2026-07-30,P
7°A,19,2026-07-31,P
7°A,19,2026-08-03,F
7°A,19,2026-08-04,P
7°A,19,2026-08-05,P
7°A,19,2026-08-06,P
7°A,19,2026-08-07,P
7°A,19,2026-08-10,F
7°A,19,2026-08-11,P
7°A,19,2026-08-12,P
7°A,19,2026-08-13,F
7°A,19,2026-08-14,F
7°A,19,2026-08-17,P
7°A,19,2026-08-18,P
7°A,19,2026-08-19,P
7°A,19,2026-08-20,P
7°A,19,2026-08-21,P
7°A,19,2026-08-22,P
7°A,19,2026-08-24,F
7°A,19,2026-08-25,F
7°A,19,2026-08-26,P
7°A,19,2026-08-27,P
7°A,19,2026-08-28,F
7°A,19,2026-08-31,P
7°A,20,2026-05-04,P
7°A,20,2026-05-05,P
7°A,20,2026-05-06,P
7°A,20,2026-05-07,P
7°A,20,2026-05-08,F
7°A,20,2026-05-11,F
7°A,20,2026-05-12,P
7°A,20,2026-05-13,P
7°A,20,2026-05-14,P
7°A,20,2026-05-15,P
7°A,20,2026-05-18,P
7°A,20,2026-05-19,P
7°A,20,2026-05-20,F
7°A,20,2026-05-21,P
7°A,20,2026-05-22,P
7°A,20,2026-05-25,F
7°A,20,2026-05-26,P
7°A,20,2026-05-27,P
7°A,20,2026-05-28,F
7°A,20,2026-05-29,P
7°A,20,2026-06-01,P
7°A,20,2026-06-02,P
7°A,20,2026-06-03,P
7°A,20,2026-06-08,P
7°A,20,2026-06-09,F
7°A,20,2026-06-10,P
7°A,20,2026-06-11,P
7°A,20,2026-06-12,P
7°A,20,2026-06-15,P
7°A,20,2026-06-16,P
7°A,20,2026-06-17,F
7°A,20,2026-06-18,P
7°A,20,2026-06-19,P
7°A,20,2026-06-22,F
7°A,20,2026-06-23,P
7°A,20,2026-06-24,P
7°A,20,2026-06-25,F
7°A,20,2026-06-26,P
7°A,20,2026-06-29,P
7°A,20,2026-06-30,P
7°A,20,2026-07-01,P
7°A,20,2026-07-02,P
7°A,20,2026-07-03,P
7°A,20,2026-07-28,F
7°A,20,2026-07-29,F
7°A,20,2026-07-30,P
7°A,20,2026-07-31,F
7°A,20,2026-08-03,P
7°A,20,2026-08-04,P
7°A,20,2026-08-05,F
7°A,20,2026-08-06,F
7°A,20,2026-08-07,P
7°A,20,2026-08-10,P
7°A,20,2026-08-11,F
7°A,20,2026-08-12,P
7°A,20,2026-08-13,P
7°A,20,2026-08-14,P
7°A,20,2026-08-17,P
7°A,20,2026-08-18,P
7°A,20,2026-08-19,P
7°A,20,2026-08-20,P
7°A,20,2026-08-21,P
7°A,20,2026-08-22,P
7°A,20,2026-08-24,P
7°A,20,2026-08-25,P
7°A,20,2026-08-26,P
7°A,20,2026-08-27,P
7°A,20,2026-08-28,P
7°A,20,2026-08-31,P
7°A,21,2026-05-04,P
7°A,21,2026-05-05,P
7°A,21,2026-05-06,P
7°A,21,2026-05-07,P
7°A,21,2026-05-08,P
7°A,21,2026-05-11,P
7°A,21,2026-05-12,P
7°A,21,2026-05-13,P
7°A,21,2026-05-14,P
7°A,21,2026-05-15,P
7°A,21,2026-05-18,P
7°A,21,2026-05-19,F
7°A,21,2026-05-20,P
7°A,21,2026-05-21,P
7°A,21,2026-05-22,P
7°A,21,2026-05-25,P
7°A,21,2026-05-26,P
7°A,21,2026-05-27,P
7°A,21,2026-05-28,P
7°A,21,2026-05-29,P
7°A,21,2026-06-01,P
7°A,21,2026-06-02,P
7°A,21,2026-06-03,P
7°A,21,2026-06-08,P
7°A,21,2026-06-09,P
7°A,21,2026-06-10,P
7°A,21,2026-06-11,P
7°A,21,2026-06-12,P
7°A,21,2026-06-15,F
7°A,21,2026-06-16,F
7°A,21,2026-06-17,P
7°A,21,2026-06-18,P
7°A,21,2026-06-19,P
7°A,21,2026-06-22,P
7°A,21,2026-06-23,P
7°A,21,2026-06-24,F
7°A,21,2026-06-25,F
7°A,21,2026-06-26,P
7°A,21,2026-06-29,P
7°A,21,2026-06-30,P
7°A,21,2026-07-01,P
7°A,21,2026-07-02,P
7°A,21,2026-07-03,P
7°A,21,2026-07-28,P
7°A,21,2026-07-29,P
7°A,21,2026-07-30,P
7°A,21,2026-07-31,P
7°A,21,2026-08-03,P
7°A,21,2026-08-04,P
7°A,21,2026-08-05,P
7°A,21,2026-08-06,P
7°A,21,2026-08-07,P
7°A,21,2026-08-10,P
7°A,21,2026-08-11,P
7°A,21,2026-08-12,F
7°A,21,2026-08-13,P
7°A,21,2026-08-14,P
7°A,21,2026-08-17,P
7°A,21,2026-08-18,P
7°A,21,2026-08-19,P
7°A,21,2026-08-20,P
7°A,21,2026-08-21,P
7°A,21,2026-08-22,P
7°A,21,2026-08-24,P
7°A,21,2026-08-25,F
7°A,21,2026-08-26,P
7°A,21,2026-08-27,P
7°A,21,2026-08-28,F
7°A,21,2026-08-31,P
7°A,22,2026-05-04,P
7°A,22,2026-05-05,P
7°A,22,2026-05-06,P
7°A,22,2026-05-07,P
7°A,22,2026-05-08,F
7°A,22,2026-05-11,F
7°A,22,2026-05-12,P
7°A,22,2026-05-13,P
7°A,22,2026-05-14,P
7°A,22,2026-05-15,P
7°A,22,2026-05-18,F
7°A,22,2026-05-19,F
7°A,22,2026-05-20,P
7°A,22,2026-05-21,P
7°A,22,2026-05-22,P
7°A,22,2026-05-25,P
7°A,22,2026-05-26,P
7°A,22,2026-05-27,P
7°A,22,2026-05-28,P
7°A,22,2026-05-29,F
7°A,22,2026-06-01,P
7°A,22,2026-06-02,P
7°A,22,2026-06-03,F
7°A,22,2026-06-08,P
7°A,22,2026-06-09,F
7°A,22,2026-06-10,P
7°A,22,2026-06-11,F
7°A,22,2026-06-12,P
7°A,22,2026-06-15,F
7°A,22,2026-06-16,F
7°A,22,2026-06-17,F
7°A,22,2026-06-18,F
7°A,22,2026-06-19,F
7°A,22,2026-06-22,P
7°A,22,2026-06-23,F
7°A,22,2026-06-24,F
7°A,22,2026-06-25,F
7°A,22,2026-06-26,F
7°A,22,2026-06-29,P
7°A,22,2026-06-30,F
7°A,22,2026-07-01,P
7°A,22,2026-07-02,P
7°A,22,2026-07-03,P
7°A,22,2026-07-28,F
7°A,22,2026-07-29,P
7°A,22,2026-07-30,P
7°A,22,2026-07-31,F
7°A,22,2026-08-03,F
7°A,22,2026-08-04,P
7°A,22,2026-08-05,F
7°A,22,2026-08-06,F
7°A,22,2026-08-07,P
7°A,22,2026-08-10,F
7°A,22,2026-08-11,F
7°A,22,2026-08-12,F
7°A,22,2026-08-13,F
7°A,22,2026-08-14,F
7°A,22,2026-08-17,F
7°A,22,2026-08-18,P
7°A,22,2026-08-19,P
7°A,22,2026-08-20,F
7°A,22,2026-08-21,F
7°A,22,2026-08-22,F
7°A,22,2026-08-24,P
7°A,22,2026-08-25,F
7°A,22,2026-08-26,P
7°A,22,2026-08-27,P
7°A,22,2026-08-28,F
7°A,22,2026-08-31,F
7°A,23,2026-05-27,
7°A,23,2026-06-03,
7°A,23,2026-06-08,
7°A,23,2026-06-10,
7°A,23,2026-06-12,
7°A,23,2026-06-17,
7°A,23,2026-06-19,
7°A,23,2026-06-24,
7°A,23,2026-06-26,
7°A,23,2026-06-30,
7°A,23,2026-07-01,
7°A,23,2026-07-29,
7°A,23,2026-08-07,
7°A,23,2026-08-11,
7°A,23,2026-08-12,
7°A,23,2026-08-13,
7°A,23,2026-08-14,
7°A,23,2026-08-17,
7°A,23,2026-08-18,
7°A,23,2026-08-19,
7°A,23,2026-08-21,P
7°A,23,2026-08-22,P
7°A,23,2026-08-24,
7°A,23,2026-08-27,
7°A,23,2026-08-28,
7°A,24,2026-05-04,P
7°A,24,2026-05-05,P
7°A,24,2026-05-06,F
7°A,24,2026-05-07,P
7°A,24,2026-05-08,P
7°A,24,2026-05-11,P
7°A,24,2026-05-12,P
7°A,24,2026-05-13,P
7°A,24,2026-05-14,P
7°A,24,2026-05-15,P
7°A,24,2026-05-18,P
7°A,24,2026-05-19,P
7°A,24,2026-05-20,P
7°A,24,2026-05-21,P
7°A,24,2026-05-22,P
7°A,24,2026-05-25,P
7°A,24,2026-05-26,P
7°A,24,2026-05-27,P
7°A,24,2026-05-28,P
7°A,24,2026-05-29,P
7°A,24,2026-06-01,P
7°A,24,2026-06-02,F
7°A,24,2026-06-03,P
7°A,24,2026-06-08,P
7°A,24,2026-06-09,P
7°A,24,2026-06-10,P
7°A,24,2026-06-11,P
7°A,24,2026-06-12,P
7°A,24,2026-06-15,P
7°A,24,2026-06-16,P
7°A,24,2026-06-17,P
7°A,24,2026-06-18,P
7°A,24,2026-06-19,P
7°A,24,2026-06-22,P
7°A,24,2026-06-23,P
7°A,24,2026-06-24,P
7°A,24,2026-06-25,P
7°A,24,2026-06-26,P
7°A,24,2026-06-29,P
7°A,24,2026-06-30,P
7°A,24,2026-07-01,P
7°A,24,2026-07-02,F
7°A,24,2026-07-03,P
7°A,24,2026-07-28,P
7°A,24,2026-07-29,P
7°A,24,2026-07-30,P
7°A,24,2026-07-31,P
7°A,24,2026-08-03,P
7°A,24,2026-08-04,P
7°A,24,2026-08-05,P
7°A,24,2026-08-06,P
7°A,24,2026-08-07,P
7°A,24,2026-08-10,P
7°A,24,2026-08-11,P
7°A,24,2026-08-12,F
7°A,24,2026-08-13,P
7°A,24,2026-08-14,F
7°A,24,2026-08-17,P
7°A,24,2026-08-18,P
7°A,24,2026-08-19,P
7°A,24,2026-08-20,F
7°A,24,2026-08-21,P
7°A,24,2026-08-22,P
7°A,24,2026-08-24,P
7°A,24,2026-08-25,F
7°A,24,2026-08-26,P
7°A,24,2026-08-27,P
7°A,24,2026-08-28,F
7°A,24,2026-08-31,P
7°A,25,2026-05-04,P
7°A,25,2026-05-05,P
7°A,25,2026-05-06,P
7°A,25,2026-05-07,P
7°A,25,2026-05-08,P
7°A,25,2026-05-11,F
7°A,25,2026-05-12,P
7°A,25,2026-05-13,P
7°A,25,2026-05-14,P
7°A,25,2026-05-15,P
7°A,25,2026-05-18,P
7°A,25,2026-05-19,P
7°A,25,2026-05-20,P
7°A,25,2026-05-21,P
7°A,25,2026-05-22,P
7°A,25,2026-05-25,P
7°A,25,2026-05-26,P
7°A,25,2026-05-27,F
7°A,25,2026-05-28,P
7°A,25,2026-05-29,P
7°A,25,2026-06-01,P
7°A,25,2026-06-02,P
7°A,25,2026-06-03,P
7°A,25,2026-06-08,P
7°A,25,2026-06-09,F
7°A,25,2026-06-10,P
7°A,25,2026-06-11,P
7°A,25,2026-06-12,P
7°A,25,2026-06-15,F
7°A,25,2026-06-16,P
7°A,25,2026-06-17,P
7°A,25,2026-06-18,P
7°A,25,2026-06-19,F
7°A,25,2026-06-22,P
7°A,25,2026-06-23,P
7°A,25,2026-06-24,P
7°A,25,2026-06-25,P
7°A,25,2026-06-26,P
7°A,25,2026-06-29,P
7°A,25,2026-06-30,F
7°A,25,2026-07-01,F
7°A,25,2026-07-02,F
7°A,25,2026-07-03,P
7°A,25,2026-07-28,F
7°A,25,2026-07-29,P
7°A,25,2026-07-30,P
7°A,25,2026-07-31,F
7°A,25,2026-08-03,P
7°A,25,2026-08-04,P
7°A,25,2026-08-05,P
7°A,25,2026-08-06,P
7°A,25,2026-08-07,P
7°A,25,2026-08-10,P
7°A,25,2026-08-11,P
7°A,25,2026-08-12,F
7°A,25,2026-08-13,P
7°A,25,2026-08-14,F
7°A,25,2026-08-17,F
7°A,25,2026-08-18,F
7°A,25,2026-08-19,P
7°A,25,2026-08-20,P
7°A,25,2026-08-21,P
7°A,25,2026-08-22,P
7°A,25,2026-08-24,P
7°A,25,2026-08-25,P
7°A,25,2026-08-26,P
7°A,25,2026-08-27,F
7°A,25,2026-08-28,F
7°A,25,2026-08-31,F
7°A,26,2026-05-04,P
7°A,26,2026-05-05,P
7°A,26,2026-05-06,P
7°A,26,2026-05-07,P
7°A,26,2026-05-08,F
7°A,26,2026-05-11,P
7°A,26,2026-05-12,P
7°A,26,2026-05-13,F
7°A,26,2026-05-14,P
7°A,26,2026-05-15,P
7°A,26,2026-05-18,P
7°A,26,2026-05-19,P
7°A,26,2026-05-20,P
7°A,26,2026-05-21,F
7°A,26,2026-05-22,P
7°A,26,2026-05-25,F
7°A,26,2026-05-26,P
7°A,26,2026-05-27,P
7°A,26,2026-05-28,P
7°A,26,2026-05-29,P
7°A,26,2026-06-01,P
7°A,26,2026-06-02,P
7°A,26,2026-06-03,F
7°A,26,2026-06-08,F
7°A,26,2026-06-09,P
7°A,26,2026-06-10,P
7°A,26,2026-06-11,P
7°A,26,2026-06-12,P
7°A,26,2026-06-15,F
7°A,26,2026-06-16,P
7°A,26,2026-06-17,P
7°A,26,2026-06-18,P
7°A,26,2026-06-19,P
7°A,26,2026-06-22,F
7°A,26,2026-06-23,P
7°A,26,2026-06-24,F
7°A,26,2026-06-25,P
7°A,26,2026-06-26,P
7°A,26,2026-06-29,P
7°A,26,2026-06-30,F
7°A,26,2026-07-01,P
7°A,26,2026-07-02,F
7°A,26,2026-07-03,P
7°A,26,2026-07-28,P
7°A,26,2026-07-29,P
7°A,26,2026-07-30,P
7°A,26,2026-07-31,P
7°A,26,2026-08-03,F
7°A,26,2026-08-04,P
7°A,26,2026-08-05,P
7°A,26,2026-08-06,P
7°A,26,2026-08-07,P
7°A,26,2026-08-10,F
7°A,26,2026-08-11,P
7°A,26,2026-08-12,P
7°A,26,2026-08-13,F
7°A,26,2026-08-14,P
7°A,26,2026-08-17,P
7°A,26,2026-08-18,F
7°A,26,2026-08-19,P
7°A,26,2026-08-20,P
7°A,26,2026-08-21,P
7°A,26,2026-08-22,P
7°A,26,2026-08-24,P
7°A,26,2026-08-25,P
7°A,26,2026-08-26,P
7°A,26,2026-08-27,P
7°A,26,2026-08-28,F
7°A,26,2026-08-31,F
7°A,27,2026-05-04,P
7°A,27,2026-05-05,P
7°A,27,2026-05-06,P
7°A,27,2026-05-07,P
7°A,27,2026-05-08,P
7°A,27,2026-05-11,F
7°A,27,2026-05-12,P
7°A,27,2026-05-13,P
7°A,27,2026-05-14,P
7°A,27,2026-05-15,P
7°A,27,2026-05-18,P
7°A,27,2026-05-19,P
7°A,27,2026-05-20,P
7°A,27,2026-05-21,P
7°A,27,2026-05-22,P
7°A,27,2026-05-25,F
7°A,27,2026-05-26,P
7°A,27,2026-05-27,F
7°A,27,2026-05-28,P
7°A,27,2026-05-29,P
7°A,27,2026-06-01,P
7°A,27,2026-06-02,P
7°A,27,2026-06-03,P
7°A,27,2026-06-08,P
7°A,27,2026-06-09,P
7°A,27,2026-06-10,P
7°A,27,2026-06-11,P
7°A,27,2026-06-12,P
7°A,27,2026-06-15,F
7°A,27,2026-06-16,P
7°A,27,2026-06-17,P
7°A,27,2026-06-18,P
7°A,27,2026-06-19,P
7°A,27,2026-06-22,P
7°A,27,2026-06-23,P
7°A,27,2026-06-24,P
7°A,27,2026-06-25,P
7°A,27,2026-06-26,P
7°A,27,2026-06-29,P
7°A,27,2026-06-30,P
7°A,27,2026-07-01,P
7°A,27,2026-07-02,F
7°A,27,2026-07-03,P
7°A,27,2026-07-28,P
7°A,27,2026-07-29,P
7°A,27,2026-07-30,P
7°A,27,2026-07-31,P
7°A,27,2026-08-03,P
7°A,27,2026-08-04,P
7°A,27,2026-08-05,P
7°A,27,2026-08-06,P
7°A,27,2026-08-07,P
7°A,27,2026-08-10,P
7°A,27,2026-08-11,P
7°A,27,2026-08-12,F
7°A,27,2026-08-13,P
7°A,27,2026-08-14,F
7°A,27,2026-08-17,P
7°A,27,2026-08-18,P
7°A,27,2026-08-19,P
7°A,27,2026-08-20,P
7°A,27,2026-08-21,P
7°A,27,2026-08-22,P
7°A,27,2026-08-24,F
7°A,27,2026-08-25,F
7°A,27,2026-08-26,P
7°A,27,2026-08-27,P
7°A,27,2026-08-28,P
7°A,27,2026-08-31,P
7°A,28,2026-05-04,-
7°A,28,2026-05-05,-
7°A,28,2026-05-06,P
7°A,28,2026-05-07,P
7°A,28,2026-05-08,P
7°A,28,2026-05-11,F
7°A,28,2026-05-12,P
7°A,28,2026-05-13,P
7°A,28,2026-05-14,P
7°A,28,2026-05-15,P
7°A,28,2026-05-18,P
7°A,28,2026-05-19,P
7°A,28,2026-05-20,P
7°A,28,2026-05-21,P
7°A,28,2026-05-22,P
7°A,28,2026-05-25,P
7°A,28,2026-05-26,P
7°A,28,2026-05-27,P
7°A,28,2026-05-28,P
7°A,28,2026-05-29,P
7°A,28,2026-06-01,P
7°A,28,2026-06-02,P
7°A,28,2026-06-03,F
7°A,28,2026-06-08,P
7°A,28,2026-06-09,P
7°A,28,2026-06-10,P
7°A,28,2026-06-11,P
7°A,28,2026-06-12,P
7°A,28,2026-06-15,F
7°A,28,2026-06-16,P
7°A,28,2026-06-17,P
7°A,28,2026-06-18,P
7°A,28,2026-06-19,P
7°A,28,2026-06-22,P
7°A,28,2026-06-23,P
7°A,28,2026-06-24,F
7°A,28,2026-06-25,F
7°A,28,2026-06-26,P
7°A,28,2026-06-29,P
7°A,28,2026-06-30,P
7°A,28,2026-07-01,F
7°A,28,2026-07-02,P
7°A,28,2026-07-03,P
7°A,28,2026-07-28,F
7°A,28,2026-07-29,F
7°A,28,2026-07-30,P
7°A,28,2026-07-31,F
7°A,28,2026-08-03,P
7°A,28,2026-08-04,P
7°A,28,2026-08-05,P
7°A,28,2026-08-06,P
7°A,28,2026-08-07,P
7°A,28,2026-08-10,P
7°A,28,2026-08-11,P
7°A,28,2026-08-12,P
7°A,28,2026-08-13,P
7°A,28,2026-08-14,P
7°A,28,2026-08-17,P
7°A,28,2026-08-18,P
7°A,28,2026-08-19,P
7°A,28,2026-08-20,P
7°A,28,2026-08-21,P
7°A,28,2026-08-22,P
7°A,28,2026-08-24,P
7°A,28,2026-08-25,P
7°A,28,2026-08-26,P
7°A,28,2026-08-27,P
7°A,28,2026-08-28,P
7°A,28,2026-08-31,P
7°A,29,2026-05-04,-
7°A,29,2026-05-05,-
7°A,29,2026-05-06,-
7°A,29,2026-05-07,-
7°A,29,2026-05-08,-
7°A,29,2026-05-11,-
7°A,29,2026-05-12,-
7°A,29,2026-05-13,-
7°A,29,2026-05-14,-
7°A,29,2026-05-15,-
7°A,29,2026-05-18,-
7°A,29,2026-05-19,-
7°A,29,2026-05-20,-
7°A,29,2026-05-21,-
7°A,29,2026-05-22,-
7°A,29,2026-05-25,-
7°A,29,2026-05-26,-
7°A,29,2026-05-27,-
7°A,29,2026-05-28,-
7°A,29,2026-05-29,-
7°A,29,2026-06-01,-
7°A,29,2026-06-02,-
7°A,29,2026-06-03,-
7°A,29,2026-06-08,-
7°A,29,2026-06-09,-
7°A,29,2026-06-10,-
7°A,29,2026-06-11,-
7°A,29,2026-06-12,-
7°A,29,2026-06-15,-
7°A,29,2026-06-16,-
7°A,29,2026-06-17,-
7°A,29,2026-06-18,-
7°A,29,2026-06-19,-
7°A,29,2026-06-22,-
7°A,29,2026-06-23,-
7°A,29,2026-06-24,-
7°A,29,2026-06-25,-
7°A,29,2026-06-26,-
7°A,29,2026-06-29,-
7°A,29,2026-06-30,-
7°A,29,2026-07-01,-
7°A,29,2026-07-02,-
7°A,29,2026-07-03,-
7°A,29,2026-07-28,-
7°A,29,2026-07-29,-
7°A,29,2026-07-30,-
7°A,29,2026-07-31,-
7°A,29,2026-08-03,-
7°A,29,2026-08-04,-
7°A,29,2026-08-05,-
7°A,29,2026-08-06,-
7°A,29,2026-08-07,-
7°A,29,2026-08-10,-
7°A,29,2026-08-11,-
7°A,29,2026-08-12,-
7°A,29,2026-08-13,-
7°A,29,2026-08-14,-
7°A,29,2026-08-17,-
7°A,29,2026-08-18,-
7°A,29,2026-08-19,-
7°A,29,2026-08-20,-
7°A,29,2026-08-21,-
7°A,29,2026-08-25,P
7°A,29,2026-08-26,P
7°A,29,2026-08-27,F
7°A,29,2026-08-28,F
7°A,29,2026-08-31,F
7°A,30,2026-05-04,-
7°A,30,2026-05-05,-
7°A,30,2026-05-06,-
7°A,30,2026-05-07,-
7°A,30,2026-05-08,-
7°A,30,2026-05-11,-
7°A,30,2026-05-12,-
7°A,30,2026-05-13,-
7°A,30,2026-05-14,-
7°A,30,2026-05-15,-
7°A,30,2026-05-18,-
7°A,30,2026-05-19,-
7°A,30,2026-05-20,-
7°A,30,2026-05-21,-
7°A,30,2026-05-22,-
7°A,30,2026-05-25,-
7°A,30,2026-05-26,-
7°A,30,2026-05-27,-
7°A,30,2026-05-28,-
7°A,30,2026-05-29,-
7°A,30,2026-06-01,-
7°A,30,2026-06-02,-
7°A,30,2026-06-03,-
7°A,30,2026-06-08,-
7°A,30,2026-06-09,-
7°A,30,2026-06-10,-
7°A,30,2026-06-11,-
7°A,30,2026-06-12,-
7°A,30,2026-06-15,-
7°A,30,2026-06-16,-
7°A,30,2026-06-17,-
7°A,30,2026-06-18,-
7°A,30,2026-06-19,-
7°A,30,2026-06-22,-
7°A,30,2026-06-23,-
7°A,30,2026-06-24,-
7°A,30,2026-06-25,-
7°A,30,2026-06-26,-
7°A,30,2026-06-29,-
7°A,30,2026-06-30,-
7°A,30,2026-07-01,-
7°A,30,2026-07-02,-
7°A,30,2026-07-03,-
7°A,30,2026-07-28,-
7°A,30,2026-07-29,-
7°A,30,2026-07-30,-
7°A,30,2026-07-31,-
7°A,30,2026-08-03,-
7°A,30,2026-08-04,-
7°A,30,2026-08-05,-
7°A,30,2026-08-06,-
7°A,30,2026-08-07,-
7°A,30,2026-08-10,-
7°A,30,2026-08-11,-
7°A,30,2026-08-12,-
7°A,30,2026-08-13,-
7°A,30,2026-08-14,-
7°A,30,2026-08-17,-
7°A,30,2026-08-18,-
7°A,30,2026-08-19,-
7°A,30,2026-08-20,-
7°A,30,2026-08-21,-
7°A,30,2026-08-22,-
7°A,30,2026-08-24,-
7°A,30,2026-08-25,F
7°A,30,2026-08-26,P
7°A,30,2026-08-27,F
7°A,30,2026-08-28,F
7°A,30,2026-08-31,F
7°B,2,2026-05-04,P
7°B,2,2026-05-05,F
7°B,2,2026-05-06,F
7°B,2,2026-05-07,P
7°B,2,2026-05-08,P
7°B,2,2026-05-11,P
7°B,2,2026-05-12,P
7°B,2,2026-05-13,P
7°B,2,2026-05-14,P
7°B,2,2026-05-15,F
7°B,2,2026-05-18,P
7°B,2,2026-05-19,P
7°B,2,2026-05-20,P
7°B,2,2026-05-21,P
7°B,2,2026-05-22,P
7°B,2,2026-05-25,P
7°B,2,2026-05-26,P
7°B,2,2026-05-27,P
7°B,2,2026-05-28,F
7°B,2,2026-05-29,P
7°B,2,2026-06-01,P
7°B,2,2026-06-02,P
7°B,2,2026-06-03,P
7°B,2,2026-06-08,P
7°B,2,2026-06-09,P
7°B,2,2026-06-10,F
7°B,2,2026-06-11,P
7°B,2,2026-06-12,F
7°B,2,2026-06-15,P
7°B,2,2026-06-16,P
7°B,2,2026-06-17,P
7°B,2,2026-06-18,P
7°B,2,2026-06-19,P
7°B,2,2026-06-22,F
7°B,2,2026-06-23,P
7°B,2,2026-06-24,F
7°B,2,2026-06-25,P
7°B,2,2026-06-26,P
7°B,2,2026-06-29,F
7°B,2,2026-06-30,F
7°B,2,2026-07-01,F
7°B,2,2026-07-02,P
7°B,2,2026-07-03,P
7°B,2,2026-07-28,F
7°B,2,2026-07-29,P
7°B,2,2026-07-30,P
7°B,2,2026-07-31,P
7°B,2,2026-08-03,P
7°B,2,2026-08-04,P
7°B,2,2026-08-05,F
7°B,2,2026-08-06,F
7°B,2,2026-08-10,P
7°B,2,2026-08-11,F
7°B,2,2026-08-12,P
7°B,2,2026-08-13,P
7°B,2,2026-08-14,P
7°B,2,2026-08-17,F
7°B,2,2026-08-18,P
7°B,2,2026-08-19,F
7°B,2,2026-08-20,F
7°B,2,2026-08-21,P
7°B,2,2026-08-25,F
7°B,2,2026-08-28,F
7°B,2,2026-08-31,P
7°B,3,2026-05-04,P
7°B,3,2026-05-05,P
7°B,3,2026-05-06,P
7°B,3,2026-05-07,P
7°B,3,2026-05-08,P
7°B,3,2026-05-11,P
7°B,3,2026-05-12,P
7°B,3,2026-05-13,P
7°B,3,2026-05-14,P
7°B,3,2026-05-15,P
7°B,3,2026-05-18,P
7°B,3,2026-05-19,P
7°B,3,2026-05-20,P
7°B,3,2026-05-21,P
7°B,3,2026-05-22,P
7°B,3,2026-05-25,P
7°B,3,2026-05-26,P
7°B,3,2026-05-27,P
7°B,3,2026-05-28,P
7°B,3,2026-05-29,P
7°B,3,2026-06-01,P
7°B,3,2026-06-02,F
7°B,3,2026-06-03,P
7°B,3,2026-06-08,P
7°B,3,2026-06-09,P
7°B,3,2026-06-10,P
7°B,3,2026-06-11,P
7°B,3,2026-06-12,P
7°B,3,2026-06-15,P
7°B,3,2026-06-16,P
7°B,3,2026-06-17,P
7°B,3,2026-06-18,P
7°B,3,2026-06-19,P
7°B,3,2026-06-22,P
7°B,3,2026-06-23,P
7°B,3,2026-06-24,P
7°B,3,2026-06-25,P
7°B,3,2026-06-26,P
7°B,3,2026-06-29,P
7°B,3,2026-06-30,P
7°B,3,2026-07-01,P
7°B,3,2026-07-02,P
7°B,3,2026-07-03,P
7°B,3,2026-07-28,P
7°B,3,2026-07-29,P
7°B,3,2026-07-30,P
7°B,3,2026-07-31,P
7°B,3,2026-08-03,P
7°B,3,2026-08-04,P
7°B,3,2026-08-05,P
7°B,3,2026-08-06,P
7°B,3,2026-08-10,P
7°B,3,2026-08-11,P
7°B,3,2026-08-12,P
7°B,3,2026-08-13,P
7°B,3,2026-08-14,P
7°B,3,2026-08-17,P
7°B,3,2026-08-18,P
7°B,3,2026-08-19,P
7°B,3,2026-08-20,P
7°B,3,2026-08-21,P
7°B,3,2026-08-25,F
7°B,3,2026-08-28,P
7°B,3,2026-08-31,F
7°B,4,2026-05-04,P
7°B,4,2026-05-05,P
7°B,4,2026-05-06,F
7°B,4,2026-05-07,F
7°B,4,2026-05-08,P
7°B,4,2026-05-11,P
7°B,4,2026-05-12,P
7°B,4,2026-05-13,P
7°B,4,2026-05-14,F
7°B,4,2026-05-15,F
7°B,4,2026-05-18,P
7°B,4,2026-05-19,F
7°B,4,2026-05-20,P
7°B,4,2026-05-21,P
7°B,4,2026-05-22,P
7°B,4,2026-05-25,F
7°B,4,2026-05-26,-
7°B,4,2026-05-27,-
7°B,4,2026-05-28,-
7°B,4,2026-05-29,-
7°B,4,2026-06-01,-
7°B,4,2026-06-02,-
7°B,4,2026-06-03,-
7°B,4,2026-06-08,-
7°B,4,2026-06-09,
7°B,4,2026-06-10,-
7°B,4,2026-06-11,-
7°B,4,2026-06-12,-
7°B,4,2026-06-15,-
7°B,4,2026-06-16,-
7°B,4,2026-06-17,-
7°B,4,2026-06-18,-
7°B,4,2026-06-19,-
7°B,4,2026-06-22,-
7°B,4,2026-06-23,-
7°B,4,2026-06-25,-
7°B,4,2026-06-30,-
7°B,4,2026-07-01,-
7°B,4,2026-07-02,-
7°B,4,2026-07-03,-
7°B,4,2026-07-28,-
7°B,4,2026-07-29,-
7°B,4,2026-07-30,-
7°B,4,2026-07-31,-
7°B,4,2026-08-03,-
7°B,4,2026-08-04,-
7°B,4,2026-08-05,-
7°B,4,2026-08-06,-
7°B,4,2026-08-07,-
7°B,4,2026-08-10,-
7°B,4,2026-08-11,-
7°B,4,2026-08-13,-
7°B,4,2026-08-14,-
7°B,4,2026-08-17,-
7°B,4,2026-08-18,-
7°B,4,2026-08-19,
7°B,4,2026-08-20,-
7°B,4,2026-08-21,
7°B,4,2026-08-22,-
7°B,4,2026-08-24,-
7°B,4,2026-08-25,-
7°B,4,2026-08-26,-
7°B,4,2026-08-27,-
7°B,4,2026-08-28,-
7°B,4,2026-08-31,
7°B,5,2026-05-04,P
7°B,5,2026-05-05,P
7°B,5,2026-05-06,F
7°B,5,2026-05-07,P
7°B,5,2026-05-08,P
7°B,5,2026-05-11,F
7°B,5,2026-05-12,P
7°B,5,2026-05-13,P
7°B,5,2026-05-14,P
7°B,5,2026-05-15,P
7°B,5,2026-05-18,P
7°B,5,2026-05-19,P
7°B,5,2026-05-20,P
7°B,5,2026-05-21,F
7°B,5,2026-05-22,P
7°B,5,2026-05-25,P
7°B,5,2026-05-26,P
7°B,5,2026-05-27,P
7°B,5,2026-05-28,P
7°B,5,2026-05-29,F
7°B,5,2026-06-01,P
7°B,5,2026-06-02,P
7°B,5,2026-06-03,P
7°B,5,2026-06-08,P
7°B,5,2026-06-09,P
7°B,5,2026-06-10,P
7°B,5,2026-06-11,F
7°B,5,2026-06-12,P
7°B,5,2026-06-15,P
7°B,5,2026-06-16,F
7°B,5,2026-06-17,P
7°B,5,2026-06-18,P
7°B,5,2026-06-19,P
7°B,5,2026-06-22,P
7°B,5,2026-06-23,P
7°B,5,2026-06-24,F
7°B,5,2026-06-25,P
7°B,5,2026-06-26,P
7°B,5,2026-06-29,P
7°B,5,2026-06-30,P
7°B,5,2026-07-01,P
7°B,5,2026-07-02,P
7°B,5,2026-07-03,P
7°B,5,2026-07-28,P
7°B,5,2026-07-29,P
7°B,5,2026-07-30,P
7°B,5,2026-07-31,P
7°B,5,2026-08-03,P
7°B,5,2026-08-04,P
7°B,5,2026-08-05,P
7°B,5,2026-08-06,P
7°B,5,2026-08-10,P
7°B,5,2026-08-11,F
7°B,5,2026-08-12,P
7°B,5,2026-08-13,P
7°B,5,2026-08-14,P
7°B,5,2026-08-17,P
7°B,5,2026-08-18,P
7°B,5,2026-08-19,P
7°B,5,2026-08-20,P
7°B,5,2026-08-21,P
7°B,5,2026-08-25,P
7°B,5,2026-08-28,P
7°B,5,2026-08-31,P
7°B,6,2026-05-04,P
7°B,6,2026-05-05,P
7°B,6,2026-05-06,F
7°B,6,2026-05-07,P
7°B,6,2026-05-08,P
7°B,6,2026-05-11,P
7°B,6,2026-05-12,P
7°B,6,2026-05-13,F
7°B,6,2026-05-14,P
7°B,6,2026-05-15,F
7°B,6,2026-05-18,P
7°B,6,2026-05-19,P
7°B,6,2026-05-20,P
7°B,6,2026-05-21,P
7°B,6,2026-05-22,P
7°B,6,2026-05-25,F
7°B,6,2026-05-26,P
7°B,6,2026-05-27,P
7°B,6,2026-05-28,P
7°B,6,2026-05-29,F
7°B,6,2026-06-01,P
7°B,6,2026-06-02,P
7°B,6,2026-06-03,P
7°B,6,2026-06-08,P
7°B,6,2026-06-09,P
7°B,6,2026-06-10,P
7°B,6,2026-06-11,F
7°B,6,2026-06-12,P
7°B,6,2026-06-15,P
7°B,6,2026-06-16,F
7°B,6,2026-06-17,P
7°B,6,2026-06-18,P
7°B,6,2026-06-19,P
7°B,6,2026-06-22,P
7°B,6,2026-06-23,P
7°B,6,2026-06-24,F
7°B,6,2026-06-25,P
7°B,6,2026-06-26,P
7°B,6,2026-06-29,F
7°B,6,2026-06-30,P
7°B,6,2026-07-01,P
7°B,6,2026-07-02,P
7°B,6,2026-07-03,P
7°B,6,2026-07-28,P
7°B,6,2026-07-29,F
7°B,6,2026-07-30,P
7°B,6,2026-07-31,F
7°B,6,2026-08-03,P
7°B,6,2026-08-04,P
7°B,6,2026-08-05,P
7°B,6,2026-08-06,P
7°B,6,2026-08-10,P
7°B,6,2026-08-11,P
7°B,6,2026-08-12,F
7°B,6,2026-08-13,P
7°B,6,2026-08-14,F
7°B,6,2026-08-17,P
7°B,6,2026-08-18,P
7°B,6,2026-08-19,P
7°B,6,2026-08-20,P
7°B,6,2026-08-21,F
7°B,6,2026-08-25,P
7°B,6,2026-08-28,P
7°B,6,2026-08-31,F
7°B,7,2026-05-04,P
7°B,7,2026-05-05,F
7°B,7,2026-05-06,F
7°B,7,2026-05-07,P
7°B,7,2026-05-08,P
7°B,7,2026-05-11,P
7°B,7,2026-05-12,P
7°B,7,2026-05-13,P
7°B,7,2026-05-14,P
7°B,7,2026-05-15,P
7°B,7,2026-05-18,P
7°B,7,2026-05-19,P
7°B,7,2026-05-20,P
7°B,7,2026-05-21,P
7°B,7,2026-05-22,P
7°B,7,2026-05-25,P
7°B,7,2026-05-26,P
7°B,7,2026-05-27,P
7°B,7,2026-05-28,P
7°B,7,2026-05-29,P
7°B,7,2026-06-01,P
7°B,7,2026-06-02,P
7°B,7,2026-06-03,P
7°B,7,2026-06-08,P
7°B,7,2026-06-09,P
7°B,7,2026-06-10,P
7°B,7,2026-06-11,P
7°B,7,2026-06-12,P
7°B,7,2026-06-15,P
7°B,7,2026-06-16,P
7°B,7,2026-06-17,P
7°B,7,2026-06-18,P
7°B,7,2026-06-19,P
7°B,7,2026-06-22,P
7°B,7,2026-06-23,P
7°B,7,2026-06-24,P
7°B,7,2026-06-25,P
7°B,7,2026-06-26,P
7°B,7,2026-06-29,P
7°B,7,2026-06-30,P
7°B,7,2026-07-01,F
7°B,7,2026-07-02,P
7°B,7,2026-07-03,P
7°B,7,2026-07-28,P
7°B,7,2026-07-29,P
7°B,7,2026-07-30,P
7°B,7,2026-07-31,P
7°B,7,2026-08-03,P
7°B,7,2026-08-04,P
7°B,7,2026-08-05,P
7°B,7,2026-08-06,P
7°B,7,2026-08-10,P
7°B,7,2026-08-11,P
7°B,7,2026-08-12,P
7°B,7,2026-08-13,P
7°B,7,2026-08-14,P
7°B,7,2026-08-17,P
7°B,7,2026-08-18,P
7°B,7,2026-08-19,P
7°B,7,2026-08-20,P
7°B,7,2026-08-21,P
7°B,7,2026-08-25,F
7°B,7,2026-08-28,P
7°B,7,2026-08-31,P
7°B,8,2026-05-04,P
7°B,8,2026-05-05,P
7°B,8,2026-05-06,F
7°B,8,2026-05-07,F
7°B,8,2026-05-08,F
7°B,8,2026-05-11,P
7°B,8,2026-05-12,P
7°B,8,2026-05-13,P
7°B,8,2026-05-14,P
7°B,8,2026-05-15,P
7°B,8,2026-05-18,P
7°B,8,2026-05-19,P
7°B,8,2026-05-20,P
7°B,8,2026-05-21,P
7°B,8,2026-05-22,F
7°B,8,2026-05-25,F
7°B,8,2026-05-26,F
7°B,8,2026-05-27,F
7°B,8,2026-05-28,P
7°B,8,2026-05-29,P
7°B,8,2026-06-01,P
7°B,8,2026-06-02,P
7°B,8,2026-06-03,P
7°B,8,2026-06-08,P
7°B,8,2026-06-09,F
7°B,8,2026-06-10,P
7°B,8,2026-06-11,P
7°B,8,2026-06-12,P
7°B,8,2026-06-15,F
7°B,8,2026-06-16,P
7°B,8,2026-06-17,P
7°B,8,2026-06-18,F
7°B,8,2026-06-19,P
7°B,8,2026-06-22,P
7°B,8,2026-06-23,P
7°B,8,2026-06-24,F
7°B,8,2026-06-25,P
7°B,8,2026-06-26,F
7°B,8,2026-06-29,P
7°B,8,2026-06-30,P
7°B,8,2026-07-01,P
7°B,8,2026-07-02,P
7°B,8,2026-07-03,P
7°B,8,2026-07-28,F
7°B,8,2026-07-29,F
7°B,8,2026-07-30,F
7°B,8,2026-07-31,F
7°B,8,2026-08-03,P
7°B,8,2026-08-04,P
7°B,8,2026-08-05,P
7°B,8,2026-08-06,P
7°B,8,2026-08-10,F
7°B,8,2026-08-11,F
7°B,8,2026-08-12,F
7°B,8,2026-08-13,P
7°B,8,2026-08-14,P
7°B,8,2026-08-17,P
7°B,8,2026-08-18,F
7°B,8,2026-08-19,P
7°B,8,2026-08-20,P
7°B,8,2026-08-21,P
7°B,8,2026-08-25,P
7°B,8,2026-08-28,P
7°B,8,2026-08-31,P
7°B,9,2026-05-04,-
7°B,9,2026-05-05,-
7°B,9,2026-05-06,
7°B,9,2026-05-07,-
7°B,9,2026-05-08,-
7°B,9,2026-05-11,-
7°B,9,2026-05-12,-
7°B,9,2026-05-13,-
7°B,9,2026-05-18,-
7°B,9,2026-05-19,-
7°B,9,2026-05-20,-
7°B,9,2026-05-26,-
7°B,9,2026-06-09,
7°B,9,2026-08-18,-
7°B,9,2026-08-19,
7°B,9,2026-08-21,
7°B,9,2026-08-31,
7°B,10,2026-05-04,P
7°B,10,2026-05-05,P
7°B,10,2026-05-06,P
7°B,10,2026-05-07,P
7°B,10,2026-05-08,P
7°B,10,2026-05-11,P
7°B,10,2026-05-12,P
7°B,10,2026-05-13,P
7°B,10,2026-05-14,P
7°B,10,2026-05-15,P
7°B,10,2026-05-18,P
7°B,10,2026-05-19,P
7°B,10,2026-05-20,P
7°B,10,2026-05-21,P
7°B,10,2026-05-22,P
7°B,10,2026-05-25,P
7°B,10,2026-05-26,P
7°B,10,2026-05-27,P
7°B,10,2026-05-28,P
7°B,10,2026-05-29,P
7°B,10,2026-06-01,P
7°B,10,2026-06-02,P
7°B,10,2026-06-03,P
7°B,10,2026-06-08,P
7°B,10,2026-06-09,P
7°B,10,2026-06-10,P
7°B,10,2026-06-11,P
7°B,10,2026-06-12,P
7°B,10,2026-06-15,P
7°B,10,2026-06-16,F
7°B,10,2026-06-17,P
7°B,10,2026-06-18,F
7°B,10,2026-06-19,P
7°B,10,2026-06-22,P
7°B,10,2026-06-23,F
7°B,10,2026-06-24,F
7°B,10,2026-06-25,P
7°B,10,2026-06-26,P
7°B,10,2026-06-29,P
7°B,10,2026-06-30,P
7°B,10,2026-07-01,P
7°B,10,2026-07-02,P
7°B,10,2026-07-03,P
7°B,10,2026-07-28,F
7°B,10,2026-07-29,P
7°B,10,2026-07-30,P
7°B,10,2026-07-31,P
7°B,10,2026-08-03,P
7°B,10,2026-08-04,P
7°B,10,2026-08-05,P
7°B,10,2026-08-06,P
7°B,10,2026-08-10,F
7°B,10,2026-08-11,F
7°B,10,2026-08-12,P
7°B,10,2026-08-13,P
7°B,10,2026-08-14,P
7°B,10,2026-08-17,P
7°B,10,2026-08-18,P
7°B,10,2026-08-19,P
7°B,10,2026-08-20,P
7°B,10,2026-08-21,F
7°B,10,2026-08-25,P
7°B,10,2026-08-28,F
7°B,10,2026-08-31,P
7°B,11,2026-05-04,-
7°B,11,2026-05-05,-
7°B,11,2026-05-06,
7°B,11,2026-05-07,-
7°B,11,2026-05-08,-
7°B,11,2026-05-11,-
7°B,11,2026-05-12,-
7°B,11,2026-05-13,-
7°B,11,2026-05-18,-
7°B,11,2026-05-19,-
7°B,11,2026-05-20,-
7°B,11,2026-05-26,-
7°B,11,2026-06-09,
7°B,11,2026-08-18,-
7°B,11,2026-08-19,
7°B,11,2026-08-21,
7°B,11,2026-08-31,
7°B,12,2026-05-04,P
7°B,12,2026-05-05,F
7°B,12,2026-05-06,F
7°B,12,2026-05-07,P
7°B,12,2026-05-08,P
7°B,12,2026-05-11,P
7°B,12,2026-05-12,P
7°B,12,2026-05-13,P
7°B,12,2026-05-14,P
7°B,12,2026-05-15,P
7°B,12,2026-05-18,P
7°B,12,2026-05-19,P
7°B,12,2026-05-20,P
7°B,12,2026-05-21,P
7°B,12,2026-05-22,P
7°B,12,2026-05-25,P
7°B,12,2026-05-26,P
7°B,12,2026-05-27,P
7°B,12,2026-05-28,P
7°B,12,2026-05-29,P
7°B,12,2026-06-01,P
7°B,12,2026-06-02,P
7°B,12,2026-06-03,P
7°B,12,2026-06-08,P
7°B,12,2026-06-09,P
7°B,12,2026-06-10,P
7°B,12,2026-06-11,P
7°B,12,2026-06-12,P
7°B,12,2026-06-15,P
7°B,12,2026-06-16,P
7°B,12,2026-06-17,P
7°B,12,2026-06-18,P
7°B,12,2026-06-19,F
7°B,12,2026-06-22,P
7°B,12,2026-06-23,P
7°B,12,2026-06-24,P
7°B,12,2026-06-25,P
7°B,12,2026-06-26,P
7°B,12,2026-06-29,P
7°B,12,2026-06-30,P
7°B,12,2026-07-01,P
7°B,12,2026-07-02,P
7°B,12,2026-07-03,P
7°B,12,2026-07-28,F
7°B,12,2026-07-29,P
7°B,12,2026-07-30,P
7°B,12,2026-07-31,P
7°B,12,2026-08-03,P
7°B,12,2026-08-04,P
7°B,12,2026-08-05,P
7°B,12,2026-08-06,P
7°B,12,2026-08-10,P
7°B,12,2026-08-11,P
7°B,12,2026-08-12,P
7°B,12,2026-08-13,P
7°B,12,2026-08-14,P
7°B,12,2026-08-17,P
7°B,12,2026-08-18,P
7°B,12,2026-08-19,P
7°B,12,2026-08-20,P
7°B,12,2026-08-21,P
7°B,12,2026-08-25,F
7°B,12,2026-08-28,P
7°B,12,2026-08-31,P
7°B,13,2026-05-04,P
7°B,13,2026-05-05,F
7°B,13,2026-05-06,F
7°B,13,2026-05-07,P
7°B,13,2026-05-08,P
7°B,13,2026-05-11,F
7°B,13,2026-05-12,P
7°B,13,2026-05-13,P
7°B,13,2026-05-14,P
7°B,13,2026-05-15,P
7°B,13,2026-05-18,P
7°B,13,2026-05-19,P
7°B,13,2026-05-20,P
7°B,13,2026-05-21,P
7°B,13,2026-05-22,P
7°B,13,2026-05-25,P
7°B,13,2026-05-26,P
7°B,13,2026-05-27,P
7°B,13,2026-05-28,P
7°B,13,2026-05-29,P
7°B,13,2026-06-01,P
7°B,13,2026-06-02,P
7°B,13,2026-06-03,P
7°B,13,2026-06-08,P
7°B,13,2026-06-09,P
7°B,13,2026-06-10,P
7°B,13,2026-06-11,F
7°B,13,2026-06-12,P
7°B,13,2026-06-15,P
7°B,13,2026-06-16,P
7°B,13,2026-06-17,P
7°B,13,2026-06-18,P
7°B,13,2026-06-19,P
7°B,13,2026-06-22,F
7°B,13,2026-06-23,P
7°B,13,2026-06-24,P
7°B,13,2026-06-25,P
7°B,13,2026-06-26,P
7°B,13,2026-06-29,P
7°B,13,2026-06-30,P
7°B,13,2026-07-01,P
7°B,13,2026-07-02,P
7°B,13,2026-07-03,P
7°B,13,2026-07-28,P
7°B,13,2026-07-29,P
7°B,13,2026-07-30,P
7°B,13,2026-07-31,F
7°B,13,2026-08-03,F
7°B,13,2026-08-04,P
7°B,13,2026-08-05,P
7°B,13,2026-08-06,P
7°B,13,2026-08-10,P
7°B,13,2026-08-11,P
7°B,13,2026-08-12,P
7°B,13,2026-08-13,P
7°B,13,2026-08-14,P
7°B,13,2026-08-17,P
7°B,13,2026-08-18,F
7°B,13,2026-08-19,P
7°B,13,2026-08-20,P
7°B,13,2026-08-21,P
7°B,13,2026-08-25,F
7°B,13,2026-08-28,F
7°B,13,2026-08-31,F
7°B,14,2026-05-04,P
7°B,14,2026-05-05,F
7°B,14,2026-05-06,P
7°B,14,2026-05-07,P
7°B,14,2026-05-08,F
7°B,14,2026-05-11,P
7°B,14,2026-05-12,P
7°B,14,2026-05-13,P
7°B,14,2026-05-14,P
7°B,14,2026-05-15,P
7°B,14,2026-05-18,P
7°B,14,2026-05-19,P
7°B,14,2026-05-20,P
7°B,14,2026-05-21,P
7°B,14,2026-05-22,F
7°B,14,2026-05-25,P
7°B,14,2026-05-26,P
7°B,14,2026-05-27,P
7°B,14,2026-05-28,P
7°B,14,2026-05-29,P
7°B,14,2026-06-01,P
7°B,14,2026-06-02,P
7°B,14,2026-06-03,P
7°B,14,2026-06-08,P
7°B,14,2026-06-09,P
7°B,14,2026-06-10,P
7°B,14,2026-06-11,P
7°B,14,2026-06-12,F
7°B,14,2026-06-15,P
7°B,14,2026-06-16,P
7°B,14,2026-06-17,P
7°B,14,2026-06-18,P
7°B,14,2026-06-19,P
7°B,14,2026-06-22,P
7°B,14,2026-06-23,P
7°B,14,2026-06-24,F
7°B,14,2026-06-25,P
7°B,14,2026-06-26,P
7°B,14,2026-06-29,F
7°B,14,2026-06-30,P
7°B,14,2026-07-01,P
7°B,14,2026-07-02,P
7°B,14,2026-07-03,P
7°B,14,2026-07-28,P
7°B,14,2026-07-29,P
7°B,14,2026-07-30,P
7°B,14,2026-07-31,F
7°B,14,2026-08-03,P
7°B,14,2026-08-04,-
7°B,14,2026-08-05,-
7°B,14,2026-08-06,-
7°B,14,2026-08-07,-
7°B,14,2026-08-10,-
7°B,14,2026-08-11,-
7°B,14,2026-08-12,-
7°B,14,2026-08-13,-
7°B,14,2026-08-14,-
7°B,14,2026-08-17,-
7°B,14,2026-08-18,-
7°B,14,2026-08-19,-
7°B,14,2026-08-20,-
7°B,14,2026-08-21,-
7°B,14,2026-08-22,-
7°B,14,2026-08-24,-
7°B,14,2026-08-25,-
7°B,14,2026-08-26,-
7°B,14,2026-08-27,-
7°B,14,2026-08-28,-
7°B,14,2026-08-31,
7°B,15,2026-05-04,P
7°B,15,2026-05-05,P
7°B,15,2026-05-06,F
7°B,15,2026-05-07,P
7°B,15,2026-05-08,P
7°B,15,2026-05-11,P
7°B,15,2026-05-12,P
7°B,15,2026-05-13,P
7°B,15,2026-05-14,P
7°B,15,2026-05-15,P
7°B,15,2026-05-18,P
7°B,15,2026-05-19,P
7°B,15,2026-05-20,P
7°B,15,2026-05-21,P
7°B,15,2026-05-22,P
7°B,15,2026-05-25,P
7°B,15,2026-05-26,P
7°B,15,2026-05-27,P
7°B,15,2026-05-28,P
7°B,15,2026-05-29,P
7°B,15,2026-06-01,P
7°B,15,2026-06-02,P
7°B,15,2026-06-03,P
7°B,15,2026-06-08,P
7°B,15,2026-06-09,P
7°B,15,2026-06-10,F
7°B,15,2026-06-11,P
7°B,15,2026-06-12,P
7°B,15,2026-06-15,P
7°B,15,2026-06-16,P
7°B,15,2026-06-17,P
7°B,15,2026-06-18,P
7°B,15,2026-06-19,P
7°B,15,2026-06-22,P
7°B,15,2026-06-23,P
7°B,15,2026-06-24,P
7°B,15,2026-06-25,P
7°B,15,2026-06-26,P
7°B,15,2026-06-29,P
7°B,15,2026-06-30,P
7°B,15,2026-07-01,P
7°B,15,2026-07-02,P
7°B,15,2026-07-03,P
7°B,15,2026-07-28,P
7°B,15,2026-07-29,P
7°B,15,2026-07-30,P
7°B,15,2026-07-31,P
7°B,15,2026-08-03,P
7°B,15,2026-08-04,F
7°B,15,2026-08-05,P
7°B,15,2026-08-06,P
7°B,15,2026-08-10,P
7°B,15,2026-08-11,F
7°B,15,2026-08-12,P
7°B,15,2026-08-13,P
7°B,15,2026-08-14,P
7°B,15,2026-08-17,P
7°B,15,2026-08-18,P
7°B,15,2026-08-19,P
7°B,15,2026-08-20,P
7°B,15,2026-08-21,P
7°B,15,2026-08-25,F
7°B,15,2026-08-28,F
7°B,15,2026-08-31,P
7°B,16,2026-05-04,-
7°B,16,2026-05-05,-
7°B,16,2026-05-06,
7°B,16,2026-05-07,-
7°B,16,2026-05-08,-
7°B,16,2026-05-11,-
7°B,16,2026-05-12,-
7°B,16,2026-05-13,-
7°B,16,2026-05-18,-
7°B,16,2026-05-19,-
7°B,16,2026-05-20,-
7°B,16,2026-05-26,-
7°B,16,2026-05-29,F
7°B,16,2026-06-09,
7°B,16,2026-08-18,-
7°B,16,2026-08-19,
7°B,16,2026-08-21,
7°B,16,2026-08-31,
7°B,17,2026-05-04,P
7°B,17,2026-05-05,F
7°B,17,2026-05-06,F
7°B,17,2026-05-07,P
7°B,17,2026-05-08,P
7°B,17,2026-05-11,P
7°B,17,2026-05-12,P
7°B,17,2026-05-13,F
7°B,17,2026-05-14,P
7°B,17,2026-05-15,P
7°B,17,2026-05-18,P
7°B,17,2026-05-19,P
7°B,17,2026-05-20,F
7°B,17,2026-05-21,P
7°B,17,2026-05-22,P
7°B,17,2026-05-25,P
7°B,17,2026-05-26,P
7°B,17,2026-05-27,P
7°B,17,2026-05-28,P
7°B,17,2026-05-29,P
7°B,17,2026-06-01,P
7°B,17,2026-06-02,P
7°B,17,2026-06-03,P
7°B,17,2026-06-08,P
7°B,17,2026-06-09,P
7°B,17,2026-06-10,P
7°B,17,2026-06-11,F
7°B,17,2026-06-12,P
7°B,17,2026-06-15,P
7°B,17,2026-06-16,P
7°B,17,2026-06-17,P
7°B,17,2026-06-18,P
7°B,17,2026-06-19,F
7°B,17,2026-06-22,P
7°B,17,2026-06-23,P
7°B,17,2026-06-24,P
7°B,17,2026-06-25,P
7°B,17,2026-06-26,P
7°B,17,2026-06-29,P
7°B,17,2026-06-30,P
7°B,17,2026-07-01,P
7°B,17,2026-07-02,P
7°B,17,2026-07-03,P
7°B,17,2026-07-28,F
7°B,17,2026-07-29,P
7°B,17,2026-07-30,P
7°B,17,2026-07-31,P
7°B,17,2026-08-03,P
7°B,17,2026-08-04,P
7°B,17,2026-08-05,P
7°B,17,2026-08-06,P
7°B,17,2026-08-10,P
7°B,17,2026-08-11,P
7°B,17,2026-08-12,P
7°B,17,2026-08-13,P
7°B,17,2026-08-14,F
7°B,17,2026-08-17,P
7°B,17,2026-08-18,P
7°B,17,2026-08-19,P
7°B,17,2026-08-20,P
7°B,17,2026-08-21,P
7°B,17,2026-08-25,F
7°B,17,2026-08-28,P
7°B,17,2026-08-31,F
7°B,18,2026-05-04,F
7°B,18,2026-05-05,F
7°B,18,2026-05-06,P
7°B,18,2026-05-07,F
7°B,18,2026-05-08,P
7°B,18,2026-05-11,P
7°B,18,2026-05-12,P
7°B,18,2026-05-13,P
7°B,18,2026-05-14,P
7°B,18,2026-05-15,P
7°B,18,2026-05-18,P
7°B,18,2026-05-19,P
7°B,18,2026-05-20,P
7°B,18,2026-05-21,P
7°B,18,2026-05-22,P
7°B,18,2026-05-25,P
7°B,18,2026-05-26,P
7°B,18,2026-05-27,P
7°B,18,2026-05-28,F
7°B,18,2026-05-29,F
7°B,18,2026-06-01,P
7°B,18,2026-06-02,F
7°B,18,2026-06-03,F
7°B,18,2026-06-08,P
7°B,18,2026-06-09,P
7°B,18,2026-06-10,P
7°B,18,2026-06-11,F
7°B,18,2026-06-12,P
7°B,18,2026-06-15,F
7°B,18,2026-06-16,P
7°B,18,2026-06-17,P
7°B,18,2026-06-18,P
7°B,18,2026-06-19,F
7°B,18,2026-06-22,P
7°B,18,2026-06-23,P
7°B,18,2026-06-24,F
7°B,18,2026-06-25,P
7°B,18,2026-06-26,P
7°B,18,2026-06-29,F
7°B,18,2026-06-30,P
7°B,18,2026-07-01,P
7°B,18,2026-07-02,P
7°B,18,2026-07-03,P
7°B,18,2026-07-28,P
7°B,18,2026-07-29,F
7°B,18,2026-07-30,F
7°B,18,2026-07-31,P
7°B,18,2026-08-03,P
7°B,18,2026-08-04,P
7°B,18,2026-08-05,P
7°B,18,2026-08-06,P
7°B,18,2026-08-10,F
7°B,18,2026-08-11,P
7°B,18,2026-08-12,P
7°B,18,2026-08-13,F
7°B,18,2026-08-14,F
7°B,18,2026-08-17,P
7°B,18,2026-08-18,P
7°B,18,2026-08-19,P
7°B,18,2026-08-20,F
7°B,18,2026-08-21,P
7°B,18,2026-08-25,F
7°B,18,2026-08-28,P
7°B,18,2026-08-31,F
7°B,19,2026-05-04,P
7°B,19,2026-05-05,P
7°B,19,2026-05-06,F
7°B,19,2026-05-07,P
7°B,19,2026-05-08,P
7°B,19,2026-05-11,P
7°B,19,2026-05-12,P
7°B,19,2026-05-13,F
7°B,19,2026-05-14,P
7°B,19,2026-05-15,F
7°B,19,2026-05-18,P
7°B,19,2026-05-19,P
7°B,19,2026-05-20,P
7°B,19,2026-05-21,P
7°B,19,2026-05-22,P
7°B,19,2026-05-25,F
7°B,19,2026-05-26,-
7°B,19,2026-05-27,-
7°B,19,2026-05-28,-
7°B,19,2026-05-29,-
7°B,19,2026-06-01,-
7°B,19,2026-06-02,-
7°B,19,2026-06-03,-
7°B,19,2026-06-08,-
7°B,19,2026-06-09,-
7°B,19,2026-06-10,-
7°B,19,2026-06-11,-
7°B,19,2026-06-12,-
7°B,19,2026-06-15,-
7°B,19,2026-06-16,-
7°B,19,2026-06-17,-
7°B,19,2026-06-18,-
7°B,19,2026-06-19,-
7°B,19,2026-06-22,-
7°B,19,2026-06-23,-
7°B,19,2026-06-25,-
7°B,19,2026-06-30,-
7°B,19,2026-07-01,-
7°B,19,2026-07-02,-
7°B,19,2026-07-03,-
7°B,19,2026-07-28,-
7°B,19,2026-07-29,-
7°B,19,2026-07-30,-
7°B,19,2026-07-31,-
7°B,19,2026-08-03,-
7°B,19,2026-08-04,-
7°B,19,2026-08-05,-
7°B,19,2026-08-06,-
7°B,19,2026-08-07,-
7°B,19,2026-08-10,-
7°B,19,2026-08-11,-
7°B,19,2026-08-13,-
7°B,19,2026-08-14,-
7°B,19,2026-08-17,-
7°B,19,2026-08-18,-
7°B,19,2026-08-19,
7°B,19,2026-08-20,-
7°B,19,2026-08-21,
7°B,19,2026-08-22,-
7°B,19,2026-08-24,-
7°B,19,2026-08-25,-
7°B,19,2026-08-26,-
7°B,19,2026-08-27,-
7°B,19,2026-08-28,-
7°B,19,2026-08-31,
7°B,20,2026-05-04,P
7°B,20,2026-05-05,P
7°B,20,2026-05-06,P
7°B,20,2026-05-07,P
7°B,20,2026-05-08,P
7°B,20,2026-05-11,F
7°B,20,2026-05-12,P
7°B,20,2026-05-13,P
7°B,20,2026-05-14,P
7°B,20,2026-05-15,P
7°B,20,2026-05-18,F
7°B,20,2026-05-19,P
7°B,20,2026-05-20,P
7°B,20,2026-05-21,P
7°B,20,2026-05-22,F
7°B,20,2026-05-25,F
7°B,20,2026-05-26,P
7°B,20,2026-05-27,P
7°B,20,2026-05-28,P
7°B,20,2026-05-29,P
7°B,20,2026-06-01,P
7°B,20,2026-06-02,P
7°B,20,2026-06-03,F
7°B,20,2026-06-08,P
7°B,20,2026-06-09,P
7°B,20,2026-06-10,P
7°B,20,2026-06-11,F
7°B,20,2026-06-12,P
7°B,20,2026-06-15,F
7°B,20,2026-06-16,P
7°B,20,2026-06-17,F
7°B,20,2026-06-18,P
7°B,20,2026-06-19,P
7°B,20,2026-06-22,P
7°B,20,2026-06-23,P
7°B,20,2026-06-24,F
7°B,20,2026-06-25,P
7°B,20,2026-06-26,F
7°B,20,2026-06-29,F
7°B,20,2026-06-30,F
7°B,20,2026-07-01,F
7°B,20,2026-07-02,F
7°B,20,2026-07-03,F
7°B,20,2026-07-28,F
7°B,20,2026-07-29,F
7°B,20,2026-07-30,-
7°B,20,2026-07-31,-
7°B,20,2026-08-03,-
7°B,20,2026-08-04,-
7°B,20,2026-08-05,-
7°B,20,2026-08-06,-
7°B,20,2026-08-07,-
7°B,20,2026-08-10,-
7°B,20,2026-08-11,-
7°B,20,2026-08-12,-
7°B,20,2026-08-13,-
7°B,20,2026-08-14,-
7°B,20,2026-08-17,-
7°B,20,2026-08-18,-
7°B,20,2026-08-19,-
7°B,20,2026-08-20,-
7°B,20,2026-08-21,-
7°B,20,2026-08-22,-
7°B,20,2026-08-24,-
7°B,20,2026-08-25,-
7°B,20,2026-08-26,-
7°B,20,2026-08-27,-
7°B,20,2026-08-31,
7°B,21,2026-05-04,-
7°B,21,2026-05-05,-
7°B,21,2026-05-06,
7°B,21,2026-05-07,-
7°B,21,2026-05-08,-
7°B,21,2026-05-11,-
7°B,21,2026-05-12,-
7°B,21,2026-05-13,-
7°B,21,2026-05-18,-
7°B,21,2026-05-19,-
7°B,21,2026-05-20,-
7°B,21,2026-05-26,-
7°B,21,2026-06-09,
7°B,21,2026-08-19,
7°B,21,2026-08-21,
7°B,21,2026-08-31,
7°B,22,2026-05-04,P
7°B,22,2026-05-05,P
7°B,22,2026-05-06,F
7°B,22,2026-05-07,P
7°B,22,2026-05-08,F
7°B,22,2026-05-11,F
7°B,22,2026-05-12,P
7°B,22,2026-05-13,F
7°B,22,2026-05-14,F
7°B,22,2026-05-15,F
7°B,22,2026-05-18,F
7°B,22,2026-05-19,P
7°B,22,2026-05-20,P
7°B,22,2026-05-21,F
7°B,22,2026-05-22,P
7°B,22,2026-05-25,P
7°B,22,2026-05-26,P
7°B,22,2026-05-27,P
7°B,22,2026-05-28,P
7°B,22,2026-05-29,P
7°B,22,2026-06-01,P
7°B,22,2026-06-02,P
7°B,22,2026-06-03,F
7°B,22,2026-06-08,P
7°B,22,2026-06-09,P
7°B,22,2026-06-10,F
7°B,22,2026-06-11,F
7°B,22,2026-06-12,P
7°B,22,2026-06-15,F
7°B,22,2026-06-16,P
7°B,22,2026-06-17,P
7°B,22,2026-06-18,P
7°B,22,2026-06-19,P
7°B,22,2026-06-22,F
7°B,22,2026-06-23,P
7°B,22,2026-06-24,F
7°B,22,2026-06-25,F
7°B,22,2026-06-26,F
7°B,22,2026-06-29,P
7°B,22,2026-06-30,P
7°B,22,2026-07-01,P
7°B,22,2026-07-02,P
7°B,22,2026-07-03,P
7°B,22,2026-07-28,P
7°B,22,2026-07-29,P
7°B,22,2026-07-30,P
7°B,22,2026-07-31,F
7°B,22,2026-08-03,P
7°B,22,2026-08-04,P
7°B,22,2026-08-05,F
7°B,22,2026-08-06,P
7°B,22,2026-08-10,F
7°B,22,2026-08-11,F
7°B,22,2026-08-12,P
7°B,22,2026-08-13,P
7°B,22,2026-08-14,F
7°B,22,2026-08-17,P
7°B,22,2026-08-18,F
7°B,22,2026-08-19,F
7°B,22,2026-08-20,P
7°B,22,2026-08-21,P
7°B,22,2026-08-25,P
7°B,22,2026-08-28,P
7°B,22,2026-08-31,F
7°B,23,2026-05-04,P
7°B,23,2026-05-05,F
7°B,23,2026-05-06,P
7°B,23,2026-05-07,P
7°B,23,2026-05-08,P
7°B,23,2026-05-11,P
7°B,23,2026-05-12,P
7°B,23,2026-05-13,P
7°B,23,2026-05-14,P
7°B,23,2026-05-15,P
7°B,23,2026-05-18,P
7°B,23,2026-05-19,P
7°B,23,2026-05-20,P
7°B,23,2026-05-21,P
7°B,23,2026-05-22,P
7°B,23,2026-05-25,F
7°B,23,2026-05-26,F
7°B,23,2026-05-27,P
7°B,23,2026-05-28,P
7°B,23,2026-05-29,P
7°B,23,2026-06-01,P
7°B,23,2026-06-02,P
7°B,23,2026-06-03,P
7°B,23,2026-06-08,P
7°B,23,2026-06-09,P
7°B,23,2026-06-10,P
7°B,23,2026-06-11,P
7°B,23,2026-06-12,P
7°B,23,2026-06-15,P
7°B,23,2026-06-16,F
7°B,23,2026-06-17,P
7°B,23,2026-06-18,P
7°B,23,2026-06-19,P
7°B,23,2026-06-22,P
7°B,23,2026-06-23,P
7°B,23,2026-06-24,P
7°B,23,2026-06-25,P
7°B,23,2026-06-26,P
7°B,23,2026-06-29,P
7°B,23,2026-06-30,P
7°B,23,2026-07-01,P
7°B,23,2026-07-02,P
7°B,23,2026-07-03,P
7°B,23,2026-07-28,F
7°B,23,2026-07-29,P
7°B,23,2026-07-30,P
7°B,23,2026-07-31,P
7°B,23,2026-08-03,P
7°B,23,2026-08-04,P
7°B,23,2026-08-05,P
7°B,23,2026-08-06,F
7°B,23,2026-08-10,P
7°B,23,2026-08-11,P
7°B,23,2026-08-12,P
7°B,23,2026-08-13,P
7°B,23,2026-08-14,F
7°B,23,2026-08-17,P
7°B,23,2026-08-18,P
7°B,23,2026-08-19,P
7°B,23,2026-08-20,P
7°B,23,2026-08-21,P
7°B,23,2026-08-25,F
7°B,23,2026-08-28,P
7°B,23,2026-08-31,P
7°B,24,2026-05-04,P
7°B,24,2026-05-05,P
7°B,24,2026-05-06,P
7°B,24,2026-05-07,P
7°B,24,2026-05-08,F
7°B,24,2026-05-11,F
7°B,24,2026-05-12,P
7°B,24,2026-05-13,P
7°B,24,2026-05-14,P
7°B,24,2026-05-15,P
7°B,24,2026-05-18,F
7°B,24,2026-05-19,F
7°B,24,2026-05-20,P
7°B,24,2026-05-21,P
7°B,24,2026-05-22,P
7°B,24,2026-05-25,P
7°B,24,2026-05-26,P
7°B,24,2026-05-27,P
7°B,24,2026-05-28,P
7°B,24,2026-05-29,F
7°B,24,2026-06-01,P
7°B,24,2026-06-02,P
7°B,24,2026-06-03,F
7°B,24,2026-06-08,P
7°B,24,2026-06-09,F
7°B,24,2026-06-10,P
7°B,24,2026-06-11,F
7°B,24,2026-06-12,P
7°B,24,2026-06-15,F
7°B,24,2026-06-16,F
7°B,24,2026-06-17,F
7°B,24,2026-06-18,F
7°B,24,2026-06-19,F
7°B,24,2026-06-22,P
7°B,24,2026-06-23,P
7°B,24,2026-06-24,F
7°B,24,2026-06-25,P
7°B,24,2026-06-26,F
7°B,24,2026-06-29,P
7°B,24,2026-06-30,F
7°B,24,2026-07-01,P
7°B,24,2026-07-02,P
7°B,24,2026-07-03,P
7°B,24,2026-07-28,F
7°B,24,2026-07-29,F
7°B,24,2026-07-30,F
7°B,24,2026-07-31,F
7°B,24,2026-08-03,F
7°B,24,2026-08-04,P
7°B,24,2026-08-05,F
7°B,24,2026-08-06,F
7°B,24,2026-08-10,F
7°B,24,2026-08-11,F
7°B,24,2026-08-12,F
7°B,24,2026-08-13,F
7°B,24,2026-08-14,F
7°B,24,2026-08-17,F
7°B,24,2026-08-18,P
7°B,24,2026-08-19,F
7°B,24,2026-08-20,F
7°B,24,2026-08-21,F
7°B,24,2026-08-25,F
7°B,24,2026-08-28,F
7°B,24,2026-08-31,F
7°B,25,2026-05-04,P
7°B,25,2026-05-05,F
7°B,25,2026-05-06,F
7°B,25,2026-05-07,P
7°B,25,2026-05-08,P
7°B,25,2026-05-11,P
7°B,25,2026-05-12,P
7°B,25,2026-05-13,P
7°B,25,2026-05-14,P
7°B,25,2026-05-15,P
7°B,25,2026-05-18,P
7°B,25,2026-05-19,P
7°B,25,2026-05-20,P
7°B,25,2026-05-21,F
7°B,25,2026-05-22,P
7°B,25,2026-05-25,P
7°B,25,2026-05-26,P
7°B,25,2026-05-27,P
7°B,25,2026-05-28,P
7°B,25,2026-05-29,F
7°B,25,2026-06-01,P
7°B,25,2026-06-02,P
7°B,25,2026-06-03,P
7°B,25,2026-06-08,P
7°B,25,2026-06-09,P
7°B,25,2026-06-10,P
7°B,25,2026-06-11,P
7°B,25,2026-06-12,P
7°B,25,2026-06-15,F
7°B,25,2026-06-16,P
7°B,25,2026-06-17,P
7°B,25,2026-06-18,P
7°B,25,2026-06-19,F
7°B,25,2026-06-22,P
7°B,25,2026-06-23,P
7°B,25,2026-06-24,F
7°B,25,2026-06-25,P
7°B,25,2026-06-26,P
7°B,25,2026-06-29,P
7°B,25,2026-06-30,P
7°B,25,2026-07-01,P
7°B,25,2026-07-02,P
7°B,25,2026-07-03,P
7°B,25,2026-07-28,P
7°B,25,2026-07-29,P
7°B,25,2026-07-30,P
7°B,25,2026-07-31,P
7°B,25,2026-08-03,P
7°B,25,2026-08-04,P
7°B,25,2026-08-05,P
7°B,25,2026-08-06,P
7°B,25,2026-08-10,F
7°B,25,2026-08-11,P
7°B,25,2026-08-12,P
7°B,25,2026-08-13,P
7°B,25,2026-08-14,F
7°B,25,2026-08-17,P
7°B,25,2026-08-18,P
7°B,25,2026-08-19,P
7°B,25,2026-08-20,P
7°B,25,2026-08-21,P
7°B,25,2026-08-25,P
7°B,25,2026-08-28,P
7°B,25,2026-08-31,P
7°B,26,2026-05-04,P
7°B,26,2026-05-05,F
7°B,26,2026-05-06,F
7°B,26,2026-05-07,F
7°B,26,2026-05-08,F
7°B,26,2026-05-11,P
7°B,26,2026-05-12,P
7°B,26,2026-05-13,P
7°B,26,2026-05-14,P
7°B,26,2026-05-15,P
7°B,26,2026-05-18,P
7°B,26,2026-05-19,P
7°B,26,2026-05-20,P
7°B,26,2026-05-21,P
7°B,26,2026-05-22,P
7°B,26,2026-05-25,P
7°B,26,2026-05-26,P
7°B,26,2026-05-27,P
7°B,26,2026-05-28,P
7°B,26,2026-05-29,P
7°B,26,2026-06-01,P
7°B,26,2026-06-02,F
7°B,26,2026-06-03,F
7°B,26,2026-06-08,P
7°B,26,2026-06-09,P
7°B,26,2026-06-10,P
7°B,26,2026-06-11,F
7°B,26,2026-06-12,F
7°B,26,2026-06-15,F
7°B,26,2026-06-16,P
7°B,26,2026-06-17,P
7°B,26,2026-06-18,P
7°B,26,2026-06-19,F
7°B,26,2026-06-22,P
7°B,26,2026-06-23,P
7°B,26,2026-06-24,F
7°B,26,2026-06-25,P
7°B,26,2026-06-26,F
7°B,26,2026-06-29,F
7°B,26,2026-06-30,F
7°B,26,2026-07-01,P
7°B,26,2026-07-02,P
7°B,26,2026-07-03,P
7°B,26,2026-07-28,P
7°B,26,2026-07-29,P
7°B,26,2026-07-30,P
7°B,26,2026-07-31,P
7°B,26,2026-08-03,P
7°B,26,2026-08-04,P
7°B,26,2026-08-05,F
7°B,26,2026-08-06,P
7°B,26,2026-08-10,F
7°B,26,2026-08-11,P
7°B,26,2026-08-12,P
7°B,26,2026-08-13,P
7°B,26,2026-08-14,P
7°B,26,2026-08-17,P
7°B,26,2026-08-18,F
7°B,26,2026-08-19,P
7°B,26,2026-08-20,P
7°B,26,2026-08-21,P
7°B,26,2026-08-25,F
7°B,26,2026-08-28,F
7°B,26,2026-08-31,F
7°B,27,2026-05-04,-
7°B,27,2026-05-05,-
7°B,27,2026-05-06,-
7°B,27,2026-05-07,-
7°B,27,2026-05-08,-
7°B,27,2026-05-11,-
7°B,27,2026-05-12,-
7°B,27,2026-05-13,-
7°B,27,2026-05-14,-
7°B,27,2026-05-15,-
7°B,27,2026-05-18,-
7°B,27,2026-05-19,-
7°B,27,2026-05-20,-
7°B,27,2026-05-21,-
7°B,27,2026-05-22,-
7°B,27,2026-05-25,-
7°B,27,2026-05-26,-
7°B,27,2026-05-27,-
7°B,27,2026-05-28,-
7°B,27,2026-05-29,-
7°B,27,2026-06-01,-
7°B,27,2026-06-02,F
7°B,27,2026-06-03,F
7°B,27,2026-06-08,P
7°B,27,2026-06-09,P
7°B,27,2026-06-10,P
7°B,27,2026-06-11,F
7°B,27,2026-06-12,F
7°B,27,2026-06-15,F
7°B,27,2026-06-16,P
7°B,27,2026-06-17,F
7°B,27,2026-06-18,P
7°B,27,2026-06-19,P
7°B,27,2026-06-22,P
7°B,27,2026-06-23,P
7°B,27,2026-06-24,F
7°B,27,2026-06-25,F
7°B,27,2026-06-26,F
7°B,27,2026-06-29,F
7°B,27,2026-06-30,P
7°B,27,2026-07-01,P
7°B,27,2026-07-02,P
7°B,27,2026-07-03,P
7°B,27,2026-07-28,F
7°B,27,2026-07-29,F
7°B,27,2026-07-30,F
7°B,27,2026-07-31,F
7°B,27,2026-08-03,F
7°B,27,2026-08-04,P
7°B,27,2026-08-05,F
7°B,27,2026-08-06,F
7°B,27,2026-08-10,F
7°B,27,2026-08-11,F
7°B,27,2026-08-12,F
7°B,27,2026-08-13,F
7°B,27,2026-08-14,P
7°B,27,2026-08-17,P
7°B,27,2026-08-18,P
7°B,27,2026-08-19,P
7°B,27,2026-08-20,P
7°B,27,2026-08-21,P
7°B,27,2026-08-25,F
7°B,27,2026-08-28,F
7°B,27,2026-08-31,F
7°C,2,2026-05-04,P
7°C,2,2026-05-05,F
7°C,2,2026-05-06,P
7°C,2,2026-05-07,P
7°C,2,2026-05-08,F
7°C,2,2026-05-11,P
7°C,2,2026-05-12,P
7°C,2,2026-05-13,P
7°C,2,2026-05-14,P
7°C,2,2026-05-15,P
7°C,2,2026-05-18,P
7°C,2,2026-05-19,P
7°C,2,2026-05-20,P
7°C,2,2026-05-21,P
7°C,2,2026-05-22,P
7°C,2,2026-05-25,P
7°C,2,2026-05-26,P
7°C,2,2026-05-27,P
7°C,2,2026-05-28,P
7°C,2,2026-05-29,P
7°C,2,2026-06-01,P
7°C,2,2026-06-02,P
7°C,2,2026-06-03,F
7°C,2,2026-06-08,P
7°C,2,2026-06-09,P
7°C,2,2026-06-10,P
7°C,2,2026-06-11,P
7°C,2,2026-06-12,P
7°C,2,2026-06-15,P
7°C,2,2026-06-16,F
7°C,2,2026-06-17,F
7°C,2,2026-06-18,F
7°C,2,2026-06-19,P
7°C,2,2026-06-22,P
7°C,2,2026-06-23,F
7°C,2,2026-06-24,F
7°C,2,2026-06-25,P
7°C,2,2026-06-26,F
7°C,2,2026-06-29,F
7°C,2,2026-06-30,F
7°C,2,2026-07-01,F
7°C,2,2026-07-02,F
7°C,2,2026-07-03,P
7°C,2,2026-07-28,P
7°C,2,2026-07-29,P
7°C,2,2026-07-30,P
7°C,2,2026-07-31,F
7°C,2,2026-08-03,P
7°C,2,2026-08-04,P
7°C,2,2026-08-05,P
7°C,2,2026-08-06,P
7°C,2,2026-08-07,P
7°C,2,2026-08-10,P
7°C,2,2026-08-11,P
7°C,2,2026-08-12,P
7°C,2,2026-08-13,F
7°C,2,2026-08-14,F
7°C,2,2026-08-17,P
7°C,2,2026-08-18,P
7°C,2,2026-08-19,P
7°C,2,2026-08-20,P
7°C,2,2026-08-21,F
7°C,2,2026-08-25,P
7°C,2,2026-08-27,F
7°C,2,2026-08-28,P
7°C,2,2026-08-31,F
7°C,3,2026-05-04,P
7°C,3,2026-05-05,F
7°C,3,2026-05-06,F
7°C,3,2026-05-07,P
7°C,3,2026-05-08,P
7°C,3,2026-05-11,P
7°C,3,2026-05-12,P
7°C,3,2026-05-13,P
7°C,3,2026-05-14,P
7°C,3,2026-05-15,F
7°C,3,2026-05-18,P
7°C,3,2026-05-19,P
7°C,3,2026-05-20,P
7°C,3,2026-05-21,F
7°C,3,2026-05-22,F
7°C,3,2026-05-25,F
7°C,3,2026-05-26,F
7°C,3,2026-05-27,P
7°C,3,2026-05-28,P
7°C,3,2026-05-29,P
7°C,3,2026-06-01,P
7°C,3,2026-06-02,P
7°C,3,2026-06-03,P
7°C,3,2026-06-08,P
7°C,3,2026-06-09,P
7°C,3,2026-06-10,P
7°C,3,2026-06-11,P
7°C,3,2026-06-12,P
7°C,3,2026-06-15,P
7°C,3,2026-06-16,P
7°C,3,2026-06-17,P
7°C,3,2026-06-18,P
7°C,3,2026-06-19,F
7°C,3,2026-06-22,P
7°C,3,2026-06-23,P
7°C,3,2026-06-24,P
7°C,3,2026-06-25,P
7°C,3,2026-06-26,P
7°C,3,2026-06-29,P
7°C,3,2026-06-30,P
7°C,3,2026-07-01,F
7°C,3,2026-07-02,P
7°C,3,2026-07-03,P
7°C,3,2026-07-28,P
7°C,3,2026-07-29,P
7°C,3,2026-07-30,P
7°C,3,2026-07-31,F
7°C,3,2026-08-03,P
7°C,3,2026-08-04,P
7°C,3,2026-08-05,P
7°C,3,2026-08-06,P
7°C,3,2026-08-07,P
7°C,3,2026-08-10,P
7°C,3,2026-08-11,P
7°C,3,2026-08-12,P
7°C,3,2026-08-13,F
7°C,3,2026-08-14,P
7°C,3,2026-08-17,P
7°C,3,2026-08-18,P
7°C,3,2026-08-19,P
7°C,3,2026-08-20,P
7°C,3,2026-08-21,P
7°C,3,2026-08-25,P
7°C,3,2026-08-27,P
7°C,3,2026-08-28,P
7°C,3,2026-08-31,F
7°C,4,2026-05-04,P
7°C,4,2026-05-05,P
7°C,4,2026-05-06,P
7°C,4,2026-05-07,P
7°C,4,2026-05-08,P
7°C,4,2026-05-11,F
7°C,4,2026-05-12,P
7°C,4,2026-05-13,P
7°C,4,2026-05-14,P
7°C,4,2026-05-15,P
7°C,4,2026-05-18,P
7°C,4,2026-05-19,P
7°C,4,2026-05-20,P
7°C,4,2026-05-21,F
7°C,4,2026-05-22,P
7°C,4,2026-05-25,P
7°C,4,2026-05-26,P
7°C,4,2026-05-27,P
7°C,4,2026-05-28,F
7°C,4,2026-05-29,P
7°C,4,2026-06-01,P
7°C,4,2026-06-02,F
7°C,4,2026-06-03,P
7°C,4,2026-06-08,P
7°C,4,2026-06-09,P
7°C,4,2026-06-10,P
7°C,4,2026-06-11,P
7°C,4,2026-06-12,P
7°C,4,2026-06-15,P
7°C,4,2026-06-16,P
7°C,4,2026-06-17,P
7°C,4,2026-06-18,P
7°C,4,2026-06-19,P
7°C,4,2026-06-22,P
7°C,4,2026-06-23,F
7°C,4,2026-06-24,P
7°C,4,2026-06-25,P
7°C,4,2026-06-26,P
7°C,4,2026-06-29,F
7°C,4,2026-06-30,P
7°C,4,2026-07-01,P
7°C,4,2026-07-02,P
7°C,4,2026-07-03,P
7°C,4,2026-07-28,P
7°C,4,2026-07-29,P
7°C,4,2026-07-30,P
7°C,4,2026-07-31,P
7°C,4,2026-08-03,P
7°C,4,2026-08-04,P
7°C,4,2026-08-05,P
7°C,4,2026-08-06,P
7°C,4,2026-08-07,P
7°C,4,2026-08-10,P
7°C,4,2026-08-11,P
7°C,4,2026-08-12,P
7°C,4,2026-08-13,F
7°C,4,2026-08-14,P
7°C,4,2026-08-17,P
7°C,4,2026-08-18,P
7°C,4,2026-08-19,P
7°C,4,2026-08-20,P
7°C,4,2026-08-21,P
7°C,4,2026-08-25,P
7°C,4,2026-08-27,P
7°C,4,2026-08-28,F
7°C,4,2026-08-31,F
7°C,5,2026-05-04,P
7°C,5,2026-05-05,P
7°C,5,2026-05-06,P
7°C,5,2026-05-07,P
7°C,5,2026-05-08,P
7°C,5,2026-05-11,P
7°C,5,2026-05-12,P
7°C,5,2026-05-13,P
7°C,5,2026-05-14,P
7°C,5,2026-05-15,P
7°C,5,2026-05-18,P
7°C,5,2026-05-19,P
7°C,5,2026-05-20,P
7°C,5,2026-05-21,F
7°C,5,2026-05-22,P
7°C,5,2026-05-25,P
7°C,5,2026-05-26,P
7°C,5,2026-05-27,P
7°C,5,2026-05-28,P
7°C,5,2026-05-29,P
7°C,5,2026-06-01,P
7°C,5,2026-06-02,P
7°C,5,2026-06-03,P
7°C,5,2026-06-08,P
7°C,5,2026-06-09,P
7°C,5,2026-06-10,P
7°C,5,2026-06-11,P
7°C,5,2026-06-12,P
7°C,5,2026-06-15,P
7°C,5,2026-06-16,P
7°C,5,2026-06-17,F
7°C,5,2026-06-18,P
7°C,5,2026-06-19,P
7°C,5,2026-06-22,P
7°C,5,2026-06-23,P
7°C,5,2026-06-24,P
7°C,5,2026-06-25,P
7°C,5,2026-06-26,P
7°C,5,2026-06-29,P
7°C,5,2026-06-30,P
7°C,5,2026-07-01,P
7°C,5,2026-07-02,F
7°C,5,2026-07-03,P
7°C,5,2026-07-28,P
7°C,5,2026-07-29,P
7°C,5,2026-07-30,F
7°C,5,2026-07-31,P
7°C,5,2026-08-03,F
7°C,5,2026-08-04,P
7°C,5,2026-08-05,P
7°C,5,2026-08-06,P
7°C,5,2026-08-07,P
7°C,5,2026-08-10,P
7°C,5,2026-08-11,P
7°C,5,2026-08-12,F
7°C,5,2026-08-13,P
7°C,5,2026-08-14,P
7°C,5,2026-08-17,P
7°C,5,2026-08-18,P
7°C,5,2026-08-19,P
7°C,5,2026-08-20,P
7°C,5,2026-08-21,P
7°C,5,2026-08-25,P
7°C,5,2026-08-27,F
7°C,5,2026-08-28,F
7°C,5,2026-08-31,P
7°C,6,2026-05-04,P
7°C,6,2026-05-05,P
7°C,6,2026-05-06,P
7°C,6,2026-05-07,F
7°C,6,2026-05-08,P
7°C,6,2026-05-11,P
7°C,6,2026-05-12,P
7°C,6,2026-05-13,P
7°C,6,2026-05-14,P
7°C,6,2026-05-15,P
7°C,6,2026-05-18,P
7°C,6,2026-05-19,P
7°C,6,2026-05-20,P
7°C,6,2026-05-21,P
7°C,6,2026-05-22,P
7°C,6,2026-05-25,P
7°C,6,2026-05-26,P
7°C,6,2026-05-27,P
7°C,6,2026-05-28,F
7°C,6,2026-05-29,P
7°C,6,2026-06-01,P
7°C,6,2026-06-02,P
7°C,6,2026-06-03,P
7°C,6,2026-06-08,P
7°C,6,2026-06-09,P
7°C,6,2026-06-10,P
7°C,6,2026-06-11,P
7°C,6,2026-06-12,P
7°C,6,2026-06-15,P
7°C,6,2026-06-16,P
7°C,6,2026-06-17,F
7°C,6,2026-06-18,P
7°C,6,2026-06-19,P
7°C,6,2026-06-22,P
7°C,6,2026-06-23,P
7°C,6,2026-06-24,P
7°C,6,2026-06-25,P
7°C,6,2026-06-26,P
7°C,6,2026-06-29,P
7°C,6,2026-06-30,P
7°C,6,2026-07-01,P
7°C,6,2026-07-02,P
7°C,6,2026-07-03,P
7°C,6,2026-07-28,P
7°C,6,2026-07-29,F
7°C,6,2026-07-30,P
7°C,6,2026-07-31,P
7°C,6,2026-08-03,P
7°C,6,2026-08-04,P
7°C,6,2026-08-05,P
7°C,6,2026-08-06,P
7°C,6,2026-08-07,P
7°C,6,2026-08-10,P
7°C,6,2026-08-11,P
7°C,6,2026-08-12,P
7°C,6,2026-08-13,P
7°C,6,2026-08-14,P
7°C,6,2026-08-17,P
7°C,6,2026-08-18,P
7°C,6,2026-08-19,P
7°C,6,2026-08-20,P
7°C,6,2026-08-21,P
7°C,6,2026-08-25,F
7°C,6,2026-08-27,P
7°C,6,2026-08-28,P
7°C,6,2026-08-31,P
7°C,7,2026-05-04,P
7°C,7,2026-05-05,F
7°C,7,2026-05-06,P
7°C,7,2026-05-07,P
7°C,7,2026-05-08,P
7°C,7,2026-05-11,F
7°C,7,2026-05-12,P
7°C,7,2026-05-13,P
7°C,7,2026-05-14,P
7°C,7,2026-05-15,F
7°C,7,2026-05-18,P
7°C,7,2026-05-19,P
7°C,7,2026-05-20,P
7°C,7,2026-05-21,F
7°C,7,2026-05-22,P
7°C,7,2026-05-25,F
7°C,7,2026-05-26,P
7°C,7,2026-05-27,F
7°C,7,2026-05-28,P
7°C,7,2026-05-29,P
7°C,7,2026-06-01,-
7°C,7,2026-06-02,-
7°C,7,2026-06-03,-
7°C,7,2026-06-08,-
7°C,7,2026-06-09,-
7°C,7,2026-06-10,-
7°C,7,2026-06-11,-
7°C,7,2026-06-12,-
7°C,7,2026-06-15,-
7°C,7,2026-06-16,-
7°C,7,2026-06-17,-
7°C,7,2026-06-18,-
7°C,7,2026-06-19,-
7°C,7,2026-06-22,-
7°C,7,2026-06-23,-
7°C,7,2026-06-24,-
7°C,7,2026-06-25,-
7°C,7,2026-06-26,-
7°C,7,2026-06-29,-
7°C,7,2026-06-30,-
7°C,7,2026-07-01,-
7°C,7,2026-07-02,-
7°C,7,2026-07-03,-
7°C,7,2026-07-28,-
7°C,7,2026-07-29,-
7°C,7,2026-07-30,-
7°C,7,2026-07-31,-
7°C,7,2026-08-03,-
7°C,7,2026-08-04,-
7°C,7,2026-08-05,-
7°C,7,2026-08-06,-
7°C,7,2026-08-07,-
7°C,7,2026-08-10,
7°C,7,2026-08-11,-
7°C,7,2026-08-12,-
7°C,7,2026-08-13,-
7°C,7,2026-08-14,-
7°C,7,2026-08-17,
7°C,7,2026-08-18,-
7°C,7,2026-08-19,
7°C,7,2026-08-20,-
7°C,7,2026-08-21,-
7°C,7,2026-08-22,-
7°C,7,2026-08-24,-
7°C,7,2026-08-25,-
7°C,7,2026-08-26,-
7°C,7,2026-08-27,-
7°C,7,2026-08-28,-
7°C,7,2026-08-31,-
7°C,8,2026-05-04,P
7°C,8,2026-05-05,F
7°C,8,2026-05-06,F
7°C,8,2026-05-07,F
7°C,8,2026-05-08,P
7°C,8,2026-05-11,P
7°C,8,2026-05-12,P
7°C,8,2026-05-13,P
7°C,8,2026-05-14,P
7°C,8,2026-05-15,P
7°C,8,2026-05-18,P
7°C,8,2026-05-19,P
7°C,8,2026-05-20,P
7°C,8,2026-05-21,P
7°C,8,2026-05-22,P
7°C,8,2026-05-25,P
7°C,8,2026-05-26,P
7°C,8,2026-05-27,P
7°C,8,2026-05-28,P
7°C,8,2026-05-29,P
7°C,8,2026-06-01,P
7°C,8,2026-06-02,P
7°C,8,2026-06-03,P
7°C,8,2026-06-08,F
7°C,8,2026-06-09,P
7°C,8,2026-06-10,F
7°C,8,2026-06-11,P
7°C,8,2026-06-12,P
7°C,8,2026-06-15,F
7°C,8,2026-06-16,F
7°C,8,2026-06-17,P
7°C,8,2026-06-18,P
7°C,8,2026-06-19,P
7°C,8,2026-06-22,P
7°C,8,2026-06-23,P
7°C,8,2026-06-24,F
7°C,8,2026-06-25,F
7°C,8,2026-06-26,P
7°C,8,2026-06-29,P
7°C,8,2026-06-30,P
7°C,8,2026-07-01,P
7°C,8,2026-07-02,P
7°C,8,2026-07-03,P
7°C,8,2026-07-28,P
7°C,8,2026-07-29,P
7°C,8,2026-07-30,P
7°C,8,2026-07-31,P
7°C,8,2026-08-03,P
7°C,8,2026-08-04,P
7°C,8,2026-08-05,P
7°C,8,2026-08-06,P
7°C,8,2026-08-07,P
7°C,8,2026-08-10,F
7°C,8,2026-08-11,P
7°C,8,2026-08-12,P
7°C,8,2026-08-13,P
7°C,8,2026-08-14,P
7°C,8,2026-08-17,P
7°C,8,2026-08-18,F
7°C,8,2026-08-19,P
7°C,8,2026-08-20,P
7°C,8,2026-08-21,P
7°C,8,2026-08-25,F
7°C,8,2026-08-27,P
7°C,8,2026-08-28,P
7°C,8,2026-08-31,P
7°C,9,2026-05-04,P
7°C,9,2026-05-05,P
7°C,9,2026-05-06,F
7°C,9,2026-05-07,P
7°C,9,2026-05-08,P
7°C,9,2026-05-11,F
7°C,9,2026-05-12,P
7°C,9,2026-05-13,F
7°C,9,2026-05-14,F
7°C,9,2026-05-15,F
7°C,9,2026-05-18,P
7°C,9,2026-05-19,F
7°C,9,2026-05-20,P
7°C,9,2026-05-21,F
7°C,9,2026-05-22,F
7°C,9,2026-05-25,F
7°C,9,2026-05-26,F
7°C,9,2026-05-27,F
7°C,9,2026-05-28,F
7°C,9,2026-05-29,F
7°C,9,2026-06-01,F
7°C,9,2026-06-02,F
7°C,9,2026-06-03,F
7°C,9,2026-06-08,F
7°C,9,2026-06-09,F
7°C,9,2026-06-10,F
7°C,9,2026-06-11,F
7°C,9,2026-06-12,F
7°C,9,2026-06-15,F
7°C,9,2026-06-16,F
7°C,9,2026-06-17,F
7°C,9,2026-06-18,F
7°C,9,2026-06-19,F
7°C,9,2026-06-22,F
7°C,9,2026-06-23,F
7°C,9,2026-06-24,F
7°C,9,2026-06-25,F
7°C,9,2026-06-26,-
7°C,9,2026-06-29,-
7°C,9,2026-06-30,-
7°C,9,2026-07-01,-
7°C,9,2026-07-02,-
7°C,9,2026-07-03,-
7°C,9,2026-07-28,-
7°C,9,2026-07-29,-
7°C,9,2026-07-30,-
7°C,9,2026-07-31,-
7°C,9,2026-08-03,-
7°C,9,2026-08-04,-
7°C,9,2026-08-05,-
7°C,9,2026-08-06,-
7°C,9,2026-08-07,-
7°C,9,2026-08-10,
7°C,9,2026-08-11,-
7°C,9,2026-08-12,-
7°C,9,2026-08-13,-
7°C,9,2026-08-14,-
7°C,9,2026-08-17,
7°C,9,2026-08-18,-
7°C,9,2026-08-19,
7°C,9,2026-08-20,-
7°C,9,2026-08-21,-
7°C,9,2026-08-22,-
7°C,9,2026-08-24,-
7°C,9,2026-08-25,-
7°C,9,2026-08-26,-
7°C,9,2026-08-27,-
7°C,9,2026-08-28,-
7°C,9,2026-08-31,-
7°C,10,2026-05-04,P
7°C,10,2026-05-05,P
7°C,10,2026-05-06,P
7°C,10,2026-05-07,P
7°C,10,2026-05-08,P
7°C,10,2026-05-11,P
7°C,10,2026-05-12,P
7°C,10,2026-05-13,F
7°C,10,2026-05-14,P
7°C,10,2026-05-15,P
7°C,10,2026-05-18,P
7°C,10,2026-05-19,P
7°C,10,2026-05-20,P
7°C,10,2026-05-21,P
7°C,10,2026-05-22,P
7°C,10,2026-05-25,P
7°C,10,2026-05-26,P
7°C,10,2026-05-27,P
7°C,10,2026-05-28,P
7°C,10,2026-05-29,P
7°C,10,2026-06-01,P
7°C,10,2026-06-02,P
7°C,10,2026-06-03,P
7°C,10,2026-06-08,P
7°C,10,2026-06-09,P
7°C,10,2026-06-10,P
7°C,10,2026-06-11,P
7°C,10,2026-06-12,F
7°C,10,2026-06-15,P
7°C,10,2026-06-16,P
7°C,10,2026-06-17,F
7°C,10,2026-06-18,P
7°C,10,2026-06-19,P
7°C,10,2026-06-22,P
7°C,10,2026-06-23,P
7°C,10,2026-06-24,F
7°C,10,2026-06-25,F
7°C,10,2026-06-26,P
7°C,10,2026-06-29,P
7°C,10,2026-06-30,P
7°C,10,2026-07-01,P
7°C,10,2026-07-02,P
7°C,10,2026-07-03,P
7°C,10,2026-07-28,P
7°C,10,2026-07-29,P
7°C,10,2026-07-30,F
7°C,10,2026-07-31,P
7°C,10,2026-08-03,P
7°C,10,2026-08-04,P
7°C,10,2026-08-05,P
7°C,10,2026-08-06,P
7°C,10,2026-08-07,P
7°C,10,2026-08-10,P
7°C,10,2026-08-11,F
7°C,10,2026-08-12,F
7°C,10,2026-08-13,F
7°C,10,2026-08-14,P
7°C,10,2026-08-17,P
7°C,10,2026-08-18,P
7°C,10,2026-08-19,P
7°C,10,2026-08-20,P
7°C,10,2026-08-21,P
7°C,10,2026-08-25,F
7°C,10,2026-08-27,F
7°C,10,2026-08-28,P
7°C,10,2026-08-31,F
7°C,11,2026-05-04,-
7°C,11,2026-05-05,-
7°C,11,2026-05-06,-
7°C,11,2026-05-07,-
7°C,11,2026-05-08,-
7°C,11,2026-05-11,-
7°C,11,2026-05-12,-
7°C,11,2026-05-13,-
7°C,11,2026-05-14,-
7°C,11,2026-05-15,-
7°C,11,2026-05-19,-
7°C,11,2026-05-21,-
7°C,11,2026-05-26,-
7°C,11,2026-05-28,-
7°C,11,2026-08-10,
7°C,11,2026-08-17,
7°C,11,2026-08-19,
7°C,12,2026-05-04,-
7°C,12,2026-05-05,-
7°C,12,2026-05-06,-
7°C,12,2026-05-07,-
7°C,12,2026-05-08,-
7°C,12,2026-05-11,-
7°C,12,2026-05-12,-
7°C,12,2026-05-13,-
7°C,12,2026-05-14,-
7°C,12,2026-05-15,-
7°C,12,2026-05-19,-
7°C,12,2026-05-21,-
7°C,12,2026-05-26,-
7°C,12,2026-05-28,-
7°C,12,2026-08-10,
7°C,12,2026-08-17,
7°C,12,2026-08-19,
7°C,13,2026-05-04,P
7°C,13,2026-05-05,P
7°C,13,2026-05-06,P
7°C,13,2026-05-07,P
7°C,13,2026-05-08,F
7°C,13,2026-05-11,P
7°C,13,2026-05-12,P
7°C,13,2026-05-13,P
7°C,13,2026-05-14,P
7°C,13,2026-05-15,P
7°C,13,2026-05-18,P
7°C,13,2026-05-19,P
7°C,13,2026-05-20,P
7°C,13,2026-05-21,P
7°C,13,2026-05-22,P
7°C,13,2026-05-25,P
7°C,13,2026-05-26,P
7°C,13,2026-05-27,P
7°C,13,2026-05-28,F
7°C,13,2026-05-29,P
7°C,13,2026-06-01,P
7°C,13,2026-06-02,P
7°C,13,2026-06-03,P
7°C,13,2026-06-08,P
7°C,13,2026-06-09,P
7°C,13,2026-06-10,F
7°C,13,2026-06-11,F
7°C,13,2026-06-12,F
7°C,13,2026-06-15,P
7°C,13,2026-06-16,P
7°C,13,2026-06-17,P
7°C,13,2026-06-18,P
7°C,13,2026-06-19,P
7°C,13,2026-06-22,P
7°C,13,2026-06-23,P
7°C,13,2026-06-24,P
7°C,13,2026-06-25,P
7°C,13,2026-06-26,P
7°C,13,2026-06-29,F
7°C,13,2026-06-30,P
7°C,13,2026-07-01,P
7°C,13,2026-07-02,P
7°C,13,2026-07-03,P
7°C,13,2026-07-28,P
7°C,13,2026-07-29,P
7°C,13,2026-07-30,P
7°C,13,2026-07-31,P
7°C,13,2026-08-03,P
7°C,13,2026-08-04,P
7°C,13,2026-08-05,P
7°C,13,2026-08-06,P
7°C,13,2026-08-07,P
7°C,13,2026-08-10,F
7°C,13,2026-08-11,P
7°C,13,2026-08-12,P
7°C,13,2026-08-13,P
7°C,13,2026-08-14,P
7°C,13,2026-08-17,P
7°C,13,2026-08-18,P
7°C,13,2026-08-19,P
7°C,13,2026-08-20,P
7°C,13,2026-08-21,P
7°C,13,2026-08-25,F
7°C,13,2026-08-27,P
7°C,13,2026-08-28,P
7°C,13,2026-08-31,F
7°C,14,2026-05-04,P
7°C,14,2026-05-05,F
7°C,14,2026-05-06,P
7°C,14,2026-05-07,P
7°C,14,2026-05-08,P
7°C,14,2026-05-11,P
7°C,14,2026-05-12,P
7°C,14,2026-05-13,P
7°C,14,2026-05-14,P
7°C,14,2026-05-15,P
7°C,14,2026-05-18,P
7°C,14,2026-05-19,P
7°C,14,2026-05-20,P
7°C,14,2026-05-21,P
7°C,14,2026-05-22,P
7°C,14,2026-05-25,F
7°C,14,2026-05-26,P
7°C,14,2026-05-27,P
7°C,14,2026-05-28,P
7°C,14,2026-05-29,P
7°C,14,2026-06-01,P
7°C,14,2026-06-02,F
7°C,14,2026-06-03,P
7°C,14,2026-06-08,F
7°C,14,2026-06-09,P
7°C,14,2026-06-10,P
7°C,14,2026-06-11,P
7°C,14,2026-06-12,P
7°C,14,2026-06-15,P
7°C,14,2026-06-16,P
7°C,14,2026-06-17,P
7°C,14,2026-06-18,P
7°C,14,2026-06-19,P
7°C,14,2026-06-22,P
7°C,14,2026-06-23,P
7°C,14,2026-06-24,P
7°C,14,2026-06-25,P
7°C,14,2026-06-26,P
7°C,14,2026-06-29,P
7°C,14,2026-06-30,P
7°C,14,2026-07-01,P
7°C,14,2026-07-02,P
7°C,14,2026-07-03,P
7°C,14,2026-07-28,P
7°C,14,2026-07-29,P
7°C,14,2026-07-30,P
7°C,14,2026-07-31,P
7°C,14,2026-08-03,P
7°C,14,2026-08-04,P
7°C,14,2026-08-05,P
7°C,14,2026-08-06,P
7°C,14,2026-08-07,P
7°C,14,2026-08-10,F
7°C,14,2026-08-11,P
7°C,14,2026-08-12,P
7°C,14,2026-08-13,P
7°C,14,2026-08-14,P
7°C,14,2026-08-17,F
7°C,14,2026-08-18,P
7°C,14,2026-08-19,P
7°C,14,2026-08-20,P
7°C,14,2026-08-21,P
7°C,14,2026-08-25,P
7°C,14,2026-08-27,P
7°C,14,2026-08-28,P
7°C,14,2026-08-31,F
7°C,15,2026-05-04,P
7°C,15,2026-05-05,F
7°C,15,2026-05-06,P
7°C,15,2026-05-07,P
7°C,15,2026-05-08,P
7°C,15,2026-05-11,P
7°C,15,2026-05-12,P
7°C,15,2026-05-13,P
7°C,15,2026-05-14,P
7°C,15,2026-05-15,P
7°C,15,2026-05-18,F
7°C,15,2026-05-19,P
7°C,15,2026-05-20,P
7°C,15,2026-05-21,P
7°C,15,2026-05-22,P
7°C,15,2026-05-25,P
7°C,15,2026-05-26,P
7°C,15,2026-05-27,P
7°C,15,2026-05-28,P
7°C,15,2026-05-29,P
7°C,15,2026-06-01,P
7°C,15,2026-06-02,F
7°C,15,2026-06-03,P
7°C,15,2026-06-08,P
7°C,15,2026-06-09,P
7°C,15,2026-06-10,P
7°C,15,2026-06-11,P
7°C,15,2026-06-12,P
7°C,15,2026-06-15,F
7°C,15,2026-06-16,P
7°C,15,2026-06-17,P
7°C,15,2026-06-18,F
7°C,15,2026-06-19,F
7°C,15,2026-06-22,P
7°C,15,2026-06-23,F
7°C,15,2026-06-24,F
7°C,15,2026-06-25,P
7°C,15,2026-06-26,F
7°C,15,2026-06-29,P
7°C,15,2026-06-30,P
7°C,15,2026-07-01,P
7°C,15,2026-07-02,F
7°C,15,2026-07-03,P
7°C,15,2026-07-28,P
7°C,15,2026-07-29,F
7°C,15,2026-07-30,F
7°C,15,2026-07-31,F
7°C,15,2026-08-03,P
7°C,15,2026-08-04,P
7°C,15,2026-08-05,P
7°C,15,2026-08-06,P
7°C,15,2026-08-07,P
7°C,15,2026-08-10,F
7°C,15,2026-08-11,F
7°C,15,2026-08-12,F
7°C,15,2026-08-13,F
7°C,15,2026-08-14,F
7°C,15,2026-08-17,P
7°C,15,2026-08-18,P
7°C,15,2026-08-19,P
7°C,15,2026-08-20,P
7°C,15,2026-08-21,F
7°C,15,2026-08-25,P
7°C,15,2026-08-27,F
7°C,15,2026-08-28,P
7°C,15,2026-08-31,P
7°C,16,2026-05-04,-
7°C,16,2026-05-05,-
7°C,16,2026-05-06,-
7°C,16,2026-05-07,-
7°C,16,2026-05-08,-
7°C,16,2026-05-11,-
7°C,16,2026-05-12,-
7°C,16,2026-05-13,-
7°C,16,2026-05-14,-
7°C,16,2026-05-15,-
7°C,16,2026-05-19,-
7°C,16,2026-05-21,-
7°C,16,2026-05-26,-
7°C,16,2026-05-28,-
7°C,16,2026-08-10,
7°C,16,2026-08-17,
7°C,16,2026-08-19,
7°C,17,2026-05-04,P
7°C,17,2026-05-05,F
7°C,17,2026-05-06,P
7°C,17,2026-05-07,P
7°C,17,2026-05-08,P
7°C,17,2026-05-11,P
7°C,17,2026-05-12,P
7°C,17,2026-05-13,P
7°C,17,2026-05-14,P
7°C,17,2026-05-15,P
7°C,17,2026-05-18,P
7°C,17,2026-05-19,P
7°C,17,2026-05-20,P
7°C,17,2026-05-21,P
7°C,17,2026-05-22,P
7°C,17,2026-05-25,P
7°C,17,2026-05-26,P
7°C,17,2026-05-27,F
7°C,17,2026-05-28,P
7°C,17,2026-05-29,P
7°C,17,2026-06-01,P
7°C,17,2026-06-02,P
7°C,17,2026-06-03,P
7°C,17,2026-06-08,P
7°C,17,2026-06-09,P
7°C,17,2026-06-10,P
7°C,17,2026-06-11,P
7°C,17,2026-06-12,P
7°C,17,2026-06-15,P
7°C,17,2026-06-16,P
7°C,17,2026-06-17,F
7°C,17,2026-06-18,P
7°C,17,2026-06-19,P
7°C,17,2026-06-22,P
7°C,17,2026-06-23,P
7°C,17,2026-06-24,P
7°C,17,2026-06-25,P
7°C,17,2026-06-26,P
7°C,17,2026-06-29,F
7°C,17,2026-06-30,P
7°C,17,2026-07-01,P
7°C,17,2026-07-02,F
7°C,17,2026-07-03,P
7°C,17,2026-07-28,P
7°C,17,2026-07-29,P
7°C,17,2026-07-30,F
7°C,17,2026-07-31,P
7°C,17,2026-08-03,P
7°C,17,2026-08-04,F
7°C,17,2026-08-05,P
7°C,17,2026-08-06,P
7°C,17,2026-08-07,P
7°C,17,2026-08-10,F
7°C,17,2026-08-11,P
7°C,17,2026-08-12,P
7°C,17,2026-08-13,P
7°C,17,2026-08-14,F
7°C,17,2026-08-17,P
7°C,17,2026-08-18,P
7°C,17,2026-08-19,P
7°C,17,2026-08-20,F
7°C,17,2026-08-21,P
7°C,17,2026-08-25,P
7°C,17,2026-08-27,F
7°C,17,2026-08-28,P
7°C,17,2026-08-31,P
7°C,18,2026-05-04,P
7°C,18,2026-05-05,P
7°C,18,2026-05-06,P
7°C,18,2026-05-07,P
7°C,18,2026-05-08,P
7°C,18,2026-05-11,P
7°C,18,2026-05-12,P
7°C,18,2026-05-13,P
7°C,18,2026-05-14,P
7°C,18,2026-05-15,P
7°C,18,2026-05-18,P
7°C,18,2026-05-19,P
7°C,18,2026-05-20,P
7°C,18,2026-05-21,P
7°C,18,2026-05-22,P
7°C,18,2026-05-25,P
7°C,18,2026-05-26,P
7°C,18,2026-05-27,P
7°C,18,2026-05-28,P
7°C,18,2026-05-29,P
7°C,18,2026-06-01,P
7°C,18,2026-06-02,P
7°C,18,2026-06-03,P
7°C,18,2026-06-08,P
7°C,18,2026-06-09,P
7°C,18,2026-06-10,P
7°C,18,2026-06-11,P
7°C,18,2026-06-12,P
7°C,18,2026-06-15,P
7°C,18,2026-06-16,P
7°C,18,2026-06-17,P
7°C,18,2026-06-18,P
7°C,18,2026-06-19,P
7°C,18,2026-06-22,P
7°C,18,2026-06-23,P
7°C,18,2026-06-24,P
7°C,18,2026-06-25,P
7°C,18,2026-06-26,P
7°C,18,2026-06-29,F
7°C,18,2026-06-30,P
7°C,18,2026-07-01,P
7°C,18,2026-07-02,F
7°C,18,2026-07-03,P
7°C,18,2026-07-28,P
7°C,18,2026-07-29,P
7°C,18,2026-07-30,P
7°C,18,2026-07-31,P
7°C,18,2026-08-03,P
7°C,18,2026-08-04,P
7°C,18,2026-08-05,P
7°C,18,2026-08-06,P
7°C,18,2026-08-07,P
7°C,18,2026-08-10,P
7°C,18,2026-08-11,F
7°C,18,2026-08-12,P
7°C,18,2026-08-13,P
7°C,18,2026-08-14,P
7°C,18,2026-08-17,F
7°C,18,2026-08-18,P
7°C,18,2026-08-19,P
7°C,18,2026-08-20,P
7°C,18,2026-08-21,P
7°C,18,2026-08-25,P
7°C,18,2026-08-27,P
7°C,18,2026-08-28,P
7°C,18,2026-08-31,P
7°C,19,2026-05-04,P
7°C,19,2026-05-05,P
7°C,19,2026-05-06,F
7°C,19,2026-05-07,P
7°C,19,2026-05-08,P
7°C,19,2026-05-11,F
7°C,19,2026-05-12,P
7°C,19,2026-05-13,P
7°C,19,2026-05-14,P
7°C,19,2026-05-15,P
7°C,19,2026-05-18,P
7°C,19,2026-05-19,P
7°C,19,2026-05-20,P
7°C,19,2026-05-21,P
7°C,19,2026-05-22,P
7°C,19,2026-05-25,P
7°C,19,2026-05-26,P
7°C,19,2026-05-27,P
7°C,19,2026-05-28,P
7°C,19,2026-05-29,P
7°C,19,2026-06-01,P
7°C,19,2026-06-02,P
7°C,19,2026-06-03,P
7°C,19,2026-06-08,F
7°C,19,2026-06-09,F
7°C,19,2026-06-10,F
7°C,19,2026-06-11,F
7°C,19,2026-06-12,F
7°C,19,2026-06-15,P
7°C,19,2026-06-16,P
7°C,19,2026-06-17,P
7°C,19,2026-06-18,P
7°C,19,2026-06-19,F
7°C,19,2026-06-22,F
7°C,19,2026-06-23,P
7°C,19,2026-06-24,F
7°C,19,2026-06-25,F
7°C,19,2026-06-26,P
7°C,19,2026-06-29,P
7°C,19,2026-06-30,P
7°C,19,2026-07-01,F
7°C,19,2026-07-02,P
7°C,19,2026-07-03,P
7°C,19,2026-07-28,P
7°C,19,2026-07-29,P
7°C,19,2026-07-30,P
7°C,19,2026-07-31,P
7°C,19,2026-08-03,P
7°C,19,2026-08-04,P
7°C,19,2026-08-05,P
7°C,19,2026-08-06,F
7°C,19,2026-08-07,P
7°C,19,2026-08-10,P
7°C,19,2026-08-11,F
7°C,19,2026-08-12,P
7°C,19,2026-08-13,P
7°C,19,2026-08-14,P
7°C,19,2026-08-17,F
7°C,19,2026-08-18,F
7°C,19,2026-08-19,P
7°C,19,2026-08-20,P
7°C,19,2026-08-21,P
7°C,19,2026-08-25,P
7°C,19,2026-08-27,P
7°C,19,2026-08-28,P
7°C,19,2026-08-31,P
7°C,20,2026-05-04,P
7°C,20,2026-05-05,F
7°C,20,2026-05-06,P
7°C,20,2026-05-07,F
7°C,20,2026-05-08,P
7°C,20,2026-05-11,F
7°C,20,2026-05-12,P
7°C,20,2026-05-13,P
7°C,20,2026-05-14,P
7°C,20,2026-05-15,F
7°C,20,2026-05-18,P
7°C,20,2026-05-19,P
7°C,20,2026-05-20,P
7°C,20,2026-05-21,F
7°C,20,2026-05-22,P
7°C,20,2026-05-25,F
7°C,20,2026-05-26,P
7°C,20,2026-05-27,P
7°C,20,2026-05-28,P
7°C,20,2026-05-29,P
7°C,20,2026-06-01,F
7°C,20,2026-06-02,P
7°C,20,2026-06-03,F
7°C,20,2026-06-08,F
7°C,20,2026-06-09,P
7°C,20,2026-06-10,P
7°C,20,2026-06-11,P
7°C,20,2026-06-12,F
7°C,20,2026-06-15,F
7°C,20,2026-06-16,P
7°C,20,2026-06-17,P
7°C,20,2026-06-18,F
7°C,20,2026-06-19,P
7°C,20,2026-06-22,P
7°C,20,2026-06-23,P
7°C,20,2026-06-24,F
7°C,20,2026-06-25,F
7°C,20,2026-06-26,P
7°C,20,2026-06-29,P
7°C,20,2026-06-30,P
7°C,20,2026-07-01,P
7°C,20,2026-07-02,F
7°C,20,2026-07-03,P
7°C,20,2026-07-28,P
7°C,20,2026-07-29,P
7°C,20,2026-07-30,P
7°C,20,2026-07-31,P
7°C,20,2026-08-03,P
7°C,20,2026-08-04,F
7°C,20,2026-08-05,P
7°C,20,2026-08-06,P
7°C,20,2026-08-07,P
7°C,20,2026-08-10,P
7°C,20,2026-08-11,F
7°C,20,2026-08-12,P
7°C,20,2026-08-13,F
7°C,20,2026-08-14,P
7°C,20,2026-08-17,F
7°C,20,2026-08-18,P
7°C,20,2026-08-19,F
7°C,20,2026-08-20,F
7°C,20,2026-08-21,F
7°C,20,2026-08-25,P
7°C,20,2026-08-27,P
7°C,20,2026-08-28,F
7°C,20,2026-08-31,P
7°C,21,2026-05-04,P
7°C,21,2026-05-05,P
7°C,21,2026-05-06,P
7°C,21,2026-05-07,P
7°C,21,2026-05-08,F
7°C,21,2026-05-11,P
7°C,21,2026-05-12,P
7°C,21,2026-05-13,P
7°C,21,2026-05-14,P
7°C,21,2026-05-15,P
7°C,21,2026-05-18,P
7°C,21,2026-05-19,P
7°C,21,2026-05-20,P
7°C,21,2026-05-21,P
7°C,21,2026-05-22,P
7°C,21,2026-05-25,P
7°C,21,2026-05-26,P
7°C,21,2026-05-27,P
7°C,21,2026-05-28,P
7°C,21,2026-05-29,P
7°C,21,2026-06-01,P
7°C,21,2026-06-02,P
7°C,21,2026-06-03,P
7°C,21,2026-06-08,P
7°C,21,2026-06-09,P
7°C,21,2026-06-10,P
7°C,21,2026-06-11,P
7°C,21,2026-06-12,P
7°C,21,2026-06-15,P
7°C,21,2026-06-16,P
7°C,21,2026-06-17,P
7°C,21,2026-06-18,P
7°C,21,2026-06-19,F
7°C,21,2026-06-22,P
7°C,21,2026-06-23,P
7°C,21,2026-06-24,P
7°C,21,2026-06-25,P
7°C,21,2026-06-26,P
7°C,21,2026-06-29,P
7°C,21,2026-06-30,P
7°C,21,2026-07-01,F
7°C,21,2026-07-02,F
7°C,21,2026-07-03,P
7°C,21,2026-07-28,P
7°C,21,2026-07-29,P
7°C,21,2026-07-30,P
7°C,21,2026-07-31,P
7°C,21,2026-08-03,P
7°C,21,2026-08-04,P
7°C,21,2026-08-05,P
7°C,21,2026-08-06,P
7°C,21,2026-08-07,P
7°C,21,2026-08-10,P
7°C,21,2026-08-11,F
7°C,21,2026-08-12,P
7°C,21,2026-08-13,F
7°C,21,2026-08-14,P
7°C,21,2026-08-17,P
7°C,21,2026-08-18,P
7°C,21,2026-08-19,P
7°C,21,2026-08-20,P
7°C,21,2026-08-21,P
7°C,21,2026-08-25,P
7°C,21,2026-08-27,P
7°C,21,2026-08-28,F
7°C,21,2026-08-31,P
7°C,22,2026-05-04,P
7°C,22,2026-05-05,F
7°C,22,2026-05-06,P
7°C,22,2026-05-07,P
7°C,22,2026-05-08,F
7°C,22,2026-05-11,P
7°C,22,2026-05-12,P
7°C,22,2026-05-13,F
7°C,22,2026-05-14,P
7°C,22,2026-05-15,F
7°C,22,2026-05-18,F
7°C,22,2026-05-19,P
7°C,22,2026-05-20,P
7°C,22,2026-05-21,P
7°C,22,2026-05-22,P
7°C,22,2026-05-25,P
7°C,22,2026-05-26,P
7°C,22,2026-05-27,P
7°C,22,2026-05-28,P
7°C,22,2026-05-29,F
7°C,22,2026-06-01,P
7°C,22,2026-06-02,F
7°C,22,2026-06-03,F
7°C,22,2026-06-08,P
7°C,22,2026-06-09,P
7°C,22,2026-06-10,P
7°C,22,2026-06-11,F
7°C,22,2026-06-12,F
7°C,22,2026-06-15,P
7°C,22,2026-06-16,P
7°C,22,2026-06-17,F
7°C,22,2026-06-18,P
7°C,22,2026-06-19,F
7°C,22,2026-06-22,P
7°C,22,2026-06-23,P
7°C,22,2026-06-24,F
7°C,22,2026-06-25,P
7°C,22,2026-06-26,F
7°C,22,2026-06-29,P
7°C,22,2026-06-30,P
7°C,22,2026-07-01,P
7°C,22,2026-07-02,P
7°C,22,2026-07-03,P
7°C,22,2026-07-28,P
7°C,22,2026-07-29,P
7°C,22,2026-07-30,P
7°C,22,2026-07-31,F
7°C,22,2026-08-03,P
7°C,22,2026-08-04,P
7°C,22,2026-08-05,P
7°C,22,2026-08-06,P
7°C,22,2026-08-07,P
7°C,22,2026-08-10,P
7°C,22,2026-08-11,P
7°C,22,2026-08-12,F
7°C,22,2026-08-13,F
7°C,22,2026-08-14,F
7°C,22,2026-08-17,P
7°C,22,2026-08-18,P
7°C,22,2026-08-19,P
7°C,22,2026-08-20,P
7°C,22,2026-08-21,P
7°C,22,2026-08-25,F
7°C,22,2026-08-27,P
7°C,22,2026-08-28,P
7°C,22,2026-08-31,P
7°C,23,2026-05-04,P
7°C,23,2026-05-05,P
7°C,23,2026-05-06,P
7°C,23,2026-05-07,P
7°C,23,2026-05-08,P
7°C,23,2026-05-11,P
7°C,23,2026-05-12,P
7°C,23,2026-05-13,P
7°C,23,2026-05-14,P
7°C,23,2026-05-15,P
7°C,23,2026-05-18,P
7°C,23,2026-05-19,P
7°C,23,2026-05-20,P
7°C,23,2026-05-21,P
7°C,23,2026-05-22,P
7°C,23,2026-05-25,P
7°C,23,2026-05-26,P
7°C,23,2026-05-27,P
7°C,23,2026-05-28,P
7°C,23,2026-05-29,P
7°C,23,2026-06-01,P
7°C,23,2026-06-02,P
7°C,23,2026-06-03,P
7°C,23,2026-06-08,P
7°C,23,2026-06-09,P
7°C,23,2026-06-10,P
7°C,23,2026-06-11,P
7°C,23,2026-06-12,P
7°C,23,2026-06-15,P
7°C,23,2026-06-16,P
7°C,23,2026-06-17,P
7°C,23,2026-06-18,F
7°C,23,2026-06-19,P
7°C,23,2026-06-22,P
7°C,23,2026-06-23,P
7°C,23,2026-06-24,P
7°C,23,2026-06-25,P
7°C,23,2026-06-26,F
7°C,23,2026-06-29,P
7°C,23,2026-06-30,P
7°C,23,2026-07-01,P
7°C,23,2026-07-02,F
7°C,23,2026-07-03,P
7°C,23,2026-07-28,P
7°C,23,2026-07-29,P
7°C,23,2026-07-30,P
7°C,23,2026-07-31,P
7°C,23,2026-08-03,P
7°C,23,2026-08-04,P
7°C,23,2026-08-05,P
7°C,23,2026-08-06,P
7°C,23,2026-08-07,P
7°C,23,2026-08-10,P
7°C,23,2026-08-11,P
7°C,23,2026-08-12,P
7°C,23,2026-08-13,P
7°C,23,2026-08-14,P
7°C,23,2026-08-17,P
7°C,23,2026-08-18,P
7°C,23,2026-08-19,P
7°C,23,2026-08-20,F
7°C,23,2026-08-21,F
7°C,23,2026-08-25,P
7°C,23,2026-08-27,P
7°C,23,2026-08-28,P
7°C,23,2026-08-31,P
7°C,24,2026-05-04,P
7°C,24,2026-05-05,P
7°C,24,2026-05-06,F
7°C,24,2026-05-07,P
7°C,24,2026-05-08,P
7°C,24,2026-05-11,P
7°C,24,2026-05-12,P
7°C,24,2026-05-13,P
7°C,24,2026-05-14,P
7°C,24,2026-05-15,P
7°C,24,2026-05-18,P
7°C,24,2026-05-19,F
7°C,24,2026-05-20,P
7°C,24,2026-05-21,F
7°C,24,2026-05-22,P
7°C,24,2026-05-25,P
7°C,24,2026-05-26,P
7°C,24,2026-05-27,P
7°C,24,2026-05-28,P
7°C,24,2026-05-29,P
7°C,24,2026-06-01,P
7°C,24,2026-06-02,P
7°C,24,2026-06-03,F
7°C,24,2026-06-08,P
7°C,24,2026-06-09,P
7°C,24,2026-06-10,P
7°C,24,2026-06-11,F
7°C,24,2026-06-12,P
7°C,24,2026-06-15,F
7°C,24,2026-06-16,P
7°C,24,2026-06-17,P
7°C,24,2026-06-18,P
7°C,24,2026-06-19,P
7°C,24,2026-06-22,P
7°C,24,2026-06-23,P
7°C,24,2026-06-24,F
7°C,24,2026-06-25,P
7°C,24,2026-06-26,F
7°C,24,2026-06-29,P
7°C,24,2026-06-30,P
7°C,24,2026-07-01,P
7°C,24,2026-07-02,F
7°C,24,2026-07-03,P
7°C,24,2026-07-28,P
7°C,24,2026-07-29,P
7°C,24,2026-07-30,P
7°C,24,2026-07-31,F
7°C,24,2026-08-03,P
7°C,24,2026-08-04,P
7°C,24,2026-08-05,F
7°C,24,2026-08-06,P
7°C,24,2026-08-07,P
7°C,24,2026-08-10,P
7°C,24,2026-08-11,F
7°C,24,2026-08-12,P
7°C,24,2026-08-13,P
7°C,24,2026-08-14,P
7°C,24,2026-08-17,P
7°C,24,2026-08-18,P
7°C,24,2026-08-19,P
7°C,24,2026-08-20,P
7°C,24,2026-08-21,P
7°C,24,2026-08-25,F
7°C,24,2026-08-27,P
7°C,24,2026-08-28,P
7°C,24,2026-08-31,P
7°C,25,2026-05-05,-
7°C,25,2026-05-06,-
7°C,25,2026-05-07,-
7°C,25,2026-05-08,-
7°C,25,2026-05-12,-
7°C,25,2026-05-13,-
7°C,25,2026-05-14,-
7°C,25,2026-05-15,-
7°C,25,2026-05-19,-
7°C,25,2026-05-21,-
7°C,25,2026-05-26,-
7°C,25,2026-05-28,-
7°C,25,2026-08-10,
7°C,25,2026-08-17,
7°C,25,2026-08-19,
7°C,26,2026-05-04,P
7°C,26,2026-05-05,P
7°C,26,2026-05-06,P
7°C,26,2026-05-07,P
7°C,26,2026-05-08,P
7°C,26,2026-05-11,P
7°C,26,2026-05-12,P
7°C,26,2026-05-13,P
7°C,26,2026-05-14,P
7°C,26,2026-05-15,P
7°C,26,2026-05-18,P
7°C,26,2026-05-19,P
7°C,26,2026-05-20,F
7°C,26,2026-05-21,P
7°C,26,2026-05-22,P
7°C,26,2026-05-25,P
7°C,26,2026-05-26,P
7°C,26,2026-05-27,P
7°C,26,2026-05-28,P
7°C,26,2026-05-29,P
7°C,26,2026-06-01,P
7°C,26,2026-06-02,P
7°C,26,2026-06-03,P
7°C,26,2026-06-08,P
7°C,26,2026-06-09,P
7°C,26,2026-06-10,P
7°C,26,2026-06-11,P
7°C,26,2026-06-12,P
7°C,26,2026-06-15,F
7°C,26,2026-06-16,P
7°C,26,2026-06-17,P
7°C,26,2026-06-18,P
7°C,26,2026-06-19,F
7°C,26,2026-06-22,P
7°C,26,2026-06-23,P
7°C,26,2026-06-24,P
7°C,26,2026-06-25,P
7°C,26,2026-06-26,P
7°C,26,2026-06-29,P
7°C,26,2026-06-30,P
7°C,26,2026-07-01,P
7°C,26,2026-07-02,P
7°C,26,2026-07-03,P
7°C,26,2026-07-28,P
7°C,26,2026-07-29,P
7°C,26,2026-07-30,P
7°C,26,2026-07-31,F
7°C,26,2026-08-03,P
7°C,26,2026-08-04,P
7°C,26,2026-08-05,P
7°C,26,2026-08-06,P
7°C,26,2026-08-07,P
7°C,26,2026-08-10,P
7°C,26,2026-08-11,F
7°C,26,2026-08-12,P
7°C,26,2026-08-13,P
7°C,26,2026-08-14,P
7°C,26,2026-08-17,P
7°C,26,2026-08-18,P
7°C,26,2026-08-19,P
7°C,26,2026-08-20,P
7°C,26,2026-08-21,P
7°C,26,2026-08-25,P
7°C,26,2026-08-27,P
7°C,26,2026-08-28,P
7°C,26,2026-08-31,F
7°C,27,2026-05-04,P
7°C,27,2026-05-05,P
7°C,27,2026-05-06,P
7°C,27,2026-05-07,P
7°C,27,2026-05-08,P
7°C,27,2026-05-11,F
7°C,27,2026-05-12,P
7°C,27,2026-05-13,P
7°C,27,2026-05-14,P
7°C,27,2026-05-15,P
7°C,27,2026-05-18,P
7°C,27,2026-05-19,P
7°C,27,2026-05-20,P
7°C,27,2026-05-21,P
7°C,27,2026-05-22,P
7°C,27,2026-05-25,P
7°C,27,2026-05-26,P
7°C,27,2026-05-27,P
7°C,27,2026-05-28,P
7°C,27,2026-05-29,P
7°C,27,2026-06-01,P
7°C,27,2026-06-02,P
7°C,27,2026-06-03,P
7°C,27,2026-06-08,P
7°C,27,2026-06-09,P
7°C,27,2026-06-10,P
7°C,27,2026-06-11,P
7°C,27,2026-06-12,P
7°C,27,2026-06-15,P
7°C,27,2026-06-16,P
7°C,27,2026-06-17,P
7°C,27,2026-06-18,P
7°C,27,2026-06-19,P
7°C,27,2026-06-22,P
7°C,27,2026-06-23,P
7°C,27,2026-06-24,F
7°C,27,2026-06-25,P
7°C,27,2026-06-26,P
7°C,27,2026-06-29,P
7°C,27,2026-06-30,P
7°C,27,2026-07-01,P
7°C,27,2026-07-02,P
7°C,27,2026-07-03,P
7°C,27,2026-07-28,P
7°C,27,2026-07-29,P
7°C,27,2026-07-30,P
7°C,27,2026-07-31,P
7°C,27,2026-08-03,P
7°C,27,2026-08-04,P
7°C,27,2026-08-05,P
7°C,27,2026-08-06,P
7°C,27,2026-08-07,P
7°C,27,2026-08-10,P
7°C,27,2026-08-11,P
7°C,27,2026-08-12,P
7°C,27,2026-08-13,P
7°C,27,2026-08-14,P
7°C,27,2026-08-17,P
7°C,27,2026-08-18,P
7°C,27,2026-08-19,P
7°C,27,2026-08-20,P
7°C,27,2026-08-21,P
7°C,27,2026-08-25,P
7°C,27,2026-08-27,P
7°C,27,2026-08-28,P
7°C,27,2026-08-31,F
7°C,28,2026-05-04,-
7°C,28,2026-05-05,-
7°C,28,2026-05-06,-
7°C,28,2026-05-07,-
7°C,28,2026-05-08,-
7°C,28,2026-05-11,-
7°C,28,2026-05-12,-
7°C,28,2026-05-13,-
7°C,28,2026-05-14,-
7°C,28,2026-05-15,-
7°C,28,2026-05-18,-
7°C,28,2026-05-19,-
7°C,28,2026-05-20,-
7°C,28,2026-05-21,-
7°C,28,2026-05-22,-
7°C,28,2026-05-25,-
7°C,28,2026-05-26,-
7°C,28,2026-05-27,-
7°C,28,2026-05-28,-
7°C,28,2026-05-29,-
7°C,28,2026-06-01,-
7°C,28,2026-06-02,-
7°C,28,2026-06-03,-
7°C,28,2026-06-08,-
7°C,28,2026-06-09,-
7°C,28,2026-06-10,-
7°C,28,2026-06-11,-
7°C,28,2026-06-12,-
7°C,28,2026-06-15,-
7°C,28,2026-06-16,-
7°C,28,2026-06-17,-
7°C,28,2026-06-18,-
7°C,28,2026-06-19,-
7°C,28,2026-06-22,-
7°C,28,2026-06-23,-
7°C,28,2026-06-24,-
7°C,28,2026-06-25,-
7°C,28,2026-06-26,-
7°C,28,2026-06-29,-
7°C,28,2026-06-30,-
7°C,28,2026-07-01,-
7°C,28,2026-07-02,-
7°C,28,2026-07-03,-
7°C,28,2026-07-28,P
7°C,28,2026-07-29,P
7°C,28,2026-07-30,P
7°C,28,2026-07-31,F
7°C,28,2026-08-03,P
7°C,28,2026-08-04,F
7°C,28,2026-08-05,P
7°C,28,2026-08-06,P
7°C,28,2026-08-07,P
7°C,28,2026-08-10,F
7°C,28,2026-08-11,P
7°C,28,2026-08-12,P
7°C,28,2026-08-13,F
7°C,28,2026-08-14,P
7°C,28,2026-08-17,P
7°C,28,2026-08-18,P
7°C,28,2026-08-19,P
7°C,28,2026-08-20,P
7°C,28,2026-08-21,P
7°C,28,2026-08-25,F
7°C,28,2026-08-27,P
7°C,28,2026-08-28,F
7°C,28,2026-08-31,F
7°D,2,2026-05-04,P
7°D,2,2026-05-05,P
7°D,2,2026-05-06,P
7°D,2,2026-05-07,P
7°D,2,2026-05-08,P
7°D,2,2026-05-11,P
7°D,2,2026-05-12,P
7°D,2,2026-05-13,P
7°D,2,2026-05-14,P
7°D,2,2026-05-15,P
7°D,2,2026-05-18,P
7°D,2,2026-05-19,P
7°D,2,2026-05-20,P
7°D,2,2026-05-21,P
7°D,2,2026-05-22,F
7°D,2,2026-05-25,P
7°D,2,2026-05-26,P
7°D,2,2026-05-27,P
7°D,2,2026-05-28,P
7°D,2,2026-05-29,P
7°D,2,2026-06-01,P
7°D,2,2026-06-02,P
7°D,2,2026-06-03,P
7°D,2,2026-06-08,P
7°D,2,2026-06-09,P
7°D,2,2026-06-10,P
7°D,2,2026-06-11,P
7°D,2,2026-06-12,P
7°D,2,2026-06-15,P
7°D,2,2026-06-16,P
7°D,2,2026-06-17,P
7°D,2,2026-06-18,P
7°D,2,2026-06-19,P
7°D,2,2026-06-22,P
7°D,2,2026-06-23,P
7°D,2,2026-06-24,F
7°D,2,2026-06-25,P
7°D,2,2026-06-26,P
7°D,2,2026-06-29,P
7°D,2,2026-06-30,F
7°D,2,2026-07-01,P
7°D,2,2026-07-02,P
7°D,2,2026-07-03,P
7°D,2,2026-07-28,P
7°D,2,2026-07-29,P
7°D,2,2026-07-30,P
7°D,2,2026-07-31,P
7°D,2,2026-08-03,P
7°D,2,2026-08-04,P
7°D,2,2026-08-05,P
7°D,2,2026-08-06,P
7°D,2,2026-08-07,P
7°D,2,2026-08-10,P
7°D,2,2026-08-11,P
7°D,2,2026-08-12,P
7°D,2,2026-08-13,P
7°D,2,2026-08-14,P
7°D,2,2026-08-17,P
7°D,2,2026-08-18,F
7°D,2,2026-08-19,P
7°D,2,2026-08-20,P
7°D,2,2026-08-21,P
7°D,2,2026-08-22,P
7°D,2,2026-08-24,P
7°D,2,2026-08-25,P
7°D,2,2026-08-26,P
7°D,2,2026-08-27,P
7°D,2,2026-08-28,P
7°D,2,2026-08-31,P
7°D,3,2026-05-04,P
7°D,3,2026-05-05,F
7°D,3,2026-05-06,P
7°D,3,2026-05-07,P
7°D,3,2026-05-08,P
7°D,3,2026-05-11,P
7°D,3,2026-05-12,P
7°D,3,2026-05-13,P
7°D,3,2026-05-14,P
7°D,3,2026-05-15,P
7°D,3,2026-05-18,P
7°D,3,2026-05-19,P
7°D,3,2026-05-20,P
7°D,3,2026-05-21,P
7°D,3,2026-05-22,P
7°D,3,2026-05-25,P
7°D,3,2026-05-26,P
7°D,3,2026-05-27,P
7°D,3,2026-05-28,P
7°D,3,2026-05-29,P
7°D,3,2026-06-01,P
7°D,3,2026-06-02,P
7°D,3,2026-06-03,F
7°D,3,2026-06-08,P
7°D,3,2026-06-09,P
7°D,3,2026-06-10,P
7°D,3,2026-06-11,P
7°D,3,2026-06-12,P
7°D,3,2026-06-15,P
7°D,3,2026-06-16,P
7°D,3,2026-06-17,P
7°D,3,2026-06-18,P
7°D,3,2026-06-19,F
7°D,3,2026-06-22,P
7°D,3,2026-06-23,P
7°D,3,2026-06-24,P
7°D,3,2026-06-25,P
7°D,3,2026-06-26,P
7°D,3,2026-06-29,F
7°D,3,2026-06-30,P
7°D,3,2026-07-01,P
7°D,3,2026-07-02,F
7°D,3,2026-07-03,P
7°D,3,2026-07-28,P
7°D,3,2026-07-29,P
7°D,3,2026-07-30,F
7°D,3,2026-07-31,F
7°D,3,2026-08-03,P
7°D,3,2026-08-04,P
7°D,3,2026-08-05,F
7°D,3,2026-08-06,P
7°D,3,2026-08-07,P
7°D,3,2026-08-10,P
7°D,3,2026-08-11,P
7°D,3,2026-08-12,F
7°D,3,2026-08-13,P
7°D,3,2026-08-14,F
7°D,3,2026-08-17,P
7°D,3,2026-08-18,P
7°D,3,2026-08-19,P
7°D,3,2026-08-20,P
7°D,3,2026-08-21,P
7°D,3,2026-08-22,P
7°D,3,2026-08-24,P
7°D,3,2026-08-25,P
7°D,3,2026-08-26,P
7°D,3,2026-08-27,P
7°D,3,2026-08-28,F
7°D,3,2026-08-31,P
7°D,4,2026-05-04,P
7°D,4,2026-05-05,F
7°D,4,2026-05-06,F
7°D,4,2026-05-07,P
7°D,4,2026-05-08,P
7°D,4,2026-05-11,P
7°D,4,2026-05-12,P
7°D,4,2026-05-13,P
7°D,4,2026-05-14,F
7°D,4,2026-05-15,P
7°D,4,2026-05-18,P
7°D,4,2026-05-19,P
7°D,4,2026-05-20,P
7°D,4,2026-05-21,P
7°D,4,2026-05-22,P
7°D,4,2026-05-25,P
7°D,4,2026-05-26,F
7°D,4,2026-05-27,P
7°D,4,2026-05-28,P
7°D,4,2026-05-29,P
7°D,4,2026-06-01,P
7°D,4,2026-06-02,P
7°D,4,2026-06-03,P
7°D,4,2026-06-08,P
7°D,4,2026-06-09,P
7°D,4,2026-06-10,P
7°D,4,2026-06-11,P
7°D,4,2026-06-12,P
7°D,4,2026-06-15,P
7°D,4,2026-06-16,P
7°D,4,2026-06-17,P
7°D,4,2026-06-18,F
7°D,4,2026-06-19,P
7°D,4,2026-06-22,P
7°D,4,2026-06-23,P
7°D,4,2026-06-24,F
7°D,4,2026-06-25,P
7°D,4,2026-06-26,F
7°D,4,2026-06-29,P
7°D,4,2026-06-30,P
7°D,4,2026-07-01,P
7°D,4,2026-07-02,P
7°D,4,2026-07-03,P
7°D,4,2026-07-28,P
7°D,4,2026-07-29,P
7°D,4,2026-07-30,P
7°D,4,2026-07-31,P
7°D,4,2026-08-03,P
7°D,4,2026-08-04,P
7°D,4,2026-08-05,P
7°D,4,2026-08-06,P
7°D,4,2026-08-07,P
7°D,4,2026-08-10,P
7°D,4,2026-08-11,P
7°D,4,2026-08-12,P
7°D,4,2026-08-13,P
7°D,4,2026-08-14,P
7°D,4,2026-08-17,P
7°D,4,2026-08-18,P
7°D,4,2026-08-19,P
7°D,4,2026-08-20,P
7°D,4,2026-08-21,P
7°D,4,2026-08-22,P
7°D,4,2026-08-24,P
7°D,4,2026-08-25,P
7°D,4,2026-08-26,P
7°D,4,2026-08-27,P
7°D,4,2026-08-28,P
7°D,4,2026-08-31,P
7°D,5,2026-05-04,P
7°D,5,2026-05-05,P
7°D,5,2026-05-06,F
7°D,5,2026-05-07,P
7°D,5,2026-05-08,P
7°D,5,2026-05-11,P
7°D,5,2026-05-12,P
7°D,5,2026-05-13,P
7°D,5,2026-05-14,P
7°D,5,2026-05-15,F
7°D,5,2026-05-18,P
7°D,5,2026-05-19,P
7°D,5,2026-05-20,P
7°D,5,2026-05-21,P
7°D,5,2026-05-22,F
7°D,5,2026-05-25,P
7°D,5,2026-05-26,F
7°D,5,2026-05-27,P
7°D,5,2026-05-28,P
7°D,5,2026-05-29,P
7°D,5,2026-06-01,P
7°D,5,2026-06-02,P
7°D,5,2026-06-03,P
7°D,5,2026-06-08,P
7°D,5,2026-06-09,P
7°D,5,2026-06-10,P
7°D,5,2026-06-11,P
7°D,5,2026-06-12,P
7°D,5,2026-06-15,P
7°D,5,2026-06-16,F
7°D,5,2026-06-17,P
7°D,5,2026-06-18,P
7°D,5,2026-06-19,F
7°D,5,2026-06-22,P
7°D,5,2026-06-23,P
7°D,5,2026-06-24,F
7°D,5,2026-06-25,P
7°D,5,2026-06-26,F
7°D,5,2026-06-29,P
7°D,5,2026-06-30,P
7°D,5,2026-07-01,P
7°D,5,2026-07-02,F
7°D,5,2026-07-03,P
7°D,5,2026-07-28,P
7°D,5,2026-07-29,P
7°D,5,2026-07-30,P
7°D,5,2026-07-31,P
7°D,5,2026-08-03,P
7°D,5,2026-08-04,P
7°D,5,2026-08-05,F
7°D,5,2026-08-06,P
7°D,5,2026-08-07,P
7°D,5,2026-08-10,P
7°D,5,2026-08-11,F
7°D,5,2026-08-12,P
7°D,5,2026-08-13,P
7°D,5,2026-08-14,F
7°D,5,2026-08-17,P
7°D,5,2026-08-18,P
7°D,5,2026-08-19,P
7°D,5,2026-08-20,F
7°D,5,2026-08-21,P
7°D,5,2026-08-22,P
7°D,5,2026-08-24,P
7°D,5,2026-08-25,P
7°D,5,2026-08-26,P
7°D,5,2026-08-27,F
7°D,5,2026-08-28,P
7°D,5,2026-08-31,F
7°D,6,2026-05-04,F
7°D,6,2026-05-05,F
7°D,6,2026-05-06,F
7°D,6,2026-05-07,P
7°D,6,2026-05-08,P
7°D,6,2026-05-11,P
7°D,6,2026-05-12,P
7°D,6,2026-05-13,F
7°D,6,2026-05-14,F
7°D,6,2026-05-15,P
7°D,6,2026-05-18,P
7°D,6,2026-05-19,P
7°D,6,2026-05-20,P
7°D,6,2026-05-21,F
7°D,6,2026-05-22,F
7°D,6,2026-05-25,P
7°D,6,2026-05-26,P
7°D,6,2026-05-27,P
7°D,6,2026-05-28,P
7°D,6,2026-05-29,P
7°D,6,2026-06-01,P
7°D,6,2026-06-02,P
7°D,6,2026-06-03,P
7°D,6,2026-06-08,P
7°D,6,2026-06-09,P
7°D,6,2026-06-10,P
7°D,6,2026-06-11,F
7°D,6,2026-06-12,F
7°D,6,2026-06-15,P
7°D,6,2026-06-16,P
7°D,6,2026-06-17,F
7°D,6,2026-06-18,P
7°D,6,2026-06-19,F
7°D,6,2026-06-22,P
7°D,6,2026-06-23,F
7°D,6,2026-06-24,F
7°D,6,2026-06-25,F
7°D,6,2026-06-26,P
7°D,6,2026-06-29,F
7°D,6,2026-06-30,P
7°D,6,2026-07-01,P
7°D,6,2026-07-02,P
7°D,6,2026-07-03,P
7°D,6,2026-07-28,P
7°D,6,2026-07-29,P
7°D,6,2026-07-30,P
7°D,6,2026-07-31,P
7°D,6,2026-08-03,F
7°D,6,2026-08-04,P
7°D,6,2026-08-05,P
7°D,6,2026-08-06,P
7°D,6,2026-08-07,P
7°D,6,2026-08-10,F
7°D,6,2026-08-11,F
7°D,6,2026-08-12,F
7°D,6,2026-08-13,P
7°D,6,2026-08-14,F
7°D,6,2026-08-17,P
7°D,6,2026-08-18,P
7°D,6,2026-08-19,P
7°D,6,2026-08-20,P
7°D,6,2026-08-21,P
7°D,6,2026-08-22,P
7°D,6,2026-08-24,P
7°D,6,2026-08-25,P
7°D,6,2026-08-26,P
7°D,6,2026-08-27,F
7°D,6,2026-08-28,F
7°D,6,2026-08-31,P
7°D,7,2026-05-04,P
7°D,7,2026-05-05,P
7°D,7,2026-05-06,F
7°D,7,2026-05-07,P
7°D,7,2026-05-08,P
7°D,7,2026-05-11,P
7°D,7,2026-05-12,P
7°D,7,2026-05-13,P
7°D,7,2026-05-14,P
7°D,7,2026-05-15,P
7°D,7,2026-05-18,P
7°D,7,2026-05-19,P
7°D,7,2026-05-20,P
7°D,7,2026-05-21,P
7°D,7,2026-05-22,P
7°D,7,2026-05-25,P
7°D,7,2026-05-26,P
7°D,7,2026-05-27,P
7°D,7,2026-05-28,P
7°D,7,2026-05-29,P
7°D,7,2026-06-01,P
7°D,7,2026-06-02,P
7°D,7,2026-06-03,P
7°D,7,2026-06-08,P
7°D,7,2026-06-09,P
7°D,7,2026-06-10,P
7°D,7,2026-06-11,P
7°D,7,2026-06-12,P
7°D,7,2026-06-15,P
7°D,7,2026-06-16,P
7°D,7,2026-06-17,P
7°D,7,2026-06-18,P
7°D,7,2026-06-19,P
7°D,7,2026-06-22,P
7°D,7,2026-06-23,P
7°D,7,2026-06-24,F
7°D,7,2026-06-25,P
7°D,7,2026-06-26,F
7°D,7,2026-06-29,P
7°D,7,2026-06-30,P
7°D,7,2026-07-01,P
7°D,7,2026-07-02,F
7°D,7,2026-07-03,P
7°D,7,2026-07-28,P
7°D,7,2026-07-29,P
7°D,7,2026-07-30,P
7°D,7,2026-07-31,P
7°D,7,2026-08-03,P
7°D,7,2026-08-04,P
7°D,7,2026-08-05,P
7°D,7,2026-08-06,P
7°D,7,2026-08-07,P
7°D,7,2026-08-10,P
7°D,7,2026-08-11,F
7°D,7,2026-08-12,P
7°D,7,2026-08-13,P
7°D,7,2026-08-14,P
7°D,7,2026-08-17,P
7°D,7,2026-08-18,P
7°D,7,2026-08-19,F
7°D,7,2026-08-20,F
7°D,7,2026-08-21,P
7°D,7,2026-08-22,P
7°D,7,2026-08-24,P
7°D,7,2026-08-25,P
7°D,7,2026-08-26,P
7°D,7,2026-08-27,P
7°D,7,2026-08-28,P
7°D,7,2026-08-31,P
7°D,8,2026-05-04,-
7°D,8,2026-05-05,-
7°D,8,2026-05-06,-
7°D,8,2026-05-07,-
7°D,8,2026-05-08,-
7°D,8,2026-05-11,-
7°D,8,2026-05-12,-
7°D,8,2026-05-13,-
7°D,8,2026-05-14,-
7°D,8,2026-05-15,-
7°D,8,2026-05-18,-
7°D,8,2026-05-19,-
7°D,8,2026-05-20,-
7°D,8,2026-05-21,-
7°D,8,2026-05-22,-
7°D,8,2026-05-26,-
7°D,8,2026-05-27,-
7°D,8,2026-05-28,-
7°D,8,2026-05-29,-
7°D,8,2026-06-02,
7°D,8,2026-08-19,
7°D,8,2026-08-31,
7°D,9,2026-05-04,-
7°D,9,2026-05-05,-
7°D,9,2026-05-06,-
7°D,9,2026-05-07,-
7°D,9,2026-05-08,-
7°D,9,2026-05-11,-
7°D,9,2026-05-12,-
7°D,9,2026-05-13,-
7°D,9,2026-05-14,-
7°D,9,2026-05-15,-
7°D,9,2026-05-18,-
7°D,9,2026-05-19,-
7°D,9,2026-05-20,-
7°D,9,2026-05-21,-
7°D,9,2026-05-22,-
7°D,9,2026-05-26,-
7°D,9,2026-05-27,-
7°D,9,2026-05-28,-
7°D,9,2026-05-29,-
7°D,9,2026-06-02,
7°D,9,2026-08-19,
7°D,9,2026-08-31,
7°D,10,2026-05-04,-
7°D,10,2026-05-05,-
7°D,10,2026-05-06,-
7°D,10,2026-05-07,-
7°D,10,2026-05-08,-
7°D,10,2026-05-11,-
7°D,10,2026-05-12,-
7°D,10,2026-05-13,-
7°D,10,2026-05-14,-
7°D,10,2026-05-15,-
7°D,10,2026-05-18,-
7°D,10,2026-05-19,-
7°D,10,2026-05-20,-
7°D,10,2026-05-21,-
7°D,10,2026-05-22,-
7°D,10,2026-05-26,-
7°D,10,2026-05-27,-
7°D,10,2026-05-28,-
7°D,10,2026-05-29,-
7°D,10,2026-06-02,
7°D,10,2026-08-19,
7°D,10,2026-08-31,
7°D,11,2026-05-04,P
7°D,11,2026-05-05,P
7°D,11,2026-05-06,P
7°D,11,2026-05-07,P
7°D,11,2026-05-08,P
7°D,11,2026-05-11,P
7°D,11,2026-05-12,P
7°D,11,2026-05-13,P
7°D,11,2026-05-14,P
7°D,11,2026-05-15,P
7°D,11,2026-05-18,P
7°D,11,2026-05-19,P
7°D,11,2026-05-20,P
7°D,11,2026-05-21,P
7°D,11,2026-05-22,P
7°D,11,2026-05-25,P
7°D,11,2026-05-26,P
7°D,11,2026-05-27,P
7°D,11,2026-05-28,P
7°D,11,2026-05-29,P
7°D,11,2026-06-01,P
7°D,11,2026-06-02,P
7°D,11,2026-06-03,P
7°D,11,2026-06-08,P
7°D,11,2026-06-09,P
7°D,11,2026-06-10,P
7°D,11,2026-06-11,P
7°D,11,2026-06-12,P
7°D,11,2026-06-15,P
7°D,11,2026-06-16,P
7°D,11,2026-06-17,P
7°D,11,2026-06-18,P
7°D,11,2026-06-19,P
7°D,11,2026-06-22,P
7°D,11,2026-06-23,P
7°D,11,2026-06-24,P
7°D,11,2026-06-25,P
7°D,11,2026-06-26,F
7°D,11,2026-06-29,P
7°D,11,2026-06-30,P
7°D,11,2026-07-01,P
7°D,11,2026-07-02,F
7°D,11,2026-07-03,P
7°D,11,2026-07-28,P
7°D,11,2026-07-29,P
7°D,11,2026-07-30,P
7°D,11,2026-07-31,P
7°D,11,2026-08-03,P
7°D,11,2026-08-04,P
7°D,11,2026-08-05,P
7°D,11,2026-08-06,P
7°D,11,2026-08-07,P
7°D,11,2026-08-10,P
7°D,11,2026-08-11,P
7°D,11,2026-08-12,F
7°D,11,2026-08-13,P
7°D,11,2026-08-14,P
7°D,11,2026-08-17,P
7°D,11,2026-08-18,P
7°D,11,2026-08-19,P
7°D,11,2026-08-20,P
7°D,11,2026-08-21,P
7°D,11,2026-08-22,P
7°D,11,2026-08-24,P
7°D,11,2026-08-25,P
7°D,11,2026-08-26,P
7°D,11,2026-08-27,P
7°D,11,2026-08-28,P
7°D,11,2026-08-31,P
7°D,12,2026-05-04,P
7°D,12,2026-05-05,P
7°D,12,2026-05-06,F
7°D,12,2026-05-07,F
7°D,12,2026-05-08,P
7°D,12,2026-05-11,F
7°D,12,2026-05-12,P
7°D,12,2026-05-13,P
7°D,12,2026-05-14,F
7°D,12,2026-05-15,P
7°D,12,2026-05-18,F
7°D,12,2026-05-19,P
7°D,12,2026-05-20,F
7°D,12,2026-05-21,P
7°D,12,2026-05-22,P
7°D,12,2026-05-25,F
7°D,12,2026-05-26,P
7°D,12,2026-05-27,P
7°D,12,2026-05-28,P
7°D,12,2026-05-29,P
7°D,12,2026-06-01,P
7°D,12,2026-06-02,F
7°D,12,2026-06-03,P
7°D,12,2026-06-08,F
7°D,12,2026-06-09,P
7°D,12,2026-06-10,P
7°D,12,2026-06-11,P
7°D,12,2026-06-12,P
7°D,12,2026-06-15,P
7°D,12,2026-06-16,P
7°D,12,2026-06-17,F
7°D,12,2026-06-18,P
7°D,12,2026-06-19,P
7°D,12,2026-06-22,P
7°D,12,2026-06-23,P
7°D,12,2026-06-24,F
7°D,12,2026-06-25,P
7°D,12,2026-06-26,P
7°D,12,2026-06-29,P
7°D,12,2026-06-30,F
7°D,12,2026-07-01,P
7°D,12,2026-07-02,F
7°D,12,2026-07-03,P
7°D,12,2026-07-28,P
7°D,12,2026-07-29,P
7°D,12,2026-07-30,F
7°D,12,2026-07-31,F
7°D,12,2026-08-03,P
7°D,12,2026-08-04,P
7°D,12,2026-08-05,P
7°D,12,2026-08-06,P
7°D,12,2026-08-07,P
7°D,12,2026-08-10,P
7°D,12,2026-08-11,P
7°D,12,2026-08-12,P
7°D,12,2026-08-13,P
7°D,12,2026-08-14,F
7°D,12,2026-08-17,F
7°D,12,2026-08-18,P
7°D,12,2026-08-19,P
7°D,12,2026-08-20,P
7°D,12,2026-08-21,P
7°D,12,2026-08-22,P
7°D,12,2026-08-24,P
7°D,12,2026-08-25,P
7°D,12,2026-08-26,P
7°D,12,2026-08-27,P
7°D,12,2026-08-28,F
7°D,12,2026-08-31,P
7°D,13,2026-05-04,-
7°D,13,2026-05-05,-
7°D,13,2026-05-06,-
7°D,13,2026-05-07,-
7°D,13,2026-05-08,-
7°D,13,2026-05-11,-
7°D,13,2026-05-12,-
7°D,13,2026-05-13,-
7°D,13,2026-05-14,-
7°D,13,2026-05-15,-
7°D,13,2026-05-18,-
7°D,13,2026-05-19,-
7°D,13,2026-05-20,-
7°D,13,2026-05-21,-
7°D,13,2026-05-22,-
7°D,13,2026-05-26,-
7°D,13,2026-05-27,-
7°D,13,2026-05-28,-
7°D,13,2026-05-29,-
7°D,13,2026-06-02,
7°D,13,2026-08-19,
7°D,13,2026-08-31,
7°D,14,2026-05-04,F
7°D,14,2026-05-05,F
7°D,14,2026-05-06,P
7°D,14,2026-05-07,P
7°D,14,2026-05-08,F
7°D,14,2026-05-11,P
7°D,14,2026-05-12,P
7°D,14,2026-05-13,P
7°D,14,2026-05-14,P
7°D,14,2026-05-15,P
7°D,14,2026-05-18,F
7°D,14,2026-05-19,P
7°D,14,2026-05-20,P
7°D,14,2026-05-21,F
7°D,14,2026-05-22,F
7°D,14,2026-05-25,P
7°D,14,2026-05-26,P
7°D,14,2026-05-27,P
7°D,14,2026-05-28,P
7°D,14,2026-05-29,F
7°D,14,2026-06-01,F
7°D,14,2026-06-02,P
7°D,14,2026-06-03,F
7°D,14,2026-06-08,F
7°D,14,2026-06-09,P
7°D,14,2026-06-10,P
7°D,14,2026-06-11,P
7°D,14,2026-06-12,F
7°D,14,2026-06-15,P
7°D,14,2026-06-16,P
7°D,14,2026-06-17,P
7°D,14,2026-06-18,F
7°D,14,2026-06-19,F
7°D,14,2026-06-22,P
7°D,14,2026-06-23,F
7°D,14,2026-06-24,P
7°D,14,2026-06-25,P
7°D,14,2026-06-26,P
7°D,14,2026-06-29,P
7°D,14,2026-06-30,F
7°D,14,2026-07-01,P
7°D,14,2026-07-02,F
7°D,14,2026-07-03,P
7°D,14,2026-07-28,F
7°D,14,2026-07-29,P
7°D,14,2026-07-30,P
7°D,14,2026-07-31,F
7°D,14,2026-08-03,F
7°D,14,2026-08-04,P
7°D,14,2026-08-05,F
7°D,14,2026-08-06,P
7°D,14,2026-08-07,P
7°D,14,2026-08-10,F
7°D,14,2026-08-11,F
7°D,14,2026-08-12,F
7°D,14,2026-08-13,F
7°D,14,2026-08-14,F
7°D,14,2026-08-17,F
7°D,14,2026-08-18,F
7°D,14,2026-08-19,F
7°D,14,2026-08-20,F
7°D,14,2026-08-21,F
7°D,14,2026-08-22,F
7°D,14,2026-08-24,F
7°D,14,2026-08-25,F
7°D,14,2026-08-26,F
7°D,14,2026-08-27,F
7°D,14,2026-08-28,F
7°D,14,2026-08-31,F
7°D,15,2026-05-04,P
7°D,15,2026-05-05,P
7°D,15,2026-05-06,F
7°D,15,2026-05-07,P
7°D,15,2026-05-08,F
7°D,15,2026-05-11,P
7°D,15,2026-05-12,P
7°D,15,2026-05-13,P
7°D,15,2026-05-14,P
7°D,15,2026-05-15,P
7°D,15,2026-05-18,P
7°D,15,2026-05-19,P
7°D,15,2026-05-20,F
7°D,15,2026-05-21,P
7°D,15,2026-05-22,P
7°D,15,2026-05-25,P
7°D,15,2026-05-26,P
7°D,15,2026-05-27,P
7°D,15,2026-05-28,P
7°D,15,2026-05-29,P
7°D,15,2026-06-01,F
7°D,15,2026-06-02,P
7°D,15,2026-06-03,P
7°D,15,2026-06-08,P
7°D,15,2026-06-09,P
7°D,15,2026-06-10,P
7°D,15,2026-06-11,P
7°D,15,2026-06-12,P
7°D,15,2026-06-15,P
7°D,15,2026-06-16,P
7°D,15,2026-06-17,P
7°D,15,2026-06-18,P
7°D,15,2026-06-19,P
7°D,15,2026-06-22,P
7°D,15,2026-06-23,P
7°D,15,2026-06-24,F
7°D,15,2026-06-25,F
7°D,15,2026-06-26,F
7°D,15,2026-06-29,F
7°D,15,2026-06-30,F
7°D,15,2026-07-01,P
7°D,15,2026-07-02,F
7°D,15,2026-07-03,P
7°D,15,2026-07-28,F
7°D,15,2026-07-29,P
7°D,15,2026-07-30,F
7°D,15,2026-07-31,P
7°D,15,2026-08-03,F
7°D,15,2026-08-04,P
7°D,15,2026-08-05,P
7°D,15,2026-08-06,P
7°D,15,2026-08-07,P
7°D,15,2026-08-10,F
7°D,15,2026-08-11,P
7°D,15,2026-08-12,P
7°D,15,2026-08-13,P
7°D,15,2026-08-14,P
7°D,15,2026-08-17,P
7°D,15,2026-08-18,P
7°D,15,2026-08-19,P
7°D,15,2026-08-20,P
7°D,15,2026-08-21,F
7°D,15,2026-08-22,P
7°D,15,2026-08-24,P
7°D,15,2026-08-25,P
7°D,15,2026-08-26,P
7°D,15,2026-08-27,P
7°D,15,2026-08-28,P
7°D,15,2026-08-31,F
7°D,16,2026-05-04,P
7°D,16,2026-05-05,P
7°D,16,2026-05-06,P
7°D,16,2026-05-07,P
7°D,16,2026-05-08,P
7°D,16,2026-05-11,P
7°D,16,2026-05-12,P
7°D,16,2026-05-13,P
7°D,16,2026-05-14,P
7°D,16,2026-05-15,P
7°D,16,2026-05-18,P
7°D,16,2026-05-19,P
7°D,16,2026-05-20,P
7°D,16,2026-05-21,P
7°D,16,2026-05-22,P
7°D,16,2026-05-25,P
7°D,16,2026-05-26,P
7°D,16,2026-05-27,P
7°D,16,2026-05-28,P
7°D,16,2026-05-29,P
7°D,16,2026-06-01,F
7°D,16,2026-06-02,F
7°D,16,2026-06-03,P
7°D,16,2026-06-08,P
7°D,16,2026-06-09,P
7°D,16,2026-06-10,F
7°D,16,2026-06-11,P
7°D,16,2026-06-12,P
7°D,16,2026-06-15,P
7°D,16,2026-06-16,P
7°D,16,2026-06-17,P
7°D,16,2026-06-18,P
7°D,16,2026-06-19,P
7°D,16,2026-06-22,P
7°D,16,2026-06-23,P
7°D,16,2026-06-24,P
7°D,16,2026-06-25,P
7°D,16,2026-06-26,P
7°D,16,2026-06-29,P
7°D,16,2026-06-30,P
7°D,16,2026-07-01,P
7°D,16,2026-07-02,F
7°D,16,2026-07-03,P
7°D,16,2026-07-28,P
7°D,16,2026-07-29,P
7°D,16,2026-07-30,P
7°D,16,2026-07-31,P
7°D,16,2026-08-03,P
7°D,16,2026-08-04,P
7°D,16,2026-08-05,P
7°D,16,2026-08-06,P
7°D,16,2026-08-07,P
7°D,16,2026-08-10,P
7°D,16,2026-08-11,P
7°D,16,2026-08-12,P
7°D,16,2026-08-13,P
7°D,16,2026-08-14,P
7°D,16,2026-08-17,P
7°D,16,2026-08-18,P
7°D,16,2026-08-19,P
7°D,16,2026-08-20,P
7°D,16,2026-08-21,P
7°D,16,2026-08-22,P
7°D,16,2026-08-24,P
7°D,16,2026-08-25,P
7°D,16,2026-08-26,P
7°D,16,2026-08-27,P
7°D,16,2026-08-28,P
7°D,16,2026-08-31,P
7°D,17,2026-05-04,F
7°D,17,2026-05-05,F
7°D,17,2026-05-06,F
7°D,17,2026-05-07,P
7°D,17,2026-05-08,P
7°D,17,2026-05-11,P
7°D,17,2026-05-12,P
7°D,17,2026-05-13,P
7°D,17,2026-05-14,P
7°D,17,2026-05-15,P
7°D,17,2026-05-18,P
7°D,17,2026-05-19,P
7°D,17,2026-05-20,F
7°D,17,2026-05-21,P
7°D,17,2026-05-22,P
7°D,17,2026-05-25,P
7°D,17,2026-05-26,P
7°D,17,2026-05-27,P
7°D,17,2026-05-28,P
7°D,17,2026-05-29,P
7°D,17,2026-06-01,P
7°D,17,2026-06-02,F
7°D,17,2026-06-03,P
7°D,17,2026-06-08,P
7°D,17,2026-06-09,P
7°D,17,2026-06-10,P
7°D,17,2026-06-11,P
7°D,17,2026-06-12,P
7°D,17,2026-06-15,F
7°D,17,2026-06-16,P
7°D,17,2026-06-17,P
7°D,17,2026-06-18,P
7°D,17,2026-06-19,P
7°D,17,2026-06-22,P
7°D,17,2026-06-23,P
7°D,17,2026-06-24,F
7°D,17,2026-06-25,P
7°D,17,2026-06-26,P
7°D,17,2026-06-29,P
7°D,17,2026-06-30,P
7°D,17,2026-07-01,P
7°D,17,2026-07-02,P
7°D,17,2026-07-03,P
7°D,17,2026-07-28,P
7°D,17,2026-07-29,P
7°D,17,2026-07-30,F
7°D,17,2026-07-31,P
7°D,17,2026-08-03,P
7°D,17,2026-08-04,P
7°D,17,2026-08-05,P
7°D,17,2026-08-06,P
7°D,17,2026-08-07,P
7°D,17,2026-08-10,F
7°D,17,2026-08-11,P
7°D,17,2026-08-12,P
7°D,17,2026-08-13,P
7°D,17,2026-08-14,P
7°D,17,2026-08-17,P
7°D,17,2026-08-18,F
7°D,17,2026-08-19,P
7°D,17,2026-08-20,P
7°D,17,2026-08-21,P
7°D,17,2026-08-22,P
7°D,17,2026-08-24,P
7°D,17,2026-08-25,P
7°D,17,2026-08-26,P
7°D,17,2026-08-27,P
7°D,17,2026-08-28,P
7°D,17,2026-08-31,P
7°D,18,2026-05-04,P
7°D,18,2026-05-05,P
7°D,18,2026-05-06,F
7°D,18,2026-05-07,P
7°D,18,2026-05-08,P
7°D,18,2026-05-11,P
7°D,18,2026-05-12,P
7°D,18,2026-05-13,P
7°D,18,2026-05-14,P
7°D,18,2026-05-15,P
7°D,18,2026-05-18,P
7°D,18,2026-05-19,P
7°D,18,2026-05-20,P
7°D,18,2026-05-21,P
7°D,18,2026-05-22,P
7°D,18,2026-05-25,P
7°D,18,2026-05-26,P
7°D,18,2026-05-27,P
7°D,18,2026-05-28,P
7°D,18,2026-05-29,P
7°D,18,2026-06-01,P
7°D,18,2026-06-02,P
7°D,18,2026-06-03,P
7°D,18,2026-06-08,P
7°D,18,2026-06-09,P
7°D,18,2026-06-10,P
7°D,18,2026-06-11,P
7°D,18,2026-06-12,P
7°D,18,2026-06-15,P
7°D,18,2026-06-16,P
7°D,18,2026-06-17,P
7°D,18,2026-06-18,P
7°D,18,2026-06-19,P
7°D,18,2026-06-22,P
7°D,18,2026-06-23,P
7°D,18,2026-06-24,P
7°D,18,2026-06-25,P
7°D,18,2026-06-26,P
7°D,18,2026-06-29,F
7°D,18,2026-06-30,P
7°D,18,2026-07-01,P
7°D,18,2026-07-02,P
7°D,18,2026-07-03,P
7°D,18,2026-07-28,F
7°D,18,2026-07-29,P
7°D,18,2026-07-30,F
7°D,18,2026-07-31,P
7°D,18,2026-08-03,P
7°D,18,2026-08-04,P
7°D,18,2026-08-05,P
7°D,18,2026-08-06,P
7°D,18,2026-08-07,P
7°D,18,2026-08-10,P
7°D,18,2026-08-11,P
7°D,18,2026-08-12,P
7°D,18,2026-08-13,P
7°D,18,2026-08-14,P
7°D,18,2026-08-17,P
7°D,18,2026-08-18,P
7°D,18,2026-08-19,P
7°D,18,2026-08-20,P
7°D,18,2026-08-21,P
7°D,18,2026-08-22,P
7°D,18,2026-08-24,P
7°D,18,2026-08-25,P
7°D,18,2026-08-26,P
7°D,18,2026-08-27,P
7°D,18,2026-08-28,P
7°D,18,2026-08-31,P
7°D,19,2026-05-04,P
7°D,19,2026-05-05,P
7°D,19,2026-05-06,F
7°D,19,2026-05-07,P
7°D,19,2026-05-08,P
7°D,19,2026-05-11,P
7°D,19,2026-05-12,P
7°D,19,2026-05-13,P
7°D,19,2026-05-14,P
7°D,19,2026-05-15,P
7°D,19,2026-05-18,P
7°D,19,2026-05-19,P
7°D,19,2026-05-20,P
7°D,19,2026-05-21,P
7°D,19,2026-05-22,P
7°D,19,2026-05-25,P
7°D,19,2026-05-26,P
7°D,19,2026-05-27,P
7°D,19,2026-05-28,P
7°D,19,2026-05-29,P
7°D,19,2026-06-01,F
7°D,19,2026-06-02,P
7°D,19,2026-06-03,P
7°D,19,2026-06-08,P
7°D,19,2026-06-09,P
7°D,19,2026-06-10,P
7°D,19,2026-06-11,F
7°D,19,2026-06-12,P
7°D,19,2026-06-15,F
7°D,19,2026-06-16,P
7°D,19,2026-06-17,P
7°D,19,2026-06-18,P
7°D,19,2026-06-19,F
7°D,19,2026-06-22,P
7°D,19,2026-06-23,P
7°D,19,2026-06-24,P
7°D,19,2026-06-25,P
7°D,19,2026-06-26,P
7°D,19,2026-06-29,F
7°D,19,2026-06-30,P
7°D,19,2026-07-01,P
7°D,19,2026-07-02,F
7°D,19,2026-07-03,P
7°D,19,2026-07-28,P
7°D,19,2026-07-29,P
7°D,19,2026-07-30,F
7°D,19,2026-07-31,P
7°D,19,2026-08-03,P
7°D,19,2026-08-04,P
7°D,19,2026-08-05,P
7°D,19,2026-08-06,P
7°D,19,2026-08-07,P
7°D,19,2026-08-10,P
7°D,19,2026-08-11,P
7°D,19,2026-08-12,P
7°D,19,2026-08-13,P
7°D,19,2026-08-14,P
7°D,19,2026-08-17,P
7°D,19,2026-08-18,P
7°D,19,2026-08-19,P
7°D,19,2026-08-20,P
7°D,19,2026-08-21,P
7°D,19,2026-08-22,P
7°D,19,2026-08-24,P
7°D,19,2026-08-25,P
7°D,19,2026-08-26,P
7°D,19,2026-08-27,F
7°D,19,2026-08-28,F
7°D,19,2026-08-31,P
7°D,20,2026-05-04,P
7°D,20,2026-05-05,P
7°D,20,2026-05-06,F
7°D,20,2026-05-07,P
7°D,20,2026-05-08,P
7°D,20,2026-05-11,P
7°D,20,2026-05-12,P
7°D,20,2026-05-13,P
7°D,20,2026-05-14,P
7°D,20,2026-05-15,P
7°D,20,2026-05-18,P
7°D,20,2026-05-19,P
7°D,20,2026-05-20,P
7°D,20,2026-05-21,P
7°D,20,2026-05-22,P
7°D,20,2026-05-25,P
7°D,20,2026-05-26,P
7°D,20,2026-05-27,P
7°D,20,2026-05-28,P
7°D,20,2026-05-29,P
7°D,20,2026-06-01,P
7°D,20,2026-06-02,P
7°D,20,2026-06-03,P
7°D,20,2026-06-08,P
7°D,20,2026-06-09,P
7°D,20,2026-06-10,P
7°D,20,2026-06-11,P
7°D,20,2026-06-12,P
7°D,20,2026-06-15,P
7°D,20,2026-06-16,P
7°D,20,2026-06-17,P
7°D,20,2026-06-18,P
7°D,20,2026-06-19,P
7°D,20,2026-06-22,P
7°D,20,2026-06-23,P
7°D,20,2026-06-24,F
7°D,20,2026-06-25,P
7°D,20,2026-06-26,P
7°D,20,2026-06-29,P
7°D,20,2026-06-30,P
7°D,20,2026-07-01,P
7°D,20,2026-07-02,P
7°D,20,2026-07-03,P
7°D,20,2026-07-28,P
7°D,20,2026-07-29,P
7°D,20,2026-07-30,P
7°D,20,2026-07-31,P
7°D,20,2026-08-03,F
7°D,20,2026-08-04,P
7°D,20,2026-08-05,P
7°D,20,2026-08-06,P
7°D,20,2026-08-07,P
7°D,20,2026-08-10,P
7°D,20,2026-08-11,P
7°D,20,2026-08-12,P
7°D,20,2026-08-13,P
7°D,20,2026-08-14,P
7°D,20,2026-08-17,P
7°D,20,2026-08-18,P
7°D,20,2026-08-19,P
7°D,20,2026-08-20,P
7°D,20,2026-08-21,P
7°D,20,2026-08-22,P
7°D,20,2026-08-24,P
7°D,20,2026-08-25,P
7°D,20,2026-08-26,P
7°D,20,2026-08-27,F
7°D,20,2026-08-28,P
7°D,20,2026-08-31,P
7°D,21,2026-05-04,P
7°D,21,2026-05-05,P
7°D,21,2026-05-06,F
7°D,21,2026-05-07,P
7°D,21,2026-05-08,P
7°D,21,2026-05-11,F
7°D,21,2026-05-12,P
7°D,21,2026-05-13,P
7°D,21,2026-05-14,P
7°D,21,2026-05-15,P
7°D,21,2026-05-18,P
7°D,21,2026-05-19,P
7°D,21,2026-05-20,P
7°D,21,2026-05-21,P
7°D,21,2026-05-22,P
7°D,21,2026-05-25,P
7°D,21,2026-05-26,P
7°D,21,2026-05-27,P
7°D,21,2026-05-28,P
7°D,21,2026-05-29,P
7°D,21,2026-06-01,P
7°D,21,2026-06-02,P
7°D,21,2026-06-03,P
7°D,21,2026-06-08,P
7°D,21,2026-06-09,P
7°D,21,2026-06-10,P
7°D,21,2026-06-11,P
7°D,21,2026-06-12,P
7°D,21,2026-06-15,P
7°D,21,2026-06-16,F
7°D,21,2026-06-17,P
7°D,21,2026-06-18,P
7°D,21,2026-06-19,P
7°D,21,2026-06-22,P
7°D,21,2026-06-23,P
7°D,21,2026-06-24,F
7°D,21,2026-06-25,P
7°D,21,2026-06-26,F
7°D,21,2026-06-29,P
7°D,21,2026-06-30,F
7°D,21,2026-07-01,P
7°D,21,2026-07-02,F
7°D,21,2026-07-03,P
7°D,21,2026-07-28,P
7°D,21,2026-07-29,P
7°D,21,2026-07-30,P
7°D,21,2026-07-31,P
7°D,21,2026-08-03,P
7°D,21,2026-08-04,P
7°D,21,2026-08-05,P
7°D,21,2026-08-06,P
7°D,21,2026-08-07,P
7°D,21,2026-08-10,P
7°D,21,2026-08-11,P
7°D,21,2026-08-12,P
7°D,21,2026-08-13,P
7°D,21,2026-08-14,P
7°D,21,2026-08-17,P
7°D,21,2026-08-18,P
7°D,21,2026-08-19,P
7°D,21,2026-08-20,P
7°D,21,2026-08-21,P
7°D,21,2026-08-22,P
7°D,21,2026-08-24,P
7°D,21,2026-08-25,P
7°D,21,2026-08-26,P
7°D,21,2026-08-27,P
7°D,21,2026-08-28,P
7°D,21,2026-08-31,P
7°D,22,2026-05-04,P
7°D,22,2026-05-05,P
7°D,22,2026-05-06,P
7°D,22,2026-05-07,P
7°D,22,2026-05-08,P
7°D,22,2026-05-11,P
7°D,22,2026-05-12,P
7°D,22,2026-05-13,P
7°D,22,2026-05-14,P
7°D,22,2026-05-15,P
7°D,22,2026-05-18,P
7°D,22,2026-05-19,P
7°D,22,2026-05-20,P
7°D,22,2026-05-21,P
7°D,22,2026-05-22,P
7°D,22,2026-05-25,P
7°D,22,2026-05-26,P
7°D,22,2026-05-27,P
7°D,22,2026-05-28,P
7°D,22,2026-05-29,P
7°D,22,2026-06-01,F
7°D,22,2026-06-02,F
7°D,22,2026-06-03,P
7°D,22,2026-06-08,P
7°D,22,2026-06-09,P
7°D,22,2026-06-10,P
7°D,22,2026-06-11,P
7°D,22,2026-06-12,P
7°D,22,2026-06-15,P
7°D,22,2026-06-16,P
7°D,22,2026-06-17,P
7°D,22,2026-06-18,P
7°D,22,2026-06-19,P
7°D,22,2026-06-22,P
7°D,22,2026-06-23,P
7°D,22,2026-06-24,F
7°D,22,2026-06-25,P
7°D,22,2026-06-26,P
7°D,22,2026-06-29,P
7°D,22,2026-06-30,P
7°D,22,2026-07-01,P
7°D,22,2026-07-02,P
7°D,22,2026-07-03,P
7°D,22,2026-07-28,P
7°D,22,2026-07-29,P
7°D,22,2026-07-30,P
7°D,22,2026-07-31,P
7°D,22,2026-08-03,P
7°D,22,2026-08-04,P
7°D,22,2026-08-05,P
7°D,22,2026-08-06,P
7°D,22,2026-08-07,P
7°D,22,2026-08-10,P
7°D,22,2026-08-11,F
7°D,22,2026-08-12,P
7°D,22,2026-08-13,P
7°D,22,2026-08-14,P
7°D,22,2026-08-17,P
7°D,22,2026-08-18,P
7°D,22,2026-08-19,P
7°D,22,2026-08-20,P
7°D,22,2026-08-21,P
7°D,22,2026-08-22,P
7°D,22,2026-08-24,P
7°D,22,2026-08-25,P
7°D,22,2026-08-26,P
7°D,22,2026-08-27,P
7°D,22,2026-08-28,P
7°D,22,2026-08-31,P
7°D,23,2026-05-04,F
7°D,23,2026-05-05,F
7°D,23,2026-05-06,F
7°D,23,2026-05-07,P
7°D,23,2026-05-08,P
7°D,23,2026-05-11,P
7°D,23,2026-05-12,P
7°D,23,2026-05-13,P
7°D,23,2026-05-14,P
7°D,23,2026-05-15,P
7°D,23,2026-05-18,P
7°D,23,2026-05-19,P
7°D,23,2026-05-20,P
7°D,23,2026-05-21,P
7°D,23,2026-05-22,P
7°D,23,2026-05-25,P
7°D,23,2026-05-26,P
7°D,23,2026-05-27,P
7°D,23,2026-05-28,P
7°D,23,2026-05-29,P
7°D,23,2026-06-01,P
7°D,23,2026-06-02,P
7°D,23,2026-06-03,P
7°D,23,2026-06-08,P
7°D,23,2026-06-09,P
7°D,23,2026-06-10,P
7°D,23,2026-06-11,P
7°D,23,2026-06-12,P
7°D,23,2026-06-15,F
7°D,23,2026-06-16,P
7°D,23,2026-06-17,P
7°D,23,2026-06-18,P
7°D,23,2026-06-19,P
7°D,23,2026-06-22,P
7°D,23,2026-06-23,P
7°D,23,2026-06-24,P
7°D,23,2026-06-25,P
7°D,23,2026-06-26,P
7°D,23,2026-06-29,P
7°D,23,2026-06-30,P
7°D,23,2026-07-01,P
7°D,23,2026-07-02,F
7°D,23,2026-07-03,P
7°D,23,2026-07-28,F
7°D,23,2026-07-29,P
7°D,23,2026-07-30,P
7°D,23,2026-07-31,P
7°D,23,2026-08-03,P
7°D,23,2026-08-04,P
7°D,23,2026-08-05,P
7°D,23,2026-08-06,P
7°D,23,2026-08-07,P
7°D,23,2026-08-10,P
7°D,23,2026-08-11,F
7°D,23,2026-08-12,P
7°D,23,2026-08-13,P
7°D,23,2026-08-14,P
7°D,23,2026-08-17,P
7°D,23,2026-08-18,P
7°D,23,2026-08-19,P
7°D,23,2026-08-20,P
7°D,23,2026-08-21,P
7°D,23,2026-08-22,P
7°D,23,2026-08-24,P
7°D,23,2026-08-25,P
7°D,23,2026-08-26,P
7°D,23,2026-08-27,P
7°D,23,2026-08-28,P
7°D,23,2026-08-31,F
7°D,24,2026-05-04,F
7°D,24,2026-05-05,F
7°D,24,2026-05-06,F
7°D,24,2026-05-07,P
7°D,24,2026-05-08,P
7°D,24,2026-05-11,P
7°D,24,2026-05-12,P
7°D,24,2026-05-13,P
7°D,24,2026-05-14,P
7°D,24,2026-05-15,P
7°D,24,2026-05-18,P
7°D,24,2026-05-19,P
7°D,24,2026-05-20,P
7°D,24,2026-05-21,P
7°D,24,2026-05-22,P
7°D,24,2026-05-25,P
7°D,24,2026-05-26,P
7°D,24,2026-05-27,F
7°D,24,2026-05-28,P
7°D,24,2026-05-29,P
7°D,24,2026-06-01,P
7°D,24,2026-06-02,P
7°D,24,2026-06-03,P
7°D,24,2026-06-08,P
7°D,24,2026-06-09,P
7°D,24,2026-06-10,P
7°D,24,2026-06-11,P
7°D,24,2026-06-12,P
7°D,24,2026-06-15,P
7°D,24,2026-06-16,P
7°D,24,2026-06-17,F
7°D,24,2026-06-18,P
7°D,24,2026-06-19,P
7°D,24,2026-06-22,P
7°D,24,2026-06-23,P
7°D,24,2026-06-24,P
7°D,24,2026-06-25,P
7°D,24,2026-06-26,P
7°D,24,2026-06-29,F
7°D,24,2026-06-30,P
7°D,24,2026-07-01,P
7°D,24,2026-07-02,P
7°D,24,2026-07-03,P
7°D,24,2026-07-28,P
7°D,24,2026-07-29,P
7°D,24,2026-07-30,P
7°D,24,2026-07-31,P
7°D,24,2026-08-03,P
7°D,24,2026-08-04,P
7°D,24,2026-08-05,P
7°D,24,2026-08-06,P
7°D,24,2026-08-07,P
7°D,24,2026-08-10,P
7°D,24,2026-08-11,P
7°D,24,2026-08-12,P
7°D,24,2026-08-13,P
7°D,24,2026-08-14,P
7°D,24,2026-08-17,P
7°D,24,2026-08-18,P
7°D,24,2026-08-19,P
7°D,24,2026-08-20,P
7°D,24,2026-08-21,P
7°D,24,2026-08-22,P
7°D,24,2026-08-24,P
7°D,24,2026-08-25,P
7°D,24,2026-08-26,P
7°D,24,2026-08-27,P
7°D,24,2026-08-28,F
7°D,24,2026-08-31,P
7°D,25,2026-05-04,P
7°D,25,2026-05-05,P
7°D,25,2026-05-06,P
7°D,25,2026-05-07,P
7°D,25,2026-05-08,P
7°D,25,2026-05-11,P
7°D,25,2026-05-12,P
7°D,25,2026-05-13,P
7°D,25,2026-05-14,P
7°D,25,2026-05-15,P
7°D,25,2026-05-18,P
7°D,25,2026-05-19,P
7°D,25,2026-05-20,P
7°D,25,2026-05-21,P
7°D,25,2026-05-22,F
7°D,25,2026-05-25,P
7°D,25,2026-05-26,P
7°D,25,2026-05-27,P
7°D,25,2026-05-28,P
7°D,25,2026-05-29,P
7°D,25,2026-06-01,F
7°D,25,2026-06-02,F
7°D,25,2026-06-03,F
7°D,25,2026-06-08,F
7°D,25,2026-06-09,F
7°D,25,2026-06-10,F
7°D,25,2026-06-11,F
7°D,25,2026-06-12,F
7°D,25,2026-06-15,F
7°D,25,2026-06-16,F
7°D,25,2026-06-17,F
7°D,25,2026-06-18,F
7°D,25,2026-06-19,F
7°D,25,2026-06-22,F
7°D,25,2026-06-23,F
7°D,25,2026-06-24,F
7°D,25,2026-06-25,F
7°D,25,2026-06-26,F
7°D,25,2026-06-29,F
7°D,25,2026-06-30,F
7°D,25,2026-07-01,F
7°D,25,2026-07-02,F
7°D,25,2026-07-03,F
7°D,25,2026-07-28,P
7°D,25,2026-07-29,P
7°D,25,2026-07-30,P
7°D,25,2026-07-31,P
7°D,25,2026-08-03,P
7°D,25,2026-08-04,P
7°D,25,2026-08-05,P
7°D,25,2026-08-06,P
7°D,25,2026-08-07,P
7°D,25,2026-08-10,P
7°D,25,2026-08-11,P
7°D,25,2026-08-12,F
7°D,25,2026-08-13,P
7°D,25,2026-08-14,P
7°D,25,2026-08-17,P
7°D,25,2026-08-18,P
7°D,25,2026-08-19,F
7°D,25,2026-08-20,P
7°D,25,2026-08-21,P
7°D,25,2026-08-22,P
7°D,25,2026-08-24,P
7°D,25,2026-08-25,P
7°D,25,2026-08-26,P
7°D,25,2026-08-27,P
7°D,25,2026-08-28,P
7°D,25,2026-08-31,P
7°D,26,2026-05-04,F
7°D,26,2026-05-05,F
7°D,26,2026-05-06,P
7°D,26,2026-05-07,F
7°D,26,2026-05-08,P
7°D,26,2026-05-11,P
7°D,26,2026-05-12,P
7°D,26,2026-05-13,P
7°D,26,2026-05-14,F
7°D,26,2026-05-15,P
7°D,26,2026-05-18,F
7°D,26,2026-05-19,P
7°D,26,2026-05-20,P
7°D,26,2026-05-21,P
7°D,26,2026-05-22,P
7°D,26,2026-05-25,F
7°D,26,2026-05-26,P
7°D,26,2026-05-27,P
7°D,26,2026-05-28,P
7°D,26,2026-05-29,F
7°D,26,2026-06-01,P
7°D,26,2026-06-02,P
7°D,26,2026-06-03,P
7°D,26,2026-06-08,F
7°D,26,2026-06-09,F
7°D,26,2026-06-10,P
7°D,26,2026-06-11,P
7°D,26,2026-06-12,F
7°D,26,2026-06-15,F
7°D,26,2026-06-16,P
7°D,26,2026-06-17,P
7°D,26,2026-06-18,F
7°D,26,2026-06-19,P
7°D,26,2026-06-22,F
7°D,26,2026-06-23,P
7°D,26,2026-06-24,P
7°D,26,2026-06-25,P
7°D,26,2026-06-26,P
7°D,26,2026-06-29,F
7°D,26,2026-06-30,F
7°D,26,2026-07-01,P
7°D,26,2026-07-02,P
7°D,26,2026-07-03,P
7°D,26,2026-07-28,P
7°D,26,2026-07-29,P
7°D,26,2026-07-30,F
7°D,26,2026-07-31,F
7°D,26,2026-08-03,P
7°D,26,2026-08-04,P
7°D,26,2026-08-05,P
7°D,26,2026-08-06,F
7°D,26,2026-08-07,P
7°D,26,2026-08-10,F
7°D,26,2026-08-11,P
7°D,26,2026-08-12,F
7°D,26,2026-08-13,P
7°D,26,2026-08-14,P
7°D,26,2026-08-17,P
7°D,26,2026-08-18,P
7°D,26,2026-08-19,P
7°D,26,2026-08-20,F
7°D,26,2026-08-21,P
7°D,26,2026-08-22,P
7°D,26,2026-08-24,P
7°D,26,2026-08-25,P
7°D,26,2026-08-26,P
7°D,26,2026-08-27,P
7°D,26,2026-08-28,F
7°D,26,2026-08-31,P
7°D,27,2026-05-04,P
7°D,27,2026-05-05,P
7°D,27,2026-05-06,P
7°D,27,2026-05-07,P
7°D,27,2026-05-08,P
7°D,27,2026-05-11,P
7°D,27,2026-05-12,P
7°D,27,2026-05-13,P
7°D,27,2026-05-14,P
7°D,27,2026-05-15,P
7°D,27,2026-05-18,P
7°D,27,2026-05-19,P
7°D,27,2026-05-20,P
7°D,27,2026-05-21,P
7°D,27,2026-05-22,P
7°D,27,2026-05-25,P
7°D,27,2026-05-26,P
7°D,27,2026-05-27,P
7°D,27,2026-05-28,P
7°D,27,2026-05-29,F
7°D,27,2026-06-01,P
7°D,27,2026-06-02,P
7°D,27,2026-06-03,F
7°D,27,2026-06-08,F
7°D,27,2026-06-09,P
7°D,27,2026-06-10,P
7°D,27,2026-06-11,P
7°D,27,2026-06-12,P
7°D,27,2026-06-15,F
7°D,27,2026-06-16,P
7°D,27,2026-06-17,P
7°D,27,2026-06-18,P
7°D,27,2026-06-19,P
7°D,27,2026-06-22,P
7°D,27,2026-06-23,P
7°D,27,2026-06-24,F
7°D,27,2026-06-25,P
7°D,27,2026-06-26,P
7°D,27,2026-06-29,P
7°D,27,2026-06-30,F
7°D,27,2026-07-01,P
7°D,27,2026-07-02,F
7°D,27,2026-07-03,P
7°D,27,2026-07-28,P
7°D,27,2026-07-29,P
7°D,27,2026-07-30,P
7°D,27,2026-07-31,P
7°D,27,2026-08-03,P
7°D,27,2026-08-04,F
7°D,27,2026-08-05,P
7°D,27,2026-08-06,F
7°D,27,2026-08-07,P
7°D,27,2026-08-10,P
7°D,27,2026-08-11,P
7°D,27,2026-08-12,P
7°D,27,2026-08-13,P
7°D,27,2026-08-14,P
7°D,27,2026-08-17,P
7°D,27,2026-08-18,F
7°D,27,2026-08-19,P
7°D,27,2026-08-20,P
7°D,27,2026-08-21,P
7°D,27,2026-08-22,P
7°D,27,2026-08-24,P
7°D,27,2026-08-25,P
7°D,27,2026-08-26,P
7°D,27,2026-08-27,P
7°D,27,2026-08-28,P
7°D,27,2026-08-31,P
8°A,2,2026-05-04,F
8°A,2,2026-05-05,P
8°A,2,2026-05-06,P
8°A,2,2026-05-07,P
8°A,2,2026-05-08,P
8°A,2,2026-05-11,P
8°A,2,2026-05-12,P
8°A,2,2026-05-13,P
8°A,2,2026-05-14,P
8°A,2,2026-05-15,P
8°A,2,2026-05-18,P
8°A,2,2026-05-19,P
8°A,2,2026-05-20,P
8°A,2,2026-05-21,P
8°A,2,2026-05-22,P
8°A,2,2026-05-25,P
8°A,2,2026-05-26,P
8°A,2,2026-05-27,P
8°A,2,2026-05-28,P
8°A,2,2026-05-29,P
8°A,2,2026-06-01,P
8°A,2,2026-06-02,P
8°A,2,2026-06-03,P
8°A,2,2026-06-08,P
8°A,2,2026-06-09,P
8°A,2,2026-06-10,P
8°A,2,2026-06-11,P
8°A,2,2026-06-12,P
8°A,2,2026-06-15,P
8°A,2,2026-06-16,P
8°A,2,2026-06-17,P
8°A,2,2026-06-18,P
8°A,2,2026-06-19,F
8°A,2,2026-06-22,P
8°A,2,2026-06-23,P
8°A,2,2026-06-24,P
8°A,2,2026-06-25,P
8°A,2,2026-06-26,F
8°A,2,2026-06-29,F
8°A,2,2026-06-30,F
8°A,2,2026-07-01,P
8°A,2,2026-07-02,F
8°A,2,2026-07-03,P
8°A,2,2026-07-28,F
8°A,2,2026-07-31,F
8°A,2,2026-08-03,P
8°A,2,2026-08-04,P
8°A,2,2026-08-10,P
8°A,2,2026-08-11,P
8°A,2,2026-08-14,P
8°A,2,2026-08-17,F
8°A,2,2026-08-18,P
8°A,2,2026-08-20,P
8°A,2,2026-08-21,F
8°A,2,2026-08-24,P
8°A,2,2026-08-25,P
8°A,2,2026-08-27,P
8°A,2,2026-08-28,P
8°A,2,2026-08-31,P
8°A,3,2026-05-04,P
8°A,3,2026-05-05,P
8°A,3,2026-05-06,P
8°A,3,2026-05-07,P
8°A,3,2026-05-08,P
8°A,3,2026-05-11,P
8°A,3,2026-05-12,P
8°A,3,2026-05-13,P
8°A,3,2026-05-14,P
8°A,3,2026-05-15,P
8°A,3,2026-05-18,F
8°A,3,2026-05-19,F
8°A,3,2026-05-20,P
8°A,3,2026-05-21,P
8°A,3,2026-05-22,P
8°A,3,2026-05-25,F
8°A,3,2026-05-26,F
8°A,3,2026-05-27,P
8°A,3,2026-05-28,P
8°A,3,2026-05-29,P
8°A,3,2026-06-01,P
8°A,3,2026-06-02,P
8°A,3,2026-06-03,P
8°A,3,2026-06-08,P
8°A,3,2026-06-09,P
8°A,3,2026-06-10,F
8°A,3,2026-06-11,F
8°A,3,2026-06-12,F
8°A,3,2026-06-15,P
8°A,3,2026-06-16,F
8°A,3,2026-06-17,P
8°A,3,2026-06-18,P
8°A,3,2026-06-19,P
8°A,3,2026-06-22,P
8°A,3,2026-06-23,P
8°A,3,2026-06-24,P
8°A,3,2026-06-25,P
8°A,3,2026-06-26,P
8°A,3,2026-06-29,F
8°A,3,2026-06-30,F
8°A,3,2026-07-01,P
8°A,3,2026-07-02,P
8°A,3,2026-07-03,P
8°A,3,2026-07-28,P
8°A,3,2026-07-31,P
8°A,3,2026-08-03,P
8°A,3,2026-08-04,P
8°A,3,2026-08-10,P
8°A,3,2026-08-11,F
8°A,3,2026-08-14,F
8°A,3,2026-08-17,P
8°A,3,2026-08-18,P
8°A,3,2026-08-20,F
8°A,3,2026-08-21,F
8°A,3,2026-08-24,P
8°A,3,2026-08-25,P
8°A,3,2026-08-27,P
8°A,3,2026-08-28,P
8°A,3,2026-08-31,P
8°A,4,2026-05-04,P
8°A,4,2026-05-05,P
8°A,4,2026-05-06,P
8°A,4,2026-05-07,P
8°A,4,2026-05-08,P
8°A,4,2026-05-11,P
8°A,4,2026-05-12,P
8°A,4,2026-05-13,P
8°A,4,2026-05-14,P
8°A,4,2026-05-15,P
8°A,4,2026-05-18,P
8°A,4,2026-05-19,P
8°A,4,2026-05-20,P
8°A,4,2026-05-21,P
8°A,4,2026-05-22,P
8°A,4,2026-05-25,P
8°A,4,2026-05-26,P
8°A,4,2026-05-27,P
8°A,4,2026-05-28,P
8°A,4,2026-05-29,P
8°A,4,2026-06-01,P
8°A,4,2026-06-02,P
8°A,4,2026-06-03,P
8°A,4,2026-06-08,P
8°A,4,2026-06-09,P
8°A,4,2026-06-10,P
8°A,4,2026-06-11,P
8°A,4,2026-06-12,F
8°A,4,2026-06-15,P
8°A,4,2026-06-16,P
8°A,4,2026-06-17,P
8°A,4,2026-06-18,P
8°A,4,2026-06-19,P
8°A,4,2026-06-22,F
8°A,4,2026-06-23,P
8°A,4,2026-06-24,F
8°A,4,2026-06-25,P
8°A,4,2026-06-26,F
8°A,4,2026-06-29,P
8°A,4,2026-06-30,P
8°A,4,2026-07-01,F
8°A,4,2026-07-02,P
8°A,4,2026-07-03,P
8°A,4,2026-07-28,P
8°A,4,2026-07-31,P
8°A,4,2026-08-03,P
8°A,4,2026-08-04,P
8°A,4,2026-08-10,P
8°A,4,2026-08-11,P
8°A,4,2026-08-14,F
8°A,4,2026-08-17,P
8°A,4,2026-08-18,P
8°A,4,2026-08-20,P
8°A,4,2026-08-21,P
8°A,4,2026-08-24,P
8°A,4,2026-08-25,P
8°A,4,2026-08-27,P
8°A,4,2026-08-28,P
8°A,4,2026-08-31,P
8°A,5,2026-05-04,P
8°A,5,2026-05-05,P
8°A,5,2026-05-06,F
8°A,5,2026-05-07,P
8°A,5,2026-05-08,P
8°A,5,2026-05-11,P
8°A,5,2026-05-12,P
8°A,5,2026-05-13,P
8°A,5,2026-05-14,P
8°A,5,2026-05-15,P
8°A,5,2026-05-18,F
8°A,5,2026-05-19,P
8°A,5,2026-05-20,P
8°A,5,2026-05-21,P
8°A,5,2026-05-22,P
8°A,5,2026-05-25,P
8°A,5,2026-05-26,P
8°A,5,2026-05-27,P
8°A,5,2026-05-28,F
8°A,5,2026-05-29,P
8°A,5,2026-06-01,P
8°A,5,2026-06-02,P
8°A,5,2026-06-03,P
8°A,5,2026-06-08,P
8°A,5,2026-06-09,F
8°A,5,2026-06-10,P
8°A,5,2026-06-11,P
8°A,5,2026-06-12,P
8°A,5,2026-06-15,P
8°A,5,2026-06-16,P
8°A,5,2026-06-17,P
8°A,5,2026-06-18,P
8°A,5,2026-06-19,P
8°A,5,2026-06-22,P
8°A,5,2026-06-23,P
8°A,5,2026-06-24,F
8°A,5,2026-06-25,P
8°A,5,2026-06-26,P
8°A,5,2026-06-29,P
8°A,5,2026-06-30,P
8°A,5,2026-07-01,P
8°A,5,2026-07-02,P
8°A,5,2026-07-03,P
8°A,5,2026-07-28,P
8°A,5,2026-07-31,P
8°A,5,2026-08-03,P
8°A,5,2026-08-04,P
8°A,5,2026-08-10,P
8°A,5,2026-08-11,P
8°A,5,2026-08-14,P
8°A,5,2026-08-17,P
8°A,5,2026-08-18,P
8°A,5,2026-08-20,P
8°A,5,2026-08-21,F
8°A,5,2026-08-24,P
8°A,5,2026-08-25,P
8°A,5,2026-08-27,P
8°A,5,2026-08-28,P
8°A,5,2026-08-31,P
8°A,6,2026-05-04,F
8°A,6,2026-05-05,P
8°A,6,2026-05-06,P
8°A,6,2026-05-07,F
8°A,6,2026-05-08,P
8°A,6,2026-05-11,P
8°A,6,2026-05-12,P
8°A,6,2026-05-13,P
8°A,6,2026-05-14,P
8°A,6,2026-05-15,P
8°A,6,2026-05-18,P
8°A,6,2026-05-19,P
8°A,6,2026-05-20,P
8°A,6,2026-05-21,F
8°A,6,2026-05-22,F
8°A,6,2026-05-25,F
8°A,6,2026-05-26,P
8°A,6,2026-05-27,F
8°A,6,2026-05-28,P
8°A,6,2026-05-29,F
8°A,6,2026-06-01,F
8°A,6,2026-06-02,F
8°A,6,2026-06-03,F
8°A,6,2026-06-08,F
8°A,6,2026-06-09,F
8°A,6,2026-06-10,F
8°A,6,2026-06-11,F
8°A,6,2026-06-12,F
8°A,6,2026-06-15,F
8°A,6,2026-06-16,P
8°A,6,2026-06-17,P
8°A,6,2026-06-18,F
8°A,6,2026-06-19,F
8°A,6,2026-06-22,F
8°A,6,2026-06-23,F
8°A,6,2026-06-24,F
8°A,6,2026-06-25,F
8°A,6,2026-06-26,F
8°A,6,2026-06-29,F
8°A,6,2026-06-30,F
8°A,6,2026-07-01,F
8°A,6,2026-07-02,F
8°A,6,2026-07-03,P
8°A,6,2026-07-28,P
8°A,6,2026-07-31,F
8°A,6,2026-08-03,P
8°A,6,2026-08-04,F
8°A,6,2026-08-10,P
8°A,6,2026-08-11,F
8°A,6,2026-08-14,P
8°A,6,2026-08-17,F
8°A,6,2026-08-18,P
8°A,6,2026-08-20,P
8°A,6,2026-08-21,F
8°A,6,2026-08-24,P
8°A,6,2026-08-25,P
8°A,6,2026-08-27,F
8°A,6,2026-08-28,P
8°A,6,2026-08-31,F
8°A,7,2026-05-04,F
8°A,7,2026-05-05,P
8°A,7,2026-05-06,P
8°A,7,2026-05-07,P
8°A,7,2026-05-08,P
8°A,7,2026-05-11,F
8°A,7,2026-05-12,P
8°A,7,2026-05-13,P
8°A,7,2026-05-14,F
8°A,7,2026-05-15,P
8°A,7,2026-05-18,P
8°A,7,2026-05-19,F
8°A,7,2026-05-20,P
8°A,7,2026-05-21,F
8°A,7,2026-05-22,P
8°A,7,2026-05-25,P
8°A,7,2026-05-26,P
8°A,7,2026-05-27,P
8°A,7,2026-05-28,P
8°A,7,2026-05-29,P
8°A,7,2026-06-01,P
8°A,7,2026-06-02,P
8°A,7,2026-06-03,F
8°A,7,2026-06-08,P
8°A,7,2026-06-09,F
8°A,7,2026-06-10,P
8°A,7,2026-06-11,F
8°A,7,2026-06-12,P
8°A,7,2026-06-15,P
8°A,7,2026-06-16,P
8°A,7,2026-06-17,P
8°A,7,2026-06-18,F
8°A,7,2026-06-19,F
8°A,7,2026-06-22,F
8°A,7,2026-06-23,P
8°A,7,2026-06-24,F
8°A,7,2026-06-25,P
8°A,7,2026-06-26,F
8°A,7,2026-06-29,P
8°A,7,2026-06-30,F
8°A,7,2026-07-01,P
8°A,7,2026-07-02,F
8°A,7,2026-07-03,P
8°A,7,2026-07-28,P
8°A,7,2026-07-31,F
8°A,7,2026-08-03,P
8°A,7,2026-08-04,F
8°A,7,2026-08-10,F
8°A,7,2026-08-11,P
8°A,7,2026-08-14,F
8°A,7,2026-08-17,P
8°A,7,2026-08-18,F
8°A,7,2026-08-20,F
8°A,7,2026-08-21,P
8°A,7,2026-08-24,P
8°A,7,2026-08-25,P
8°A,7,2026-08-27,F
8°A,7,2026-08-28,P
8°A,7,2026-08-31,F
8°A,8,2026-05-04,F
8°A,8,2026-05-05,P
8°A,8,2026-05-06,P
8°A,8,2026-05-07,P
8°A,8,2026-05-08,F
8°A,8,2026-05-11,P
8°A,8,2026-05-12,P
8°A,8,2026-05-13,P
8°A,8,2026-05-14,P
8°A,8,2026-05-15,P
8°A,8,2026-05-18,P
8°A,8,2026-05-19,P
8°A,8,2026-05-20,P
8°A,8,2026-05-21,P
8°A,8,2026-05-22,P
8°A,8,2026-05-25,P
8°A,8,2026-05-26,P
8°A,8,2026-05-27,P
8°A,8,2026-05-28,P
8°A,8,2026-05-29,P
8°A,8,2026-06-01,P
8°A,8,2026-06-02,P
8°A,8,2026-06-03,P
8°A,8,2026-06-08,P
8°A,8,2026-06-09,P
8°A,8,2026-06-10,P
8°A,8,2026-06-11,P
8°A,8,2026-06-12,P
8°A,8,2026-06-15,P
8°A,8,2026-06-16,P
8°A,8,2026-06-17,P
8°A,8,2026-06-18,P
8°A,8,2026-06-19,F
8°A,8,2026-06-22,P
8°A,8,2026-06-23,P
8°A,8,2026-06-24,P
8°A,8,2026-06-25,P
8°A,8,2026-06-26,P
8°A,8,2026-06-29,F
8°A,8,2026-06-30,P
8°A,8,2026-07-01,P
8°A,8,2026-07-02,F
8°A,8,2026-07-03,P
8°A,8,2026-07-28,P
8°A,8,2026-07-31,P
8°A,8,2026-08-03,P
8°A,8,2026-08-04,P
8°A,8,2026-08-10,P
8°A,8,2026-08-11,P
8°A,8,2026-08-14,P
8°A,8,2026-08-17,P
8°A,8,2026-08-18,P
8°A,8,2026-08-20,P
8°A,8,2026-08-21,P
8°A,8,2026-08-24,P
8°A,8,2026-08-25,P
8°A,8,2026-08-27,P
8°A,8,2026-08-28,P
8°A,8,2026-08-31,P
8°A,9,2026-05-04,P
8°A,9,2026-05-05,P
8°A,9,2026-05-06,P
8°A,9,2026-05-07,P
8°A,9,2026-05-08,P
8°A,9,2026-05-11,F
8°A,9,2026-05-12,P
8°A,9,2026-05-13,F
8°A,9,2026-05-14,F
8°A,9,2026-05-15,P
8°A,9,2026-05-18,P
8°A,9,2026-05-19,P
8°A,9,2026-05-20,P
8°A,9,2026-05-21,F
8°A,9,2026-05-22,F
8°A,9,2026-05-25,P
8°A,9,2026-05-26,P
8°A,9,2026-05-27,P
8°A,9,2026-05-28,P
8°A,9,2026-05-29,P
8°A,9,2026-06-01,P
8°A,9,2026-06-02,F
8°A,9,2026-06-03,P
8°A,9,2026-06-08,P
8°A,9,2026-06-09,P
8°A,9,2026-06-10,F
8°A,9,2026-06-11,F
8°A,9,2026-06-12,P
8°A,9,2026-06-15,P
8°A,9,2026-06-16,P
8°A,9,2026-06-17,P
8°A,9,2026-06-18,P
8°A,9,2026-06-19,P
8°A,9,2026-06-22,P
8°A,9,2026-06-23,P
8°A,9,2026-06-24,P
8°A,9,2026-06-25,F
8°A,9,2026-06-26,F
8°A,9,2026-06-29,P
8°A,9,2026-06-30,F
8°A,9,2026-07-01,F
8°A,9,2026-07-02,F
8°A,9,2026-07-03,P
8°A,9,2026-07-28,P
8°A,9,2026-07-31,F
8°A,9,2026-08-03,P
8°A,9,2026-08-04,P
8°A,9,2026-08-10,F
8°A,9,2026-08-11,P
8°A,9,2026-08-14,F
8°A,9,2026-08-17,P
8°A,9,2026-08-18,P
8°A,9,2026-08-20,F
8°A,9,2026-08-21,P
8°A,9,2026-08-24,P
8°A,9,2026-08-25,P
8°A,9,2026-08-27,P
8°A,9,2026-08-28,P
8°A,9,2026-08-31,F
8°A,10,2026-05-04,P
8°A,10,2026-05-05,P
8°A,10,2026-05-06,P
8°A,10,2026-05-07,P
8°A,10,2026-05-08,P
8°A,10,2026-05-11,P
8°A,10,2026-05-12,P
8°A,10,2026-05-13,P
8°A,10,2026-05-14,P
8°A,10,2026-05-15,P
8°A,10,2026-05-18,P
8°A,10,2026-05-19,P
8°A,10,2026-05-20,P
8°A,10,2026-05-21,P
8°A,10,2026-05-22,P
8°A,10,2026-05-25,P
8°A,10,2026-05-26,P
8°A,10,2026-05-27,P
8°A,10,2026-05-28,P
8°A,10,2026-05-29,P
8°A,10,2026-06-01,P
8°A,10,2026-06-02,P
8°A,10,2026-06-03,P
8°A,10,2026-06-08,P
8°A,10,2026-06-09,P
8°A,10,2026-06-10,P
8°A,10,2026-06-11,P
8°A,10,2026-06-12,P
8°A,10,2026-06-15,P
8°A,10,2026-06-16,P
8°A,10,2026-06-17,P
8°A,10,2026-06-18,P
8°A,10,2026-06-19,F
8°A,10,2026-06-22,P
8°A,10,2026-06-23,P
8°A,10,2026-06-24,F
8°A,10,2026-06-25,P
8°A,10,2026-06-26,P
8°A,10,2026-06-29,P
8°A,10,2026-06-30,F
8°A,10,2026-07-01,F
8°A,10,2026-07-02,F
8°A,10,2026-07-03,P
8°A,10,2026-07-28,P
8°A,10,2026-07-31,F
8°A,10,2026-08-03,P
8°A,10,2026-08-04,P
8°A,10,2026-08-10,F
8°A,10,2026-08-11,P
8°A,10,2026-08-14,P
8°A,10,2026-08-17,P
8°A,10,2026-08-18,P
8°A,10,2026-08-20,P
8°A,10,2026-08-21,P
8°A,10,2026-08-24,P
8°A,10,2026-08-25,P
8°A,10,2026-08-27,F
8°A,10,2026-08-28,P
8°A,10,2026-08-31,F
8°A,11,2026-05-04,F
8°A,11,2026-05-05,P
8°A,11,2026-05-06,P
8°A,11,2026-05-07,P
8°A,11,2026-05-08,F
8°A,11,2026-05-11,P
8°A,11,2026-05-12,P
8°A,11,2026-05-13,P
8°A,11,2026-05-14,F
8°A,11,2026-05-15,P
8°A,11,2026-05-18,P
8°A,11,2026-05-19,P
8°A,11,2026-05-20,P
8°A,11,2026-05-21,P
8°A,11,2026-05-22,P
8°A,11,2026-05-25,P
8°A,11,2026-05-26,P
8°A,11,2026-05-27,P
8°A,11,2026-05-28,F
8°A,11,2026-05-29,P
8°A,11,2026-06-01,P
8°A,11,2026-06-02,P
8°A,11,2026-06-03,P
8°A,11,2026-06-08,P
8°A,11,2026-06-09,P
8°A,11,2026-06-10,P
8°A,11,2026-06-11,F
8°A,11,2026-06-12,P
8°A,11,2026-06-15,F
8°A,11,2026-06-16,P
8°A,11,2026-06-17,P
8°A,11,2026-06-18,P
8°A,11,2026-06-19,F
8°A,11,2026-06-22,P
8°A,11,2026-06-23,P
8°A,11,2026-06-24,F
8°A,11,2026-06-25,P
8°A,11,2026-06-26,F
8°A,11,2026-06-29,F
8°A,11,2026-06-30,P
8°A,11,2026-07-01,F
8°A,11,2026-07-02,F
8°A,11,2026-07-03,P
8°A,11,2026-07-28,F
8°A,11,2026-07-31,P
8°A,11,2026-08-03,P
8°A,11,2026-08-04,P
8°A,11,2026-08-10,F
8°A,11,2026-08-11,P
8°A,11,2026-08-14,P
8°A,11,2026-08-17,F
8°A,11,2026-08-18,P
8°A,11,2026-08-20,P
8°A,11,2026-08-21,P
8°A,11,2026-08-24,P
8°A,11,2026-08-25,P
8°A,11,2026-08-27,P
8°A,11,2026-08-28,P
8°A,11,2026-08-31,P
8°A,12,2026-05-04,P
8°A,12,2026-05-05,P
8°A,12,2026-05-06,P
8°A,12,2026-05-07,P
8°A,12,2026-05-08,F
8°A,12,2026-05-11,P
8°A,12,2026-05-12,P
8°A,12,2026-05-13,P
8°A,12,2026-05-14,P
8°A,12,2026-05-15,P
8°A,12,2026-05-18,P
8°A,12,2026-05-19,P
8°A,12,2026-05-20,P
8°A,12,2026-05-21,P
8°A,12,2026-05-22,P
8°A,12,2026-05-25,P
8°A,12,2026-05-26,P
8°A,12,2026-05-27,P
8°A,12,2026-05-28,P
8°A,12,2026-05-29,P
8°A,12,2026-06-01,P
8°A,12,2026-06-02,P
8°A,12,2026-06-03,P
8°A,12,2026-06-08,P
8°A,12,2026-06-09,P
8°A,12,2026-06-10,P
8°A,12,2026-06-11,P
8°A,12,2026-06-12,P
8°A,12,2026-06-15,P
8°A,12,2026-06-16,P
8°A,12,2026-06-17,P
8°A,12,2026-06-18,P
8°A,12,2026-06-19,F
8°A,12,2026-06-22,P
8°A,12,2026-06-23,P
8°A,12,2026-06-24,P
8°A,12,2026-06-25,P
8°A,12,2026-06-26,P
8°A,12,2026-06-29,F
8°A,12,2026-06-30,P
8°A,12,2026-07-01,P
8°A,12,2026-07-02,P
8°A,12,2026-07-03,P
8°A,12,2026-07-28,P
8°A,12,2026-07-31,P
8°A,12,2026-08-03,P
8°A,12,2026-08-04,P
8°A,12,2026-08-10,P
8°A,12,2026-08-11,P
8°A,12,2026-08-14,P
8°A,12,2026-08-17,P
8°A,12,2026-08-18,P
8°A,12,2026-08-20,P
8°A,12,2026-08-21,P
8°A,12,2026-08-24,P
8°A,12,2026-08-25,P
8°A,12,2026-08-27,P
8°A,12,2026-08-28,P
8°A,12,2026-08-31,P
8°A,13,2026-05-04,P
8°A,13,2026-05-05,P
8°A,13,2026-05-06,P
8°A,13,2026-05-07,P
8°A,13,2026-05-08,F
8°A,13,2026-05-11,F
8°A,13,2026-05-12,P
8°A,13,2026-05-13,P
8°A,13,2026-05-14,P
8°A,13,2026-05-15,P
8°A,13,2026-05-18,P
8°A,13,2026-05-19,P
8°A,13,2026-05-20,F
8°A,13,2026-05-21,P
8°A,13,2026-05-22,F
8°A,13,2026-05-25,P
8°A,13,2026-05-26,P
8°A,13,2026-05-27,P
8°A,13,2026-05-28,P
8°A,13,2026-05-29,P
8°A,13,2026-06-01,P
8°A,13,2026-06-02,P
8°A,13,2026-06-03,F
8°A,13,2026-06-08,P
8°A,13,2026-06-09,P
8°A,13,2026-06-10,P
8°A,13,2026-06-11,F
8°A,13,2026-06-12,P
8°A,13,2026-06-15,P
8°A,13,2026-06-16,P
8°A,13,2026-06-17,F
8°A,13,2026-06-18,P
8°A,13,2026-06-19,P
8°A,13,2026-06-22,P
8°A,13,2026-06-23,P
8°A,13,2026-06-24,F
8°A,13,2026-06-25,P
8°A,13,2026-06-26,F
8°A,13,2026-06-29,P
8°A,13,2026-06-30,P
8°A,13,2026-07-01,F
8°A,13,2026-07-02,F
8°A,13,2026-07-03,P
8°A,13,2026-07-28,P
8°A,13,2026-07-31,P
8°A,13,2026-08-03,P
8°A,13,2026-08-04,P
8°A,13,2026-08-10,P
8°A,13,2026-08-11,P
8°A,13,2026-08-14,P
8°A,13,2026-08-17,P
8°A,13,2026-08-18,P
8°A,13,2026-08-20,F
8°A,13,2026-08-21,P
8°A,13,2026-08-24,F
8°A,13,2026-08-25,P
8°A,13,2026-08-27,P
8°A,13,2026-08-28,F
8°A,13,2026-08-31,P
8°A,14,2026-05-04,-
8°A,14,2026-05-05,-
8°A,14,2026-05-06,-
8°A,14,2026-05-07,-
8°A,14,2026-05-08,-
8°A,14,2026-05-12,-
8°A,14,2026-05-13,-
8°A,14,2026-05-14,-
8°A,14,2026-05-15,
8°A,14,2026-05-18,-
8°A,14,2026-05-19,-
8°A,14,2026-05-20,-
8°A,14,2026-05-21,-
8°A,14,2026-05-26,-
8°A,14,2026-05-27,-
8°A,14,2026-05-28,-
8°A,14,2026-06-16,-
8°A,14,2026-06-17,-
8°A,14,2026-06-18,-
8°A,14,2026-06-30,-
8°A,14,2026-07-01,-
8°A,14,2026-07-02,-
8°A,14,2026-07-28,
8°A,14,2026-07-31,
8°A,14,2026-08-03,
8°A,14,2026-08-04,
8°A,14,2026-08-10,
8°A,14,2026-08-11,
8°A,14,2026-08-14,
8°A,14,2026-08-17,
8°A,14,2026-08-21,
8°A,14,2026-08-24,
8°A,14,2026-08-25,
8°A,14,2026-08-31,
8°A,15,2026-05-04,F
8°A,15,2026-05-05,P
8°A,15,2026-05-06,P
8°A,15,2026-05-07,P
8°A,15,2026-05-08,F
8°A,15,2026-05-11,P
8°A,15,2026-05-12,P
8°A,15,2026-05-13,P
8°A,15,2026-05-14,P
8°A,15,2026-05-15,P
8°A,15,2026-05-18,P
8°A,15,2026-05-19,F
8°A,15,2026-05-20,P
8°A,15,2026-05-21,P
8°A,15,2026-05-22,P
8°A,15,2026-05-25,F
8°A,15,2026-05-26,P
8°A,15,2026-05-27,P
8°A,15,2026-05-28,P
8°A,15,2026-05-29,P
8°A,15,2026-06-01,P
8°A,15,2026-06-02,P
8°A,15,2026-06-03,F
8°A,15,2026-06-08,P
8°A,15,2026-06-09,P
8°A,15,2026-06-10,P
8°A,15,2026-06-11,F
8°A,15,2026-06-12,P
8°A,15,2026-06-15,P
8°A,15,2026-06-16,F
8°A,15,2026-06-17,P
8°A,15,2026-06-18,P
8°A,15,2026-06-19,P
8°A,15,2026-06-22,P
8°A,15,2026-06-23,F
8°A,15,2026-06-24,P
8°A,15,2026-06-25,P
8°A,15,2026-06-26,P
8°A,15,2026-06-29,P
8°A,15,2026-06-30,P
8°A,15,2026-07-01,P
8°A,15,2026-07-02,P
8°A,15,2026-07-03,P
8°A,15,2026-07-28,P
8°A,15,2026-07-31,P
8°A,15,2026-08-03,P
8°A,15,2026-08-04,P
8°A,15,2026-08-10,P
8°A,15,2026-08-11,P
8°A,15,2026-08-14,P
8°A,15,2026-08-17,P
8°A,15,2026-08-18,P
8°A,15,2026-08-20,F
8°A,15,2026-08-21,P
8°A,15,2026-08-24,P
8°A,15,2026-08-25,P
8°A,15,2026-08-27,P
8°A,15,2026-08-28,P
8°A,15,2026-08-31,F
8°A,16,2026-05-04,P
8°A,16,2026-05-05,P
8°A,16,2026-05-06,P
8°A,16,2026-05-07,P
8°A,16,2026-05-08,P
8°A,16,2026-05-11,F
8°A,16,2026-05-12,P
8°A,16,2026-05-13,P
8°A,16,2026-05-14,P
8°A,16,2026-05-15,P
8°A,16,2026-05-18,P
8°A,16,2026-05-19,P
8°A,16,2026-05-20,P
8°A,16,2026-05-21,P
8°A,16,2026-05-22,P
8°A,16,2026-05-25,P
8°A,16,2026-05-26,P
8°A,16,2026-05-27,P
8°A,16,2026-05-28,P
8°A,16,2026-05-29,P
8°A,16,2026-06-01,F
8°A,16,2026-06-02,F
8°A,16,2026-06-03,F
8°A,16,2026-06-08,P
8°A,16,2026-06-09,P
8°A,16,2026-06-10,P
8°A,16,2026-06-11,P
8°A,16,2026-06-12,P
8°A,16,2026-06-15,P
8°A,16,2026-06-16,P
8°A,16,2026-06-17,P
8°A,16,2026-06-18,P
8°A,16,2026-06-19,P
8°A,16,2026-06-22,P
8°A,16,2026-06-23,P
8°A,16,2026-06-24,F
8°A,16,2026-06-25,P
8°A,16,2026-06-26,F
8°A,16,2026-06-29,P
8°A,16,2026-06-30,P
8°A,16,2026-07-01,P
8°A,16,2026-07-02,P
8°A,16,2026-07-03,P
8°A,16,2026-07-28,P
8°A,16,2026-07-31,P
8°A,16,2026-08-03,P
8°A,16,2026-08-04,P
8°A,16,2026-08-10,F
8°A,16,2026-08-11,P
8°A,16,2026-08-14,P
8°A,16,2026-08-17,P
8°A,16,2026-08-18,P
8°A,16,2026-08-20,P
8°A,16,2026-08-21,P
8°A,16,2026-08-24,P
8°A,16,2026-08-25,P
8°A,16,2026-08-27,P
8°A,16,2026-08-28,P
8°A,16,2026-08-31,P
8°A,17,2026-05-04,F
8°A,17,2026-05-05,P
8°A,17,2026-05-06,P
8°A,17,2026-05-07,P
8°A,17,2026-05-08,P
8°A,17,2026-05-11,P
8°A,17,2026-05-12,P
8°A,17,2026-05-13,P
8°A,17,2026-05-14,F
8°A,17,2026-05-15,P
8°A,17,2026-05-18,P
8°A,17,2026-05-19,F
8°A,17,2026-05-20,P
8°A,17,2026-05-21,P
8°A,17,2026-05-22,F
8°A,17,2026-05-25,P
8°A,17,2026-05-26,P
8°A,17,2026-05-27,P
8°A,17,2026-05-28,P
8°A,17,2026-05-29,F
8°A,17,2026-06-01,P
8°A,17,2026-06-02,F
8°A,17,2026-06-03,P
8°A,17,2026-06-08,F
8°A,17,2026-06-09,P
8°A,17,2026-06-10,P
8°A,17,2026-06-11,P
8°A,17,2026-06-12,P
8°A,17,2026-06-15,F
8°A,17,2026-06-16,P
8°A,17,2026-06-17,P
8°A,17,2026-06-18,P
8°A,17,2026-06-19,F
8°A,17,2026-06-22,F
8°A,17,2026-06-23,P
8°A,17,2026-06-24,P
8°A,17,2026-06-25,F
8°A,17,2026-06-26,P
8°A,17,2026-06-29,F
8°A,17,2026-06-30,P
8°A,17,2026-07-01,F
8°A,17,2026-07-02,P
8°A,17,2026-07-03,F
8°A,17,2026-07-28,F
8°A,17,2026-07-31,P
8°A,17,2026-08-03,F
8°A,17,2026-08-04,P
8°A,17,2026-08-10,P
8°A,17,2026-08-11,F
8°A,17,2026-08-14,P
8°A,17,2026-08-17,P
8°A,17,2026-08-18,F
8°A,17,2026-08-20,P
8°A,17,2026-08-21,P
8°A,17,2026-08-24,P
8°A,17,2026-08-25,P
8°A,17,2026-08-27,F
8°A,17,2026-08-28,P
8°A,17,2026-08-31,P
8°A,18,2026-05-04,P
8°A,18,2026-05-05,P
8°A,18,2026-05-06,F
8°A,18,2026-05-07,P
8°A,18,2026-05-08,P
8°A,18,2026-05-11,F
8°A,18,2026-05-12,P
8°A,18,2026-05-13,F
8°A,18,2026-05-14,F
8°A,18,2026-05-15,P
8°A,18,2026-05-18,P
8°A,18,2026-05-19,P
8°A,18,2026-05-20,P
8°A,18,2026-05-21,P
8°A,18,2026-05-22,P
8°A,18,2026-05-25,P
8°A,18,2026-05-26,P
8°A,18,2026-05-27,P
8°A,18,2026-05-28,P
8°A,18,2026-05-29,P
8°A,18,2026-06-01,P
8°A,18,2026-06-02,P
8°A,18,2026-06-03,P
8°A,18,2026-06-08,F
8°A,18,2026-06-09,P
8°A,18,2026-06-10,P
8°A,18,2026-06-11,P
8°A,18,2026-06-12,P
8°A,18,2026-06-15,F
8°A,18,2026-06-16,P
8°A,18,2026-06-17,P
8°A,18,2026-06-18,F
8°A,18,2026-06-19,P
8°A,18,2026-06-22,P
8°A,18,2026-06-23,P
8°A,18,2026-06-24,F
8°A,18,2026-06-25,P
8°A,18,2026-06-26,P
8°A,18,2026-06-29,P
8°A,18,2026-06-30,F
8°A,18,2026-07-01,F
8°A,18,2026-07-02,F
8°A,18,2026-07-03,P
8°A,18,2026-07-28,P
8°A,18,2026-07-31,P
8°A,18,2026-08-03,P
8°A,18,2026-08-04,P
8°A,18,2026-08-10,P
8°A,18,2026-08-11,P
8°A,18,2026-08-14,P
8°A,18,2026-08-17,P
8°A,18,2026-08-18,P
8°A,18,2026-08-20,P
8°A,18,2026-08-21,P
8°A,18,2026-08-24,F
8°A,18,2026-08-25,P
8°A,18,2026-08-27,P
8°A,18,2026-08-28,P
8°A,18,2026-08-31,P
8°A,19,2026-05-04,P
8°A,19,2026-05-05,P
8°A,19,2026-05-06,P
8°A,19,2026-05-07,P
8°A,19,2026-05-08,P
8°A,19,2026-05-11,F
8°A,19,2026-05-12,P
8°A,19,2026-05-13,P
8°A,19,2026-05-14,P
8°A,19,2026-05-15,P
8°A,19,2026-05-18,P
8°A,19,2026-05-19,P
8°A,19,2026-05-20,P
8°A,19,2026-05-21,P
8°A,19,2026-05-22,P
8°A,19,2026-05-25,P
8°A,19,2026-05-26,P
8°A,19,2026-05-27,P
8°A,19,2026-05-28,P
8°A,19,2026-05-29,P
8°A,19,2026-06-01,P
8°A,19,2026-06-02,P
8°A,19,2026-06-03,P
8°A,19,2026-06-08,F
8°A,19,2026-06-09,F
8°A,19,2026-06-10,F
8°A,19,2026-06-11,F
8°A,19,2026-06-12,F
8°A,19,2026-06-15,P
8°A,19,2026-06-16,P
8°A,19,2026-06-17,P
8°A,19,2026-06-18,P
8°A,19,2026-06-19,F
8°A,19,2026-06-22,P
8°A,19,2026-06-23,P
8°A,19,2026-06-24,P
8°A,19,2026-06-25,P
8°A,19,2026-06-26,P
8°A,19,2026-06-29,P
8°A,19,2026-06-30,P
8°A,19,2026-07-01,P
8°A,19,2026-07-02,F
8°A,19,2026-07-03,P
8°A,19,2026-07-28,P
8°A,19,2026-07-31,P
8°A,19,2026-08-03,P
8°A,19,2026-08-04,P
8°A,19,2026-08-10,P
8°A,19,2026-08-11,P
8°A,19,2026-08-14,P
8°A,19,2026-08-17,F
8°A,19,2026-08-18,P
8°A,19,2026-08-20,P
8°A,19,2026-08-21,P
8°A,19,2026-08-24,P
8°A,19,2026-08-25,P
8°A,19,2026-08-27,P
8°A,19,2026-08-28,P
8°A,19,2026-08-31,P
8°A,20,2026-05-04,F
8°A,20,2026-05-05,P
8°A,20,2026-05-06,P
8°A,20,2026-05-07,P
8°A,20,2026-05-08,P
8°A,20,2026-05-11,P
8°A,20,2026-05-12,P
8°A,20,2026-05-13,P
8°A,20,2026-05-14,P
8°A,20,2026-05-15,P
8°A,20,2026-05-18,P
8°A,20,2026-05-19,F
8°A,20,2026-05-20,P
8°A,20,2026-05-21,F
8°A,20,2026-05-22,F
8°A,20,2026-05-25,P
8°A,20,2026-05-26,P
8°A,20,2026-05-27,P
8°A,20,2026-05-28,P
8°A,20,2026-05-29,P
8°A,20,2026-06-01,F
8°A,20,2026-06-02,P
8°A,20,2026-06-03,P
8°A,20,2026-06-08,P
8°A,20,2026-06-09,P
8°A,20,2026-06-10,P
8°A,20,2026-06-11,F
8°A,20,2026-06-12,P
8°A,20,2026-06-15,F
8°A,20,2026-06-16,F
8°A,20,2026-06-17,P
8°A,20,2026-06-18,F
8°A,20,2026-06-19,P
8°A,20,2026-06-22,P
8°A,20,2026-06-23,P
8°A,20,2026-06-24,F
8°A,20,2026-06-25,P
8°A,20,2026-06-26,P
8°A,20,2026-06-29,P
8°A,20,2026-06-30,F
8°A,20,2026-07-01,P
8°A,20,2026-07-02,F
8°A,20,2026-07-03,P
8°A,20,2026-07-28,P
8°A,20,2026-07-31,P
8°A,20,2026-08-03,P
8°A,20,2026-08-04,P
8°A,20,2026-08-10,F
8°A,20,2026-08-11,F
8°A,20,2026-08-14,P
8°A,20,2026-08-17,P
8°A,20,2026-08-18,P
8°A,20,2026-08-20,P
8°A,20,2026-08-21,P
8°A,20,2026-08-24,F
8°A,20,2026-08-25,P
8°A,20,2026-08-27,P
8°A,20,2026-08-28,F
8°A,20,2026-08-31,F
8°A,21,2026-05-04,P
8°A,21,2026-05-05,P
8°A,21,2026-05-06,P
8°A,21,2026-05-07,P
8°A,21,2026-05-08,F
8°A,21,2026-05-11,P
8°A,21,2026-05-12,P
8°A,21,2026-05-13,P
8°A,21,2026-05-14,P
8°A,21,2026-05-15,P
8°A,21,2026-05-18,P
8°A,21,2026-05-19,P
8°A,21,2026-05-20,P
8°A,21,2026-05-21,P
8°A,21,2026-05-22,P
8°A,21,2026-05-25,P
8°A,21,2026-05-26,P
8°A,21,2026-05-27,P
8°A,21,2026-05-28,P
8°A,21,2026-05-29,P
8°A,21,2026-06-01,P
8°A,21,2026-06-02,P
8°A,21,2026-06-03,F
8°A,21,2026-06-08,P
8°A,21,2026-06-09,P
8°A,21,2026-06-10,P
8°A,21,2026-06-11,P
8°A,21,2026-06-12,P
8°A,21,2026-06-15,F
8°A,21,2026-06-16,P
8°A,21,2026-06-17,P
8°A,21,2026-06-18,P
8°A,21,2026-06-19,P
8°A,21,2026-06-22,P
8°A,21,2026-06-23,P
8°A,21,2026-06-24,F
8°A,21,2026-06-25,P
8°A,21,2026-06-26,P
8°A,21,2026-06-29,P
8°A,21,2026-06-30,P
8°A,21,2026-07-01,P
8°A,21,2026-07-02,F
8°A,21,2026-07-03,P
8°A,21,2026-07-28,P
8°A,21,2026-07-31,P
8°A,21,2026-08-03,P
8°A,21,2026-08-04,P
8°A,21,2026-08-10,P
8°A,21,2026-08-11,P
8°A,21,2026-08-14,P
8°A,21,2026-08-17,P
8°A,21,2026-08-18,P
8°A,21,2026-08-20,P
8°A,21,2026-08-21,P
8°A,21,2026-08-24,P
8°A,21,2026-08-25,P
8°A,21,2026-08-27,P
8°A,21,2026-08-28,P
8°A,21,2026-08-31,F
8°A,22,2026-05-04,P
8°A,22,2026-05-05,P
8°A,22,2026-05-06,P
8°A,22,2026-05-07,P
8°A,22,2026-05-08,F
8°A,22,2026-05-11,P
8°A,22,2026-05-12,P
8°A,22,2026-05-13,P
8°A,22,2026-05-14,P
8°A,22,2026-05-15,F
8°A,22,2026-05-18,P
8°A,22,2026-05-19,P
8°A,22,2026-05-20,P
8°A,22,2026-05-21,P
8°A,22,2026-05-22,P
8°A,22,2026-05-25,F
8°A,22,2026-05-26,P
8°A,22,2026-05-27,F
8°A,22,2026-05-28,F
8°A,22,2026-05-29,P
8°A,22,2026-06-01,P
8°A,22,2026-06-02,P
8°A,22,2026-06-03,F
8°A,22,2026-06-08,P
8°A,22,2026-06-09,P
8°A,22,2026-06-10,P
8°A,22,2026-06-11,F
8°A,22,2026-06-12,P
8°A,22,2026-06-15,F
8°A,22,2026-06-16,P
8°A,22,2026-06-17,P
8°A,22,2026-06-18,P
8°A,22,2026-06-19,F
8°A,22,2026-06-22,F
8°A,22,2026-06-23,F
8°A,22,2026-06-24,F
8°A,22,2026-06-25,F
8°A,22,2026-06-26,P
8°A,22,2026-06-29,F
8°A,22,2026-06-30,P
8°A,22,2026-07-01,F
8°A,22,2026-07-02,F
8°A,22,2026-07-03,F
8°A,22,2026-07-28,F
8°A,22,2026-07-31,P
8°A,22,2026-08-03,F
8°A,22,2026-08-04,F
8°A,22,2026-08-10,F
8°A,22,2026-08-11,F
8°A,22,2026-08-14,P
8°A,22,2026-08-17,F
8°A,22,2026-08-18,P
8°A,22,2026-08-20,F
8°A,22,2026-08-21,P
8°A,22,2026-08-24,F
8°A,22,2026-08-25,P
8°A,22,2026-08-27,P
8°A,22,2026-08-28,F
8°A,22,2026-08-31,F
8°A,23,2026-05-04,P
8°A,23,2026-05-05,P
8°A,23,2026-05-06,P
8°A,23,2026-05-07,F
8°A,23,2026-05-08,P
8°A,23,2026-05-11,P
8°A,23,2026-05-12,P
8°A,23,2026-05-13,P
8°A,23,2026-05-14,P
8°A,23,2026-05-15,F
8°A,23,2026-05-18,F
8°A,23,2026-05-19,P
8°A,23,2026-05-20,P
8°A,23,2026-05-21,P
8°A,23,2026-05-22,F
8°A,23,2026-05-25,F
8°A,23,2026-05-26,P
8°A,23,2026-05-27,P
8°A,23,2026-05-28,P
8°A,23,2026-05-29,P
8°A,23,2026-06-01,P
8°A,23,2026-06-02,P
8°A,23,2026-06-03,P
8°A,23,2026-06-08,P
8°A,23,2026-06-09,P
8°A,23,2026-06-10,F
8°A,23,2026-06-11,P
8°A,23,2026-06-12,P
8°A,23,2026-06-15,F
8°A,23,2026-06-16,P
8°A,23,2026-06-17,P
8°A,23,2026-06-18,P
8°A,23,2026-06-19,F
8°A,23,2026-06-22,P
8°A,23,2026-06-23,P
8°A,23,2026-06-24,F
8°A,23,2026-06-25,P
8°A,23,2026-06-26,P
8°A,23,2026-06-29,F
8°A,23,2026-06-30,P
8°A,23,2026-07-01,F
8°A,23,2026-07-02,F
8°A,23,2026-07-03,F
8°A,23,2026-07-28,P
8°A,23,2026-07-31,P
8°A,23,2026-08-03,F
8°A,23,2026-08-04,P
8°A,23,2026-08-10,F
8°A,23,2026-08-11,P
8°A,23,2026-08-14,P
8°A,23,2026-08-17,F
8°A,23,2026-08-18,P
8°A,23,2026-08-20,P
8°A,23,2026-08-21,P
8°A,23,2026-08-24,P
8°A,23,2026-08-25,P
8°A,23,2026-08-27,P
8°A,23,2026-08-28,P
8°A,23,2026-08-31,P
8°A,24,2026-05-04,P
8°A,24,2026-05-05,P
8°A,24,2026-05-06,P
8°A,24,2026-05-07,P
8°A,24,2026-05-08,P
8°A,24,2026-05-11,F
8°A,24,2026-05-12,P
8°A,24,2026-05-13,P
8°A,24,2026-05-14,P
8°A,24,2026-05-15,P
8°A,24,2026-05-18,P
8°A,24,2026-05-19,F
8°A,24,2026-05-20,P
8°A,24,2026-05-21,P
8°A,24,2026-05-22,P
8°A,24,2026-05-25,F
8°A,24,2026-05-26,F
8°A,24,2026-05-27,P
8°A,24,2026-05-28,P
8°A,24,2026-05-29,P
8°A,24,2026-06-01,P
8°A,24,2026-06-02,P
8°A,24,2026-06-03,F
8°A,24,2026-06-08,P
8°A,24,2026-06-09,P
8°A,24,2026-06-10,P
8°A,24,2026-06-11,P
8°A,24,2026-06-12,F
8°A,24,2026-06-15,F
8°A,24,2026-06-16,P
8°A,24,2026-06-17,P
8°A,24,2026-06-18,F
8°A,24,2026-06-19,P
8°A,24,2026-06-22,P
8°A,24,2026-06-23,P
8°A,24,2026-06-24,P
8°A,24,2026-06-25,P
8°A,24,2026-06-26,P
8°A,24,2026-06-29,F
8°A,24,2026-06-30,F
8°A,24,2026-07-01,F
8°A,24,2026-07-02,F
8°A,24,2026-07-03,F
8°A,24,2026-07-28,F
8°A,24,2026-07-31,F
8°A,24,2026-08-03,F
8°A,24,2026-08-04,F
8°A,24,2026-08-10,F
8°A,24,2026-08-11,F
8°A,24,2026-08-14,F
8°A,24,2026-08-17,F
8°A,24,2026-08-18,F
8°A,24,2026-08-20,F
8°A,24,2026-08-21,F
8°A,24,2026-08-24,F
8°A,24,2026-08-25,F
8°A,24,2026-08-27,F
8°A,24,2026-08-28,F
8°A,24,2026-08-31,P
8°A,25,2026-05-04,F
8°A,25,2026-05-05,P
8°A,25,2026-05-06,P
8°A,25,2026-05-07,P
8°A,25,2026-05-08,F
8°A,25,2026-05-11,F
8°A,25,2026-05-12,P
8°A,25,2026-05-13,P
8°A,25,2026-05-14,P
8°A,25,2026-05-15,P
8°A,25,2026-05-18,P
8°A,25,2026-05-19,P
8°A,25,2026-05-20,F
8°A,25,2026-05-21,P
8°A,25,2026-05-22,P
8°A,25,2026-05-25,F
8°A,25,2026-05-26,P
8°A,25,2026-05-27,F
8°A,25,2026-05-28,P
8°A,25,2026-05-29,P
8°A,25,2026-06-01,P
8°A,25,2026-06-02,F
8°A,25,2026-06-03,F
8°A,25,2026-06-08,P
8°A,25,2026-06-09,F
8°A,25,2026-06-10,P
8°A,25,2026-06-11,F
8°A,25,2026-06-12,F
8°A,25,2026-06-15,P
8°A,25,2026-06-16,F
8°A,25,2026-06-17,P
8°A,25,2026-06-18,F
8°A,25,2026-06-19,F
8°A,25,2026-06-22,P
8°A,25,2026-06-23,F
8°A,25,2026-06-24,F
8°A,25,2026-06-25,F
8°A,25,2026-06-26,F
8°A,25,2026-06-29,F
8°A,25,2026-06-30,P
8°A,25,2026-07-01,P
8°A,25,2026-07-02,F
8°A,25,2026-07-03,P
8°A,25,2026-07-28,P
8°A,25,2026-07-31,P
8°A,25,2026-08-03,P
8°A,25,2026-08-04,P
8°A,25,2026-08-10,
8°A,25,2026-08-11,
8°A,25,2026-08-14,
8°A,25,2026-08-17,
8°A,25,2026-08-20,F
8°A,25,2026-08-21,
8°A,25,2026-08-24,
8°A,25,2026-08-25,
8°A,25,2026-08-31,
8°A,26,2026-05-04,P
8°A,26,2026-05-05,P
8°A,26,2026-05-06,P
8°A,26,2026-05-07,P
8°A,26,2026-05-08,P
8°A,26,2026-05-11,P
8°A,26,2026-05-12,P
8°A,26,2026-05-13,P
8°A,26,2026-05-14,P
8°A,26,2026-05-15,P
8°A,26,2026-05-18,P
8°A,26,2026-05-19,P
8°A,26,2026-05-20,P
8°A,26,2026-05-21,P
8°A,26,2026-05-22,P
8°A,26,2026-05-25,P
8°A,26,2026-05-26,P
8°A,26,2026-05-27,P
8°A,26,2026-05-28,P
8°A,26,2026-05-29,P
8°A,26,2026-06-01,P
8°A,26,2026-06-02,P
8°A,26,2026-06-03,P
8°A,26,2026-06-08,F
8°A,26,2026-06-09,P
8°A,26,2026-06-10,P
8°A,26,2026-06-11,P
8°A,26,2026-06-12,P
8°A,26,2026-06-15,P
8°A,26,2026-06-16,P
8°A,26,2026-06-17,P
8°A,26,2026-06-18,P
8°A,26,2026-06-19,P
8°A,26,2026-06-22,F
8°A,26,2026-06-23,P
8°A,26,2026-06-24,P
8°A,26,2026-06-25,P
8°A,26,2026-06-26,P
8°A,26,2026-06-29,P
8°A,26,2026-06-30,P
8°A,26,2026-07-01,P
8°A,26,2026-07-02,P
8°A,26,2026-07-03,P
8°A,26,2026-07-28,P
8°A,26,2026-07-31,P
8°A,26,2026-08-03,P
8°A,26,2026-08-04,P
8°A,26,2026-08-10,P
8°A,26,2026-08-11,P
8°A,26,2026-08-14,P
8°A,26,2026-08-17,P
8°A,26,2026-08-18,P
8°A,26,2026-08-20,P
8°A,26,2026-08-21,P
8°A,26,2026-08-24,P
8°A,26,2026-08-25,P
8°A,26,2026-08-27,P
8°A,26,2026-08-28,P
8°A,26,2026-08-31,P
8°A,27,2026-05-04,F
8°A,27,2026-05-05,P
8°A,27,2026-05-06,P
8°A,27,2026-05-07,F
8°A,27,2026-05-08,F
8°A,27,2026-05-11,P
8°A,27,2026-05-12,P
8°A,27,2026-05-13,P
8°A,27,2026-05-14,F
8°A,27,2026-05-15,P
8°A,27,2026-05-18,F
8°A,27,2026-05-19,F
8°A,27,2026-05-20,P
8°A,27,2026-05-21,P
8°A,27,2026-05-22,P
8°A,27,2026-05-25,P
8°A,27,2026-05-26,P
8°A,27,2026-05-27,F
8°A,27,2026-05-28,P
8°A,27,2026-05-29,F
8°A,27,2026-06-01,F
8°A,27,2026-06-02,P
8°A,27,2026-06-03,F
8°A,27,2026-06-08,F
8°A,27,2026-06-09,F
8°A,27,2026-06-10,P
8°A,27,2026-06-11,F
8°A,27,2026-06-12,P
8°A,27,2026-06-15,F
8°A,27,2026-06-16,P
8°A,27,2026-06-17,P
8°A,27,2026-06-18,F
8°A,27,2026-06-19,F
8°A,27,2026-06-22,F
8°A,27,2026-06-23,F
8°A,27,2026-06-24,F
8°A,27,2026-06-25,P
8°A,27,2026-06-26,F
8°A,27,2026-06-29,F
8°A,27,2026-06-30,P
8°A,27,2026-07-01,P
8°A,27,2026-07-02,P
8°A,27,2026-07-03,P
8°A,27,2026-07-28,P
8°A,27,2026-07-31,P
8°A,27,2026-08-03,P
8°A,27,2026-08-04,P
8°A,27,2026-08-10,P
8°A,27,2026-08-11,F
8°A,27,2026-08-14,P
8°A,27,2026-08-17,P
8°A,27,2026-08-18,P
8°A,27,2026-08-20,P
8°A,27,2026-08-21,P
8°A,27,2026-08-24,P
8°A,27,2026-08-25,P
8°A,27,2026-08-27,P
8°A,27,2026-08-28,P
8°A,27,2026-08-31,P
8°A,28,2026-05-04,F
8°A,28,2026-05-05,P
8°A,28,2026-05-06,P
8°A,28,2026-05-07,P
8°A,28,2026-05-08,P
8°A,28,2026-05-11,F
8°A,28,2026-05-12,P
8°A,28,2026-05-13,P
8°A,28,2026-05-14,F
8°A,28,2026-05-15,P
8°A,28,2026-05-18,F
8°A,28,2026-05-19,P
8°A,28,2026-05-20,P
8°A,28,2026-05-21,P
8°A,28,2026-05-22,P
8°A,28,2026-05-25,P
8°A,28,2026-05-26,P
8°A,28,2026-05-27,P
8°A,28,2026-05-28,P
8°A,28,2026-05-29,P
8°A,28,2026-06-01,P
8°A,28,2026-06-02,P
8°A,28,2026-06-03,F
8°A,28,2026-06-08,P
8°A,28,2026-06-09,P
8°A,28,2026-06-10,P
8°A,28,2026-06-11,P
8°A,28,2026-06-12,P
8°A,28,2026-06-15,P
8°A,28,2026-06-16,P
8°A,28,2026-06-17,F
8°A,28,2026-06-18,P
8°A,28,2026-06-19,P
8°A,28,2026-06-22,P
8°A,28,2026-06-23,P
8°A,28,2026-06-24,P
8°A,28,2026-06-25,P
8°A,28,2026-06-26,F
8°A,28,2026-06-29,P
8°A,28,2026-06-30,P
8°A,28,2026-07-01,P
8°A,28,2026-07-02,F
8°A,28,2026-07-03,P
8°A,28,2026-07-28,P
8°A,28,2026-07-31,P
8°A,28,2026-08-03,P
8°A,28,2026-08-04,P
8°A,28,2026-08-10,P
8°A,28,2026-08-11,P
8°A,28,2026-08-14,P
8°A,28,2026-08-17,P
8°A,28,2026-08-18,P
8°A,28,2026-08-20,P
8°A,28,2026-08-21,P
8°A,28,2026-08-24,P
8°A,28,2026-08-25,P
8°A,28,2026-08-27,P
8°A,28,2026-08-28,P
8°A,28,2026-08-31,P
8°A,29,2026-05-04,-
8°A,29,2026-05-05,-
8°A,29,2026-05-06,-
8°A,29,2026-05-07,-
8°A,29,2026-05-08,-
8°A,29,2026-05-11,-
8°A,29,2026-05-12,-
8°A,29,2026-05-13,-
8°A,29,2026-05-14,-
8°A,29,2026-05-15,-
8°A,29,2026-05-18,-
8°A,29,2026-05-19,-
8°A,29,2026-05-20,-
8°A,29,2026-05-21,-
8°A,29,2026-05-22,-
8°A,29,2026-05-25,-
8°A,29,2026-05-26,-
8°A,29,2026-05-27,-
8°A,29,2026-05-28,-
8°A,29,2026-05-29,-
8°A,29,2026-06-01,-
8°A,29,2026-06-02,-
8°A,29,2026-06-03,-
8°A,29,2026-06-08,-
8°A,29,2026-06-09,-
8°A,29,2026-06-10,-
8°A,29,2026-06-11,-
8°A,29,2026-06-12,-
8°A,29,2026-06-15,-
8°A,29,2026-06-16,-
8°A,29,2026-06-17,-
8°A,29,2026-06-18,-
8°A,29,2026-06-19,-
8°A,29,2026-06-22,-
8°A,29,2026-06-23,-
8°A,29,2026-06-24,-
8°A,29,2026-06-25,-
8°A,29,2026-06-26,-
8°A,29,2026-06-29,-
8°A,29,2026-06-30,-
8°A,29,2026-07-01,-
8°A,29,2026-07-02,-
8°A,29,2026-07-03,-
8°A,29,2026-07-28,-
8°A,29,2026-07-29,-
8°A,29,2026-07-30,-
8°A,29,2026-07-31,P
8°A,29,2026-08-03,-
8°A,29,2026-08-04,-
8°A,29,2026-08-05,-
8°A,29,2026-08-06,-
8°A,29,2026-08-07,-
8°A,29,2026-08-10,-
8°A,29,2026-08-11,-
8°A,29,2026-08-24,P
8°A,29,2026-08-25,P
8°A,29,2026-08-27,F
8°A,29,2026-08-28,P
8°A,29,2026-08-31,F
8°B,2,2026-05-04,P
8°B,2,2026-05-05,P
8°B,2,2026-05-06,P
8°B,2,2026-05-07,P
8°B,2,2026-05-08,P
8°B,2,2026-05-11,P
8°B,2,2026-05-12,P
8°B,2,2026-05-13,F
8°B,2,2026-05-14,P
8°B,2,2026-05-15,P
8°B,2,2026-05-18,P
8°B,2,2026-05-19,P
8°B,2,2026-05-20,P
8°B,2,2026-05-21,P
8°B,2,2026-05-22,F
8°B,2,2026-05-25,P
8°B,2,2026-05-26,P
8°B,2,2026-05-27,P
8°B,2,2026-05-28,P
8°B,2,2026-05-29,P
8°B,2,2026-06-01,P
8°B,2,2026-06-02,P
8°B,2,2026-06-03,F
8°B,2,2026-06-08,P
8°B,2,2026-06-09,P
8°B,2,2026-06-10,P
8°B,2,2026-06-11,P
8°B,2,2026-06-12,F
8°B,2,2026-06-15,P
8°B,2,2026-06-16,P
8°B,2,2026-06-17,F
8°B,2,2026-06-18,P
8°B,2,2026-06-19,P
8°B,2,2026-06-22,F
8°B,2,2026-06-23,P
8°B,2,2026-06-24,P
8°B,2,2026-06-25,P
8°B,2,2026-06-26,F
8°B,2,2026-06-29,P
8°B,2,2026-06-30,F
8°B,2,2026-07-01,P
8°B,2,2026-07-02,F
8°B,2,2026-07-03,P
8°B,2,2026-07-28,P
8°B,2,2026-07-29,P
8°B,2,2026-07-30,P
8°B,2,2026-07-31,F
8°B,2,2026-08-03,P
8°B,2,2026-08-10,P
8°B,2,2026-08-12,P
8°B,2,2026-08-14,F
8°B,2,2026-08-17,P
8°B,2,2026-08-18,P
8°B,2,2026-08-19,F
8°B,2,2026-08-20,P
8°B,2,2026-08-21,P
8°B,2,2026-08-24,P
8°B,2,2026-08-27,P
8°B,2,2026-08-28,P
8°B,2,2026-08-31,F
8°B,3,2026-05-04,P
8°B,3,2026-05-05,P
8°B,3,2026-05-06,F
8°B,3,2026-05-07,F
8°B,3,2026-05-08,P
8°B,3,2026-05-11,P
8°B,3,2026-05-12,P
8°B,3,2026-05-13,P
8°B,3,2026-05-14,P
8°B,3,2026-05-15,P
8°B,3,2026-05-18,P
8°B,3,2026-05-19,P
8°B,3,2026-05-20,P
8°B,3,2026-05-21,P
8°B,3,2026-05-22,P
8°B,3,2026-05-25,P
8°B,3,2026-05-26,P
8°B,3,2026-05-27,P
8°B,3,2026-05-28,P
8°B,3,2026-05-29,P
8°B,3,2026-06-01,P
8°B,3,2026-06-02,P
8°B,3,2026-06-03,F
8°B,3,2026-06-08,P
8°B,3,2026-06-09,P
8°B,3,2026-06-10,P
8°B,3,2026-06-11,P
8°B,3,2026-06-12,P
8°B,3,2026-06-15,F
8°B,3,2026-06-16,P
8°B,3,2026-06-17,P
8°B,3,2026-06-18,P
8°B,3,2026-06-19,P
8°B,3,2026-06-22,P
8°B,3,2026-06-23,P
8°B,3,2026-06-24,P
8°B,3,2026-06-25,F
8°B,3,2026-06-26,F
8°B,3,2026-06-29,P
8°B,3,2026-06-30,P
8°B,3,2026-07-01,P
8°B,3,2026-07-02,P
8°B,3,2026-07-03,F
8°B,3,2026-07-28,P
8°B,3,2026-07-29,P
8°B,3,2026-07-30,F
8°B,3,2026-07-31,P
8°B,3,2026-08-03,P
8°B,3,2026-08-10,F
8°B,3,2026-08-12,P
8°B,3,2026-08-14,P
8°B,3,2026-08-17,P
8°B,3,2026-08-18,P
8°B,3,2026-08-19,P
8°B,3,2026-08-20,F
8°B,3,2026-08-21,P
8°B,3,2026-08-24,P
8°B,3,2026-08-27,P
8°B,3,2026-08-28,P
8°B,3,2026-08-31,P
8°B,4,2026-05-04,P
8°B,4,2026-05-05,P
8°B,4,2026-05-06,P
8°B,4,2026-05-07,P
8°B,4,2026-05-08,F
8°B,4,2026-05-11,P
8°B,4,2026-05-12,P
8°B,4,2026-05-13,P
8°B,4,2026-05-14,F
8°B,4,2026-05-15,P
8°B,4,2026-05-18,P
8°B,4,2026-05-19,P
8°B,4,2026-05-20,P
8°B,4,2026-05-21,P
8°B,4,2026-05-22,P
8°B,4,2026-05-25,F
8°B,4,2026-05-26,P
8°B,4,2026-05-27,P
8°B,4,2026-05-28,P
8°B,4,2026-05-29,F
8°B,4,2026-06-01,P
8°B,4,2026-06-02,P
8°B,4,2026-06-03,P
8°B,4,2026-06-08,P
8°B,4,2026-06-09,P
8°B,4,2026-06-10,P
8°B,4,2026-06-11,P
8°B,4,2026-06-12,P
8°B,4,2026-06-15,P
8°B,4,2026-06-16,P
8°B,4,2026-06-17,P
8°B,4,2026-06-18,P
8°B,4,2026-06-19,P
8°B,4,2026-06-22,F
8°B,4,2026-06-23,P
8°B,4,2026-06-24,P
8°B,4,2026-06-25,P
8°B,4,2026-06-26,P
8°B,4,2026-06-29,P
8°B,4,2026-06-30,P
8°B,4,2026-07-01,F
8°B,4,2026-07-02,F
8°B,4,2026-07-03,P
8°B,4,2026-07-28,P
8°B,4,2026-07-29,P
8°B,4,2026-07-30,P
8°B,4,2026-07-31,P
8°B,4,2026-08-03,P
8°B,4,2026-08-10,P
8°B,4,2026-08-12,P
8°B,4,2026-08-14,P
8°B,4,2026-08-17,P
8°B,4,2026-08-18,P
8°B,4,2026-08-19,P
8°B,4,2026-08-20,P
8°B,4,2026-08-21,P
8°B,4,2026-08-24,P
8°B,4,2026-08-27,P
8°B,4,2026-08-28,P
8°B,4,2026-08-31,F
8°B,5,2026-05-04,P
8°B,5,2026-05-05,P
8°B,5,2026-05-06,P
8°B,5,2026-05-07,P
8°B,5,2026-05-08,F
8°B,5,2026-05-11,F
8°B,5,2026-05-12,P
8°B,5,2026-05-13,P
8°B,5,2026-05-14,P
8°B,5,2026-05-15,P
8°B,5,2026-05-18,P
8°B,5,2026-05-19,F
8°B,5,2026-05-20,P
8°B,5,2026-05-21,P
8°B,5,2026-05-22,P
8°B,5,2026-05-25,P
8°B,5,2026-05-26,P
8°B,5,2026-05-27,P
8°B,5,2026-05-28,P
8°B,5,2026-05-29,F
8°B,5,2026-06-01,P
8°B,5,2026-06-02,P
8°B,5,2026-06-03,P
8°B,5,2026-06-08,F
8°B,5,2026-06-09,P
8°B,5,2026-06-10,F
8°B,5,2026-06-11,P
8°B,5,2026-06-12,P
8°B,5,2026-06-15,P
8°B,5,2026-06-16,P
8°B,5,2026-06-17,P
8°B,5,2026-06-18,F
8°B,5,2026-06-19,P
8°B,5,2026-06-22,P
8°B,5,2026-06-23,P
8°B,5,2026-06-24,P
8°B,5,2026-06-25,F
8°B,5,2026-06-26,P
8°B,5,2026-06-29,P
8°B,5,2026-06-30,P
8°B,5,2026-07-01,P
8°B,5,2026-07-02,P
8°B,5,2026-07-03,F
8°B,5,2026-07-28,F
8°B,5,2026-07-29,P
8°B,5,2026-07-30,F
8°B,5,2026-07-31,P
8°B,5,2026-08-03,F
8°B,5,2026-08-10,P
8°B,5,2026-08-12,P
8°B,5,2026-08-14,P
8°B,5,2026-08-17,P
8°B,5,2026-08-18,P
8°B,5,2026-08-19,P
8°B,5,2026-08-20,P
8°B,5,2026-08-21,F
8°B,5,2026-08-24,P
8°B,5,2026-08-27,P
8°B,5,2026-08-28,F
8°B,5,2026-08-31,F
8°B,6,2026-05-04,P
8°B,6,2026-05-05,P
8°B,6,2026-05-06,P
8°B,6,2026-05-07,F
8°B,6,2026-05-08,F
8°B,6,2026-05-11,F
8°B,6,2026-05-12,P
8°B,6,2026-05-13,F
8°B,6,2026-05-14,P
8°B,6,2026-05-15,P
8°B,6,2026-05-18,P
8°B,6,2026-05-19,P
8°B,6,2026-05-20,P
8°B,6,2026-05-21,F
8°B,6,2026-05-22,P
8°B,6,2026-05-25,P
8°B,6,2026-05-26,P
8°B,6,2026-05-27,P
8°B,6,2026-05-28,P
8°B,6,2026-05-29,P
8°B,6,2026-06-01,F
8°B,6,2026-06-02,P
8°B,6,2026-06-03,F
8°B,6,2026-06-08,P
8°B,6,2026-06-09,P
8°B,6,2026-06-10,P
8°B,6,2026-06-11,P
8°B,6,2026-06-12,F
8°B,6,2026-06-15,F
8°B,6,2026-06-16,P
8°B,6,2026-06-17,P
8°B,6,2026-06-18,F
8°B,6,2026-06-19,P
8°B,6,2026-06-22,F
8°B,6,2026-06-23,F
8°B,6,2026-06-24,P
8°B,6,2026-06-25,P
8°B,6,2026-06-26,F
8°B,6,2026-06-29,P
8°B,6,2026-06-30,F
8°B,6,2026-07-01,F
8°B,6,2026-07-02,F
8°B,6,2026-07-03,P
8°B,6,2026-07-28,F
8°B,6,2026-07-29,F
8°B,6,2026-07-30,P
8°B,6,2026-07-31,P
8°B,6,2026-08-03,P
8°B,6,2026-08-10,P
8°B,6,2026-08-12,P
8°B,6,2026-08-14,P
8°B,6,2026-08-17,P
8°B,6,2026-08-18,P
8°B,6,2026-08-19,P
8°B,6,2026-08-20,P
8°B,6,2026-08-21,P
8°B,6,2026-08-24,P
8°B,6,2026-08-27,P
8°B,6,2026-08-28,F
8°B,6,2026-08-31,F
8°B,7,2026-05-04,P
8°B,7,2026-05-05,P
8°B,7,2026-05-06,P
8°B,7,2026-05-07,P
8°B,7,2026-05-08,P
8°B,7,2026-05-11,P
8°B,7,2026-05-12,P
8°B,7,2026-05-13,P
8°B,7,2026-05-14,P
8°B,7,2026-05-15,P
8°B,7,2026-05-18,P
8°B,7,2026-05-19,P
8°B,7,2026-05-20,P
8°B,7,2026-05-21,P
8°B,7,2026-05-22,P
8°B,7,2026-05-25,F
8°B,7,2026-05-26,P
8°B,7,2026-05-27,P
8°B,7,2026-05-28,P
8°B,7,2026-05-29,P
8°B,7,2026-06-01,P
8°B,7,2026-06-02,P
8°B,7,2026-06-03,P
8°B,7,2026-06-08,P
8°B,7,2026-06-09,P
8°B,7,2026-06-10,P
8°B,7,2026-06-11,P
8°B,7,2026-06-12,P
8°B,7,2026-06-15,P
8°B,7,2026-06-16,P
8°B,7,2026-06-17,P
8°B,7,2026-06-18,P
8°B,7,2026-06-19,F
8°B,7,2026-06-22,P
8°B,7,2026-06-23,P
8°B,7,2026-06-24,P
8°B,7,2026-06-25,P
8°B,7,2026-06-26,P
8°B,7,2026-06-29,P
8°B,7,2026-06-30,P
8°B,7,2026-07-01,P
8°B,7,2026-07-02,P
8°B,7,2026-07-03,P
8°B,7,2026-07-28,P
8°B,7,2026-07-29,P
8°B,7,2026-07-30,P
8°B,7,2026-07-31,P
8°B,7,2026-08-03,P
8°B,7,2026-08-10,P
8°B,7,2026-08-12,P
8°B,7,2026-08-14,P
8°B,7,2026-08-17,P
8°B,7,2026-08-18,P
8°B,7,2026-08-19,P
8°B,7,2026-08-20,P
8°B,7,2026-08-21,P
8°B,7,2026-08-24,P
8°B,7,2026-08-27,P
8°B,7,2026-08-28,P
8°B,7,2026-08-31,F
8°B,8,2026-05-04,F
8°B,8,2026-05-05,P
8°B,8,2026-05-06,P
8°B,8,2026-05-07,P
8°B,8,2026-05-08,P
8°B,8,2026-05-11,P
8°B,8,2026-05-12,P
8°B,8,2026-05-13,P
8°B,8,2026-05-14,P
8°B,8,2026-05-15,P
8°B,8,2026-05-18,P
8°B,8,2026-05-19,P
8°B,8,2026-05-20,P
8°B,8,2026-05-21,F
8°B,8,2026-05-22,P
8°B,8,2026-05-25,P
8°B,8,2026-05-26,P
8°B,8,2026-05-27,P
8°B,8,2026-05-28,P
8°B,8,2026-05-29,P
8°B,8,2026-06-01,P
8°B,8,2026-06-02,P
8°B,8,2026-06-03,P
8°B,8,2026-06-08,P
8°B,8,2026-06-09,P
8°B,8,2026-06-10,P
8°B,8,2026-06-11,P
8°B,8,2026-06-12,P
8°B,8,2026-06-15,P
8°B,8,2026-06-16,F
8°B,8,2026-06-17,P
8°B,8,2026-06-18,P
8°B,8,2026-06-19,P
8°B,8,2026-06-22,P
8°B,8,2026-06-23,P
8°B,8,2026-06-24,P
8°B,8,2026-06-25,P
8°B,8,2026-06-26,F
8°B,8,2026-06-29,P
8°B,8,2026-06-30,F
8°B,8,2026-07-01,P
8°B,8,2026-07-02,F
8°B,8,2026-07-03,P
8°B,8,2026-07-28,P
8°B,8,2026-07-29,P
8°B,8,2026-07-30,F
8°B,8,2026-07-31,P
8°B,8,2026-08-03,P
8°B,8,2026-08-10,P
8°B,8,2026-08-12,P
8°B,8,2026-08-14,P
8°B,8,2026-08-17,P
8°B,8,2026-08-18,P
8°B,8,2026-08-19,P
8°B,8,2026-08-20,P
8°B,8,2026-08-21,P
8°B,8,2026-08-24,P
8°B,8,2026-08-27,P
8°B,8,2026-08-28,P
8°B,8,2026-08-31,F
8°B,9,2026-05-04,P
8°B,9,2026-05-05,P
8°B,9,2026-05-06,P
8°B,9,2026-05-07,P
8°B,9,2026-05-08,P
8°B,9,2026-05-11,P
8°B,9,2026-05-12,P
8°B,9,2026-05-13,P
8°B,9,2026-05-14,P
8°B,9,2026-05-15,P
8°B,9,2026-05-18,P
8°B,9,2026-05-19,P
8°B,9,2026-05-20,P
8°B,9,2026-05-21,P
8°B,9,2026-05-22,P
8°B,9,2026-05-25,P
8°B,9,2026-05-26,P
8°B,9,2026-05-27,P
8°B,9,2026-05-28,P
8°B,9,2026-05-29,P
8°B,9,2026-06-01,P
8°B,9,2026-06-02,P
8°B,9,2026-06-03,P
8°B,9,2026-06-08,P
8°B,9,2026-06-09,P
8°B,9,2026-06-10,P
8°B,9,2026-06-11,P
8°B,9,2026-06-12,P
8°B,9,2026-06-15,P
8°B,9,2026-06-16,P
8°B,9,2026-06-17,P
8°B,9,2026-06-18,P
8°B,9,2026-06-19,P
8°B,9,2026-06-22,P
8°B,9,2026-06-23,P
8°B,9,2026-06-24,P
8°B,9,2026-06-25,P
8°B,9,2026-06-26,P
8°B,9,2026-06-29,P
8°B,9,2026-06-30,P
8°B,9,2026-07-01,P
8°B,9,2026-07-02,P
8°B,9,2026-07-03,P
8°B,9,2026-07-28,P
8°B,9,2026-07-29,P
8°B,9,2026-07-30,P
8°B,9,2026-07-31,P
8°B,9,2026-08-03,P
8°B,9,2026-08-10,P
8°B,9,2026-08-12,P
8°B,9,2026-08-14,F
8°B,9,2026-08-17,P
8°B,9,2026-08-18,P
8°B,9,2026-08-19,F
8°B,9,2026-08-20,P
8°B,9,2026-08-21,P
8°B,9,2026-08-24,P
8°B,9,2026-08-27,P
8°B,9,2026-08-28,P
8°B,9,2026-08-31,P
8°B,10,2026-05-04,P
8°B,10,2026-05-05,P
8°B,10,2026-05-06,F
8°B,10,2026-05-07,P
8°B,10,2026-05-08,F
8°B,10,2026-05-11,P
8°B,10,2026-05-12,P
8°B,10,2026-05-13,F
8°B,10,2026-05-14,P
8°B,10,2026-05-15,P
8°B,10,2026-05-18,P
8°B,10,2026-05-19,P
8°B,10,2026-05-20,P
8°B,10,2026-05-21,P
8°B,10,2026-05-22,F
8°B,10,2026-05-25,P
8°B,10,2026-05-26,P
8°B,10,2026-05-27,P
8°B,10,2026-05-28,P
8°B,10,2026-05-29,P
8°B,10,2026-06-01,F
8°B,10,2026-06-02,F
8°B,10,2026-06-03,P
8°B,10,2026-06-08,F
8°B,10,2026-06-09,P
8°B,10,2026-06-10,P
8°B,10,2026-06-11,P
8°B,10,2026-06-12,P
8°B,10,2026-06-15,P
8°B,10,2026-06-16,P
8°B,10,2026-06-17,P
8°B,10,2026-06-18,P
8°B,10,2026-06-19,P
8°B,10,2026-06-22,P
8°B,10,2026-06-23,P
8°B,10,2026-06-24,P
8°B,10,2026-06-25,P
8°B,10,2026-06-26,P
8°B,10,2026-06-29,P
8°B,10,2026-06-30,P
8°B,10,2026-07-01,P
8°B,10,2026-07-02,P
8°B,10,2026-07-03,P
8°B,10,2026-07-28,P
8°B,10,2026-07-29,P
8°B,10,2026-07-30,P
8°B,10,2026-07-31,F
8°B,10,2026-08-03,P
8°B,10,2026-08-10,P
8°B,10,2026-08-12,F
8°B,10,2026-08-14,F
8°B,10,2026-08-17,P
8°B,10,2026-08-18,P
8°B,10,2026-08-19,P
8°B,10,2026-08-20,P
8°B,10,2026-08-21,F
8°B,10,2026-08-24,P
8°B,10,2026-08-27,P
8°B,10,2026-08-28,F
8°B,10,2026-08-31,P
8°B,11,2026-05-04,P
8°B,11,2026-05-05,P
8°B,11,2026-05-06,F
8°B,11,2026-05-07,P
8°B,11,2026-05-08,P
8°B,11,2026-05-11,P
8°B,11,2026-05-12,P
8°B,11,2026-05-13,P
8°B,11,2026-05-14,P
8°B,11,2026-05-15,P
8°B,11,2026-05-18,P
8°B,11,2026-05-19,P
8°B,11,2026-05-20,P
8°B,11,2026-05-21,P
8°B,11,2026-05-22,P
8°B,11,2026-05-25,P
8°B,11,2026-05-26,P
8°B,11,2026-05-27,P
8°B,11,2026-05-28,P
8°B,11,2026-05-29,P
8°B,11,2026-06-01,P
8°B,11,2026-06-02,P
8°B,11,2026-06-03,P
8°B,11,2026-06-08,F
8°B,11,2026-06-09,P
8°B,11,2026-06-10,P
8°B,11,2026-06-11,P
8°B,11,2026-06-12,P
8°B,11,2026-06-15,P
8°B,11,2026-06-16,P
8°B,11,2026-06-17,P
8°B,11,2026-06-18,P
8°B,11,2026-06-19,P
8°B,11,2026-06-22,P
8°B,11,2026-06-23,P
8°B,11,2026-06-24,F
8°B,11,2026-06-25,P
8°B,11,2026-06-26,P
8°B,11,2026-06-29,P
8°B,11,2026-06-30,P
8°B,11,2026-07-01,P
8°B,11,2026-07-02,P
8°B,11,2026-07-03,P
8°B,11,2026-07-28,P
8°B,11,2026-07-29,P
8°B,11,2026-07-30,P
8°B,11,2026-07-31,P
8°B,11,2026-08-03,P
8°B,11,2026-08-10,P
8°B,11,2026-08-12,P
8°B,11,2026-08-14,P
8°B,11,2026-08-17,P
8°B,11,2026-08-18,P
8°B,11,2026-08-19,P
8°B,11,2026-08-20,P
8°B,11,2026-08-21,P
8°B,11,2026-08-24,P
8°B,11,2026-08-27,P
8°B,11,2026-08-28,F
8°B,11,2026-08-31,P
8°B,12,2026-05-04,F
8°B,12,2026-05-05,P
8°B,12,2026-05-06,P
8°B,12,2026-05-07,P
8°B,12,2026-05-08,F
8°B,12,2026-05-11,P
8°B,12,2026-05-12,P
8°B,12,2026-05-13,P
8°B,12,2026-05-14,F
8°B,12,2026-05-15,F
8°B,12,2026-05-18,P
8°B,12,2026-05-19,P
8°B,12,2026-05-20,P
8°B,12,2026-05-21,P
8°B,12,2026-05-22,P
8°B,12,2026-05-25,P
8°B,12,2026-05-26,P
8°B,12,2026-05-27,P
8°B,12,2026-05-28,P
8°B,12,2026-05-29,P
8°B,12,2026-06-01,P
8°B,12,2026-06-02,P
8°B,12,2026-06-03,P
8°B,12,2026-06-08,P
8°B,12,2026-06-09,F
8°B,12,2026-06-10,P
8°B,12,2026-06-11,P
8°B,12,2026-06-12,P
8°B,12,2026-06-15,P
8°B,12,2026-06-16,P
8°B,12,2026-06-17,P
8°B,12,2026-06-18,F
8°B,12,2026-06-19,P
8°B,12,2026-06-22,F
8°B,12,2026-06-23,P
8°B,12,2026-06-24,F
8°B,12,2026-06-25,P
8°B,12,2026-06-26,P
8°B,12,2026-06-29,F
8°B,12,2026-06-30,-
8°B,12,2026-07-01,-
8°B,12,2026-07-02,-
8°B,12,2026-07-03,P
8°B,12,2026-07-28,F
8°B,12,2026-07-29,F
8°B,12,2026-07-30,F
8°B,12,2026-08-04,-
8°B,12,2026-08-05,-
8°B,12,2026-08-06,-
8°B,12,2026-08-07,-
8°B,12,2026-08-10,
8°B,12,2026-08-11,-
8°B,12,2026-08-12,
8°B,12,2026-08-13,-
8°B,12,2026-08-14,
8°B,12,2026-08-17,
8°B,12,2026-08-18,-
8°B,12,2026-08-19,
8°B,12,2026-08-20,-
8°B,12,2026-08-21,
8°B,12,2026-08-22,-
8°B,12,2026-08-24,-
8°B,12,2026-08-25,-
8°B,12,2026-08-26,-
8°B,12,2026-08-27,-
8°B,12,2026-08-28,
8°B,12,2026-08-31,
8°B,13,2026-05-04,-
8°B,13,2026-05-05,-
8°B,13,2026-05-06,-
8°B,13,2026-05-07,-
8°B,13,2026-05-08,-
8°B,13,2026-05-11,-
8°B,13,2026-05-12,-
8°B,13,2026-05-13,-
8°B,13,2026-05-14,-
8°B,13,2026-05-15,-
8°B,13,2026-05-19,-
8°B,13,2026-05-20,-
8°B,13,2026-05-21,-
8°B,13,2026-05-22,-
8°B,13,2026-05-26,-
8°B,13,2026-05-27,-
8°B,13,2026-05-28,-
8°B,13,2026-06-03,-
8°B,13,2026-07-01,-
8°B,13,2026-07-29,-
8°B,13,2026-08-10,
8°B,13,2026-08-12,
8°B,13,2026-08-14,
8°B,13,2026-08-17,
8°B,13,2026-08-19,
8°B,13,2026-08-21,
8°B,13,2026-08-28,
8°B,13,2026-08-31,
8°B,14,2026-05-04,P
8°B,14,2026-05-05,F
8°B,14,2026-05-06,F
8°B,14,2026-05-07,F
8°B,14,2026-05-08,F
8°B,14,2026-05-11,F
8°B,14,2026-05-12,P
8°B,14,2026-05-13,P
8°B,14,2026-05-14,P
8°B,14,2026-05-15,P
8°B,14,2026-05-18,P
8°B,14,2026-05-19,F
8°B,14,2026-05-20,P
8°B,14,2026-05-21,P
8°B,14,2026-05-22,F
8°B,14,2026-05-25,P
8°B,14,2026-05-26,P
8°B,14,2026-05-27,P
8°B,14,2026-05-28,P
8°B,14,2026-05-29,P
8°B,14,2026-06-01,P
8°B,14,2026-06-02,P
8°B,14,2026-06-03,F
8°B,14,2026-06-08,F
8°B,14,2026-06-09,P
8°B,14,2026-06-10,P
8°B,14,2026-06-11,P
8°B,14,2026-06-12,F
8°B,14,2026-06-15,P
8°B,14,2026-06-16,P
8°B,14,2026-06-17,F
8°B,14,2026-06-18,F
8°B,14,2026-06-19,P
8°B,14,2026-06-22,F
8°B,14,2026-06-23,F
8°B,14,2026-06-24,F
8°B,14,2026-06-25,P
8°B,14,2026-06-26,P
8°B,14,2026-06-29,P
8°B,14,2026-06-30,P
8°B,14,2026-07-01,P
8°B,14,2026-07-02,F
8°B,14,2026-07-03,F
8°B,14,2026-07-28,P
8°B,14,2026-07-29,P
8°B,14,2026-07-30,F
8°B,14,2026-07-31,P
8°B,14,2026-08-03,P
8°B,14,2026-08-10,P
8°B,14,2026-08-12,P
8°B,14,2026-08-14,P
8°B,14,2026-08-17,P
8°B,14,2026-08-18,P
8°B,14,2026-08-19,P
8°B,14,2026-08-20,P
8°B,14,2026-08-21,P
8°B,14,2026-08-24,F
8°B,14,2026-08-27,F
8°B,14,2026-08-28,P
8°B,14,2026-08-31,P
8°B,15,2026-05-04,P
8°B,15,2026-05-05,P
8°B,15,2026-05-06,P
8°B,15,2026-05-07,F
8°B,15,2026-05-08,P
8°B,15,2026-05-11,F
8°B,15,2026-05-12,P
8°B,15,2026-05-13,P
8°B,15,2026-05-14,P
8°B,15,2026-05-15,P
8°B,15,2026-05-18,P
8°B,15,2026-05-19,F
8°B,15,2026-05-20,P
8°B,15,2026-05-21,P
8°B,15,2026-05-22,P
8°B,15,2026-05-25,P
8°B,15,2026-05-26,P
8°B,15,2026-05-27,P
8°B,15,2026-05-28,P
8°B,15,2026-05-29,P
8°B,15,2026-06-01,F
8°B,15,2026-06-02,P
8°B,15,2026-06-03,F
8°B,15,2026-06-08,P
8°B,15,2026-06-09,P
8°B,15,2026-06-10,P
8°B,15,2026-06-11,P
8°B,15,2026-06-12,F
8°B,15,2026-06-15,P
8°B,15,2026-06-16,P
8°B,15,2026-06-17,P
8°B,15,2026-06-18,F
8°B,15,2026-06-19,P
8°B,15,2026-06-22,P
8°B,15,2026-06-23,P
8°B,15,2026-06-24,F
8°B,15,2026-06-25,P
8°B,15,2026-06-26,P
8°B,15,2026-06-29,P
8°B,15,2026-06-30,F
8°B,15,2026-07-01,P
8°B,15,2026-07-02,F
8°B,15,2026-07-03,P
8°B,15,2026-07-28,P
8°B,15,2026-07-29,P
8°B,15,2026-07-30,P
8°B,15,2026-07-31,P
8°B,15,2026-08-03,P
8°B,15,2026-08-10,F
8°B,15,2026-08-12,P
8°B,15,2026-08-14,P
8°B,15,2026-08-17,P
8°B,15,2026-08-18,P
8°B,15,2026-08-19,F
8°B,15,2026-08-20,P
8°B,15,2026-08-21,F
8°B,15,2026-08-24,P
8°B,15,2026-08-27,P
8°B,15,2026-08-28,F
8°B,15,2026-08-31,F
8°B,16,2026-05-04,F
8°B,16,2026-05-05,P
8°B,16,2026-05-06,P
8°B,16,2026-05-07,P
8°B,16,2026-05-08,P
8°B,16,2026-05-11,P
8°B,16,2026-05-12,P
8°B,16,2026-05-13,P
8°B,16,2026-05-14,P
8°B,16,2026-05-15,P
8°B,16,2026-05-18,P
8°B,16,2026-05-19,F
8°B,16,2026-05-20,P
8°B,16,2026-05-21,P
8°B,16,2026-05-22,P
8°B,16,2026-05-25,P
8°B,16,2026-05-26,F
8°B,16,2026-05-27,F
8°B,16,2026-05-28,P
8°B,16,2026-05-29,P
8°B,16,2026-06-01,F
8°B,16,2026-06-02,F
8°B,16,2026-06-03,P
8°B,16,2026-06-08,P
8°B,16,2026-06-09,F
8°B,16,2026-06-10,P
8°B,16,2026-06-11,P
8°B,16,2026-06-12,F
8°B,16,2026-06-15,P
8°B,16,2026-06-16,F
8°B,16,2026-06-17,P
8°B,16,2026-06-18,P
8°B,16,2026-06-19,P
8°B,16,2026-06-22,P
8°B,16,2026-06-23,F
8°B,16,2026-06-24,P
8°B,16,2026-06-25,F
8°B,16,2026-06-26,F
8°B,16,2026-06-29,P
8°B,16,2026-06-30,F
8°B,16,2026-07-01,P
8°B,16,2026-07-02,P
8°B,16,2026-07-03,F
8°B,16,2026-07-28,F
8°B,16,2026-07-29,P
8°B,16,2026-07-30,F
8°B,16,2026-07-31,P
8°B,16,2026-08-03,P
8°B,16,2026-08-10,P
8°B,16,2026-08-12,P
8°B,16,2026-08-14,P
8°B,16,2026-08-17,P
8°B,16,2026-08-18,F
8°B,16,2026-08-19,P
8°B,16,2026-08-20,P
8°B,16,2026-08-21,P
8°B,16,2026-08-24,P
8°B,16,2026-08-27,F
8°B,16,2026-08-28,F
8°B,16,2026-08-31,F
8°B,17,2026-05-04,F
8°B,17,2026-05-05,P
8°B,17,2026-05-06,P
8°B,17,2026-05-07,F
8°B,17,2026-05-08,P
8°B,17,2026-05-11,P
8°B,17,2026-05-12,P
8°B,17,2026-05-13,P
8°B,17,2026-05-14,F
8°B,17,2026-05-15,P
8°B,17,2026-05-18,P
8°B,17,2026-05-19,P
8°B,17,2026-05-20,F
8°B,17,2026-05-21,P
8°B,17,2026-05-22,F
8°B,17,2026-05-25,P
8°B,17,2026-05-26,P
8°B,17,2026-05-27,P
8°B,17,2026-05-28,P
8°B,17,2026-05-29,F
8°B,17,2026-06-01,P
8°B,17,2026-06-02,P
8°B,17,2026-06-03,F
8°B,17,2026-06-08,P
8°B,17,2026-06-09,P
8°B,17,2026-06-10,P
8°B,17,2026-06-11,P
8°B,17,2026-06-12,P
8°B,17,2026-06-15,P
8°B,17,2026-06-16,P
8°B,17,2026-06-17,F
8°B,17,2026-06-18,P
8°B,17,2026-06-19,P
8°B,17,2026-06-22,P
8°B,17,2026-06-23,P
8°B,17,2026-06-24,F
8°B,17,2026-06-25,P
8°B,17,2026-06-26,P
8°B,17,2026-06-29,F
8°B,17,2026-06-30,P
8°B,17,2026-07-01,P
8°B,17,2026-07-02,P
8°B,17,2026-07-03,F
8°B,17,2026-07-28,P
8°B,17,2026-07-29,F
8°B,17,2026-07-30,P
8°B,17,2026-07-31,P
8°B,17,2026-08-03,P
8°B,17,2026-08-10,P
8°B,17,2026-08-12,P
8°B,17,2026-08-14,P
8°B,17,2026-08-17,P
8°B,17,2026-08-18,F
8°B,17,2026-08-19,P
8°B,17,2026-08-20,P
8°B,17,2026-08-21,P
8°B,17,2026-08-24,P
8°B,17,2026-08-27,F
8°B,17,2026-08-28,P
8°B,17,2026-08-31,F
8°B,18,2026-05-04,-
8°B,18,2026-05-05,-
8°B,18,2026-05-06,-
8°B,18,2026-05-07,-
8°B,18,2026-05-08,-
8°B,18,2026-05-11,-
8°B,18,2026-05-12,-
8°B,18,2026-05-13,-
8°B,18,2026-05-14,-
8°B,18,2026-05-15,-
8°B,18,2026-05-19,-
8°B,18,2026-05-20,-
8°B,18,2026-05-21,-
8°B,18,2026-05-22,-
8°B,18,2026-05-26,-
8°B,18,2026-05-27,-
8°B,18,2026-05-28,-
8°B,18,2026-07-01,-
8°B,18,2026-07-29,-
8°B,18,2026-08-10,
8°B,18,2026-08-12,
8°B,18,2026-08-14,
8°B,18,2026-08-17,
8°B,18,2026-08-19,
8°B,18,2026-08-21,
8°B,18,2026-08-28,
8°B,18,2026-08-31,
8°B,19,2026-05-04,F
8°B,19,2026-05-05,P
8°B,19,2026-05-06,F
8°B,19,2026-05-07,P
8°B,19,2026-05-08,F
8°B,19,2026-05-11,F
8°B,19,2026-05-12,P
8°B,19,2026-05-13,F
8°B,19,2026-05-14,F
8°B,19,2026-05-15,P
8°B,19,2026-05-18,P
8°B,19,2026-05-19,P
8°B,19,2026-05-20,P
8°B,19,2026-05-21,P
8°B,19,2026-05-22,P
8°B,19,2026-05-25,F
8°B,19,2026-05-26,P
8°B,19,2026-05-27,P
8°B,19,2026-05-28,F
8°B,19,2026-05-29,F
8°B,19,2026-06-01,F
8°B,19,2026-06-02,P
8°B,19,2026-06-03,F
8°B,19,2026-06-08,P
8°B,19,2026-06-09,P
8°B,19,2026-06-10,P
8°B,19,2026-06-11,F
8°B,19,2026-06-12,P
8°B,19,2026-06-15,F
8°B,19,2026-06-16,P
8°B,19,2026-06-17,P
8°B,19,2026-06-18,P
8°B,19,2026-06-19,F
8°B,19,2026-06-22,P
8°B,19,2026-06-23,F
8°B,19,2026-06-24,P
8°B,19,2026-06-25,F
8°B,19,2026-06-26,P
8°B,19,2026-06-29,F
8°B,19,2026-06-30,F
8°B,19,2026-07-01,P
8°B,19,2026-07-02,P
8°B,19,2026-07-03,P
8°B,19,2026-07-28,P
8°B,19,2026-07-29,P
8°B,19,2026-07-30,P
8°B,19,2026-07-31,P
8°B,19,2026-08-03,P
8°B,19,2026-08-10,P
8°B,19,2026-08-12,P
8°B,19,2026-08-14,F
8°B,19,2026-08-17,P
8°B,19,2026-08-18,P
8°B,19,2026-08-19,P
8°B,19,2026-08-20,P
8°B,19,2026-08-21,P
8°B,19,2026-08-24,P
8°B,19,2026-08-27,P
8°B,19,2026-08-28,P
8°B,19,2026-08-31,F
8°B,20,2026-05-04,P
8°B,20,2026-05-05,P
8°B,20,2026-05-06,F
8°B,20,2026-05-07,P
8°B,20,2026-05-08,P
8°B,20,2026-05-11,P
8°B,20,2026-05-12,P
8°B,20,2026-05-13,P
8°B,20,2026-05-14,P
8°B,20,2026-05-15,P
8°B,20,2026-05-18,P
8°B,20,2026-05-19,P
8°B,20,2026-05-20,P
8°B,20,2026-05-21,P
8°B,20,2026-05-22,P
8°B,20,2026-05-25,P
8°B,20,2026-05-26,P
8°B,20,2026-05-27,P
8°B,20,2026-05-28,P
8°B,20,2026-05-29,P
8°B,20,2026-06-01,P
8°B,20,2026-06-02,P
8°B,20,2026-06-03,P
8°B,20,2026-06-08,P
8°B,20,2026-06-09,P
8°B,20,2026-06-10,P
8°B,20,2026-06-11,P
8°B,20,2026-06-12,P
8°B,20,2026-06-15,P
8°B,20,2026-06-16,P
8°B,20,2026-06-17,P
8°B,20,2026-06-18,P
8°B,20,2026-06-19,P
8°B,20,2026-06-22,P
8°B,20,2026-06-23,P
8°B,20,2026-06-24,P
8°B,20,2026-06-25,P
8°B,20,2026-06-26,P
8°B,20,2026-06-29,P
8°B,20,2026-06-30,P
8°B,20,2026-07-01,P
8°B,20,2026-07-02,P
8°B,20,2026-07-03,P
8°B,20,2026-07-28,P
8°B,20,2026-07-29,P
8°B,20,2026-07-30,P
8°B,20,2026-07-31,P
8°B,20,2026-08-03,P
8°B,20,2026-08-10,P
8°B,20,2026-08-12,P
8°B,20,2026-08-14,P
8°B,20,2026-08-17,P
8°B,20,2026-08-18,P
8°B,20,2026-08-19,P
8°B,20,2026-08-20,P
8°B,20,2026-08-21,P
8°B,20,2026-08-24,P
8°B,20,2026-08-27,P
8°B,20,2026-08-28,P
8°B,20,2026-08-31,F
8°B,21,2026-05-04,-
8°B,21,2026-05-05,-
8°B,21,2026-05-06,-
8°B,21,2026-05-07,-
8°B,21,2026-05-08,-
8°B,21,2026-05-11,-
8°B,21,2026-05-12,-
8°B,21,2026-05-13,-
8°B,21,2026-05-14,-
8°B,21,2026-05-15,-
8°B,21,2026-05-21,-
8°B,21,2026-05-22,-
8°B,21,2026-05-26,-
8°B,21,2026-05-27,-
8°B,21,2026-05-28,-
8°B,21,2026-07-01,-
8°B,21,2026-07-29,-
8°B,21,2026-08-10,
8°B,21,2026-08-12,
8°B,21,2026-08-14,
8°B,21,2026-08-17,
8°B,21,2026-08-19,
8°B,21,2026-08-21,
8°B,21,2026-08-28,
8°B,21,2026-08-31,
8°B,22,2026-05-04,P
8°B,22,2026-05-05,P
8°B,22,2026-05-06,P
8°B,22,2026-05-07,P
8°B,22,2026-05-08,P
8°B,22,2026-05-11,P
8°B,22,2026-05-12,P
8°B,22,2026-05-13,F
8°B,22,2026-05-14,P
8°B,22,2026-05-15,P
8°B,22,2026-05-18,P
8°B,22,2026-05-19,P
8°B,22,2026-05-20,F
8°B,22,2026-05-21,P
8°B,22,2026-05-22,P
8°B,22,2026-05-25,P
8°B,22,2026-05-26,P
8°B,22,2026-05-27,P
8°B,22,2026-05-28,F
8°B,22,2026-05-29,P
8°B,22,2026-06-01,P
8°B,22,2026-06-02,P
8°B,22,2026-06-03,P
8°B,22,2026-06-08,P
8°B,22,2026-06-09,P
8°B,22,2026-06-10,P
8°B,22,2026-06-11,P
8°B,22,2026-06-12,P
8°B,22,2026-06-15,F
8°B,22,2026-06-16,P
8°B,22,2026-06-17,P
8°B,22,2026-06-18,P
8°B,22,2026-06-19,P
8°B,22,2026-06-22,P
8°B,22,2026-06-23,P
8°B,22,2026-06-24,F
8°B,22,2026-06-25,P
8°B,22,2026-06-26,P
8°B,22,2026-06-29,P
8°B,22,2026-06-30,P
8°B,22,2026-07-01,F
8°B,22,2026-07-02,F
8°B,22,2026-07-03,P
8°B,22,2026-07-28,F
8°B,22,2026-07-29,P
8°B,22,2026-07-30,P
8°B,22,2026-07-31,F
8°B,22,2026-08-03,P
8°B,22,2026-08-10,P
8°B,22,2026-08-12,P
8°B,22,2026-08-14,P
8°B,22,2026-08-17,P
8°B,22,2026-08-18,P
8°B,22,2026-08-19,P
8°B,22,2026-08-20,F
8°B,22,2026-08-21,P
8°B,22,2026-08-24,P
8°B,22,2026-08-27,P
8°B,22,2026-08-28,P
8°B,22,2026-08-31,F
8°B,23,2026-05-04,F
8°B,23,2026-05-05,P
8°B,23,2026-05-06,P
8°B,23,2026-05-07,P
8°B,23,2026-05-08,P
8°B,23,2026-05-11,F
8°B,23,2026-05-12,P
8°B,23,2026-05-13,P
8°B,23,2026-05-14,P
8°B,23,2026-05-15,P
8°B,23,2026-05-18,P
8°B,23,2026-05-19,P
8°B,23,2026-05-20,P
8°B,23,2026-05-21,F
8°B,23,2026-05-22,P
8°B,23,2026-05-25,P
8°B,23,2026-05-26,P
8°B,23,2026-05-27,P
8°B,23,2026-05-28,P
8°B,23,2026-05-29,P
8°B,23,2026-06-01,P
8°B,23,2026-06-02,F
8°B,23,2026-06-03,P
8°B,23,2026-06-08,P
8°B,23,2026-06-09,P
8°B,23,2026-06-10,P
8°B,23,2026-06-11,P
8°B,23,2026-06-12,P
8°B,23,2026-06-15,F
8°B,23,2026-06-16,P
8°B,23,2026-06-17,P
8°B,23,2026-06-18,P
8°B,23,2026-06-19,P
8°B,23,2026-06-22,P
8°B,23,2026-06-23,P
8°B,23,2026-06-24,F
8°B,23,2026-06-25,P
8°B,23,2026-06-26,P
8°B,23,2026-06-29,F
8°B,23,2026-06-30,P
8°B,23,2026-07-01,P
8°B,23,2026-07-02,P
8°B,23,2026-07-03,P
8°B,23,2026-07-28,P
8°B,23,2026-07-29,P
8°B,23,2026-07-30,P
8°B,23,2026-07-31,P
8°B,23,2026-08-03,P
8°B,23,2026-08-10,P
8°B,23,2026-08-12,P
8°B,23,2026-08-14,P
8°B,23,2026-08-17,F
8°B,23,2026-08-18,P
8°B,23,2026-08-19,P
8°B,23,2026-08-20,P
8°B,23,2026-08-21,P
8°B,23,2026-08-24,P
8°B,23,2026-08-27,P
8°B,23,2026-08-28,P
8°B,23,2026-08-31,F
8°B,24,2026-05-04,P
8°B,24,2026-05-05,P
8°B,24,2026-05-06,P
8°B,24,2026-05-07,P
8°B,24,2026-05-08,P
8°B,24,2026-05-11,F
8°B,24,2026-05-12,P
8°B,24,2026-05-13,P
8°B,24,2026-05-14,P
8°B,24,2026-05-15,F
8°B,24,2026-05-18,P
8°B,24,2026-05-19,F
8°B,24,2026-05-20,P
8°B,24,2026-05-21,P
8°B,24,2026-05-22,P
8°B,24,2026-05-25,P
8°B,24,2026-05-26,P
8°B,24,2026-05-27,P
8°B,24,2026-05-28,F
8°B,24,2026-05-29,P
8°B,24,2026-06-01,F
8°B,24,2026-06-02,F
8°B,24,2026-06-03,P
8°B,24,2026-06-08,P
8°B,24,2026-06-09,P
8°B,24,2026-06-10,F
8°B,24,2026-06-11,F
8°B,24,2026-06-12,P
8°B,24,2026-06-15,F
8°B,24,2026-06-16,P
8°B,24,2026-06-17,P
8°B,24,2026-06-18,F
8°B,24,2026-06-19,P
8°B,24,2026-06-22,F
8°B,24,2026-06-23,F
8°B,24,2026-06-24,F
8°B,24,2026-06-25,F
8°B,24,2026-06-26,F
8°B,24,2026-06-29,P
8°B,24,2026-06-30,P
8°B,24,2026-07-01,P
8°B,24,2026-07-02,P
8°B,24,2026-07-03,F
8°B,24,2026-07-28,P
8°B,24,2026-07-29,P
8°B,24,2026-07-30,F
8°B,24,2026-07-31,P
8°B,24,2026-08-03,F
8°B,24,2026-08-10,P
8°B,24,2026-08-12,P
8°B,24,2026-08-14,P
8°B,24,2026-08-17,P
8°B,24,2026-08-18,P
8°B,24,2026-08-19,P
8°B,24,2026-08-20,P
8°B,24,2026-08-21,P
8°B,24,2026-08-24,F
8°B,24,2026-08-27,P
8°B,24,2026-08-28,P
8°B,24,2026-08-31,F
8°B,25,2026-05-04,F
8°B,25,2026-05-05,P
8°B,25,2026-05-06,P
8°B,25,2026-05-07,P
8°B,25,2026-05-08,P
8°B,25,2026-05-11,P
8°B,25,2026-05-12,P
8°B,25,2026-05-13,P
8°B,25,2026-05-14,P
8°B,25,2026-05-15,P
8°B,25,2026-05-18,P
8°B,25,2026-05-19,P
8°B,25,2026-05-20,P
8°B,25,2026-05-21,F
8°B,25,2026-05-22,F
8°B,25,2026-05-25,P
8°B,25,2026-05-26,P
8°B,25,2026-05-27,P
8°B,25,2026-05-28,P
8°B,25,2026-05-29,P
8°B,25,2026-06-01,P
8°B,25,2026-06-02,P
8°B,25,2026-06-03,P
8°B,25,2026-06-08,P
8°B,25,2026-06-09,P
8°B,25,2026-06-10,P
8°B,25,2026-06-11,P
8°B,25,2026-06-12,P
8°B,25,2026-06-15,P
8°B,25,2026-06-16,F
8°B,25,2026-06-17,P
8°B,25,2026-06-18,P
8°B,25,2026-06-19,P
8°B,25,2026-06-22,P
8°B,25,2026-06-23,P
8°B,25,2026-06-24,P
8°B,25,2026-06-25,P
8°B,25,2026-06-26,P
8°B,25,2026-06-29,P
8°B,25,2026-06-30,F
8°B,25,2026-07-01,P
8°B,25,2026-07-02,P
8°B,25,2026-07-03,P
8°B,25,2026-07-28,P
8°B,25,2026-07-29,P
8°B,25,2026-07-30,P
8°B,25,2026-07-31,P
8°B,25,2026-08-03,P
8°B,25,2026-08-10,P
8°B,25,2026-08-12,P
8°B,25,2026-08-14,P
8°B,25,2026-08-17,P
8°B,25,2026-08-18,P
8°B,25,2026-08-19,P
8°B,25,2026-08-20,P
8°B,25,2026-08-21,P
8°B,25,2026-08-24,P
8°B,25,2026-08-27,P
8°B,25,2026-08-28,P
8°B,25,2026-08-31,P
8°B,26,2026-05-04,P
8°B,26,2026-05-05,P
8°B,26,2026-05-06,F
8°B,26,2026-05-07,P
8°B,26,2026-05-08,F
8°B,26,2026-05-11,P
8°B,26,2026-05-12,P
8°B,26,2026-05-13,P
8°B,26,2026-05-14,P
8°B,26,2026-05-15,F
8°B,26,2026-05-18,P
8°B,26,2026-05-19,P
8°B,26,2026-05-20,P
8°B,26,2026-05-21,P
8°B,26,2026-05-22,P
8°B,26,2026-05-25,P
8°B,26,2026-05-26,P
8°B,26,2026-05-27,P
8°B,26,2026-05-28,P
8°B,26,2026-05-29,P
8°B,26,2026-06-01,P
8°B,26,2026-06-02,P
8°B,26,2026-06-03,F
8°B,26,2026-06-08,P
8°B,26,2026-06-09,P
8°B,26,2026-06-10,P
8°B,26,2026-06-11,P
8°B,26,2026-06-12,P
8°B,26,2026-06-15,F
8°B,26,2026-06-16,P
8°B,26,2026-06-17,P
8°B,26,2026-06-18,P
8°B,26,2026-06-19,P
8°B,26,2026-06-22,P
8°B,26,2026-06-23,P
8°B,26,2026-06-24,P
8°B,26,2026-06-25,P
8°B,26,2026-06-26,P
8°B,26,2026-06-29,F
8°B,26,2026-06-30,P
8°B,26,2026-07-01,P
8°B,26,2026-07-02,F
8°B,26,2026-07-03,F
8°B,26,2026-07-28,P
8°B,26,2026-07-29,P
8°B,26,2026-07-30,F
8°B,26,2026-07-31,P
8°B,26,2026-08-03,F
8°B,26,2026-08-10,P
8°B,26,2026-08-12,P
8°B,26,2026-08-14,F
8°B,26,2026-08-17,P
8°B,26,2026-08-18,P
8°B,26,2026-08-19,P
8°B,26,2026-08-20,P
8°B,26,2026-08-21,P
8°B,26,2026-08-24,P
8°B,26,2026-08-27,P
8°B,26,2026-08-28,F
8°B,26,2026-08-31,P
8°B,27,2026-05-04,F
8°B,27,2026-05-05,P
8°B,27,2026-05-06,P
8°B,27,2026-05-07,F
8°B,27,2026-05-08,F
8°B,27,2026-05-11,F
8°B,27,2026-05-12,P
8°B,27,2026-05-13,P
8°B,27,2026-05-14,P
8°B,27,2026-05-15,P
8°B,27,2026-05-18,P
8°B,27,2026-05-19,P
8°B,27,2026-05-20,P
8°B,27,2026-05-21,P
8°B,27,2026-05-22,F
8°B,27,2026-05-25,P
8°B,27,2026-05-26,F
8°B,27,2026-05-27,P
8°B,27,2026-05-28,P
8°B,27,2026-05-29,P
8°B,27,2026-06-01,P
8°B,27,2026-06-02,F
8°B,27,2026-06-03,P
8°B,27,2026-06-08,P
8°B,27,2026-06-09,P
8°B,27,2026-06-10,P
8°B,27,2026-06-11,P
8°B,27,2026-06-12,P
8°B,27,2026-06-15,F
8°B,27,2026-06-16,P
8°B,27,2026-06-17,P
8°B,27,2026-06-18,P
8°B,27,2026-06-19,P
8°B,27,2026-06-22,P
8°B,27,2026-06-23,P
8°B,27,2026-06-24,F
8°B,27,2026-06-25,P
8°B,27,2026-06-26,P
8°B,27,2026-06-29,P
8°B,27,2026-06-30,P
8°B,27,2026-07-01,P
8°B,27,2026-07-02,F
8°B,27,2026-07-03,P
8°B,27,2026-07-28,P
8°B,27,2026-07-29,P
8°B,27,2026-07-30,P
8°B,27,2026-07-31,F
8°B,27,2026-08-03,P
8°B,27,2026-08-10,P
8°B,27,2026-08-12,P
8°B,27,2026-08-14,P
8°B,27,2026-08-17,P
8°B,27,2026-08-18,P
8°B,27,2026-08-19,F
8°B,27,2026-08-20,P
8°B,27,2026-08-21,F
8°B,27,2026-08-24,P
8°B,27,2026-08-27,P
8°B,27,2026-08-28,P
8°B,27,2026-08-31,F
8°B,28,2026-05-04,P
8°B,28,2026-05-05,P
8°B,28,2026-05-06,P
8°B,28,2026-05-07,P
8°B,28,2026-05-08,F
8°B,28,2026-05-11,F
8°B,28,2026-05-12,P
8°B,28,2026-05-13,P
8°B,28,2026-05-14,F
8°B,28,2026-05-15,F
8°B,28,2026-05-18,P
8°B,28,2026-05-19,P
8°B,28,2026-05-20,P
8°B,28,2026-05-21,P
8°B,28,2026-05-22,F
8°B,28,2026-05-25,F
8°B,28,2026-05-26,P
8°B,28,2026-05-27,P
8°B,28,2026-05-28,F
8°B,28,2026-05-29,F
8°B,28,2026-06-01,F
8°B,28,2026-06-02,F
8°B,28,2026-06-03,P
8°B,28,2026-06-08,F
8°B,28,2026-06-09,P
8°B,28,2026-06-10,P
8°B,28,2026-06-11,P
8°B,28,2026-06-12,F
8°B,28,2026-06-15,P
8°B,28,2026-06-16,P
8°B,28,2026-06-17,F
8°B,28,2026-06-18,P
8°B,28,2026-06-19,P
8°B,28,2026-06-22,F
8°B,28,2026-06-23,F
8°B,28,2026-06-24,F
8°B,28,2026-06-25,F
8°B,28,2026-06-26,F
8°B,28,2026-06-29,F
8°B,28,2026-06-30,P
8°B,28,2026-07-01,F
8°B,28,2026-07-02,P
8°B,28,2026-07-03,P
8°B,28,2026-07-28,P
8°B,28,2026-07-29,F
8°B,28,2026-07-30,P
8°B,28,2026-07-31,P
8°B,28,2026-08-03,F
8°B,28,2026-08-10,P
8°B,28,2026-08-12,P
8°B,28,2026-08-14,F
8°B,28,2026-08-17,F
8°B,28,2026-08-18,P
8°B,28,2026-08-19,F
8°B,28,2026-08-20,F
8°B,28,2026-08-21,P
8°B,28,2026-08-24,P
8°B,28,2026-08-27,F
8°B,28,2026-08-28,F
8°B,28,2026-08-31,P
8°B,29,2026-05-04,-
8°B,29,2026-05-05,-
8°B,29,2026-05-06,-
8°B,29,2026-05-07,-
8°B,29,2026-05-08,-
8°B,29,2026-05-11,-
8°B,29,2026-05-12,-
8°B,29,2026-05-13,-
8°B,29,2026-05-14,-
8°B,29,2026-05-15,-
8°B,29,2026-05-18,-
8°B,29,2026-05-19,-
8°B,29,2026-05-20,-
8°B,29,2026-05-21,-
8°B,29,2026-05-22,-
8°B,29,2026-05-25,-
8°B,29,2026-05-26,-
8°B,29,2026-05-27,-
8°B,29,2026-05-28,-
8°B,29,2026-05-29,-
8°B,29,2026-06-01,-
8°B,29,2026-06-02,-
8°B,29,2026-06-03,P
8°B,29,2026-06-08,P
8°B,29,2026-06-09,P
8°B,29,2026-06-10,P
8°B,29,2026-06-11,P
8°B,29,2026-06-12,P
8°B,29,2026-06-15,P
8°B,29,2026-06-16,P
8°B,29,2026-06-17,P
8°B,29,2026-06-18,F
8°B,29,2026-06-19,P
8°B,29,2026-06-22,P
8°B,29,2026-06-23,P
8°B,29,2026-06-24,F
8°B,29,2026-06-25,F
8°B,29,2026-06-26,F
8°B,29,2026-06-29,F
8°B,29,2026-06-30,P
8°B,29,2026-07-01,F
8°B,29,2026-07-02,F
8°B,29,2026-07-03,P
8°B,29,2026-07-28,F
8°B,29,2026-07-29,P
8°B,29,2026-07-30,P
8°B,29,2026-07-31,F
8°B,29,2026-08-03,F
8°B,29,2026-08-10,F
8°B,29,2026-08-12,P
8°B,29,2026-08-14,P
8°B,29,2026-08-17,P
8°B,29,2026-08-18,P
8°B,29,2026-08-19,P
8°B,29,2026-08-20,P
8°B,29,2026-08-21,P
8°B,29,2026-08-24,P
8°B,29,2026-08-27,P
8°B,29,2026-08-28,F
8°B,29,2026-08-31,P
8°B,30,2026-05-04,-
8°B,30,2026-05-05,-
8°B,30,2026-05-06,-
8°B,30,2026-05-07,-
8°B,30,2026-05-08,-
8°B,30,2026-05-11,-
8°B,30,2026-05-12,-
8°B,30,2026-05-13,-
8°B,30,2026-05-14,-
8°B,30,2026-05-15,-
8°B,30,2026-05-18,-
8°B,30,2026-05-19,-
8°B,30,2026-05-20,-
8°B,30,2026-05-21,-
8°B,30,2026-05-22,-
8°B,30,2026-05-25,-
8°B,30,2026-05-26,-
8°B,30,2026-05-27,-
8°B,30,2026-05-28,-
8°B,30,2026-05-29,-
8°B,30,2026-06-01,-
8°B,30,2026-06-02,-
8°B,30,2026-06-03,-
8°B,30,2026-06-08,-
8°B,30,2026-06-09,-
8°B,30,2026-06-10,-
8°B,30,2026-06-11,-
8°B,30,2026-06-12,-
8°B,30,2026-06-15,-
8°B,30,2026-06-16,-
8°B,30,2026-06-17,-
8°B,30,2026-06-18,-
8°B,30,2026-06-19,-
8°B,30,2026-06-22,-
8°B,30,2026-06-23,-
8°B,30,2026-06-24,-
8°B,30,2026-06-25,-
8°B,30,2026-06-26,-
8°B,30,2026-06-29,-
8°B,30,2026-06-30,-
8°B,30,2026-07-01,-
8°B,30,2026-07-02,-
8°B,30,2026-07-03,p
8°B,30,2026-07-28,P
8°B,30,2026-07-29,P
8°B,30,2026-07-30,P
8°B,30,2026-07-31,P
8°B,30,2026-08-03,P
8°B,30,2026-08-10,P
8°B,30,2026-08-12,P
8°B,30,2026-08-14,F
8°B,30,2026-08-17,P
8°B,30,2026-08-18,P
8°B,30,2026-08-19,P
8°B,30,2026-08-20,P
8°B,30,2026-08-21,P
8°B,30,2026-08-24,F
8°B,30,2026-08-27,P
8°B,30,2026-08-28,P
8°B,30,2026-08-31,P
8°B,31,2026-05-04,-
8°B,31,2026-05-05,-
8°B,31,2026-05-06,-
8°B,31,2026-05-07,-
8°B,31,2026-05-08,-
8°B,31,2026-05-11,-
8°B,31,2026-05-12,-
8°B,31,2026-05-13,-
8°B,31,2026-05-14,-
8°B,31,2026-05-15,-
8°B,31,2026-05-18,-
8°B,31,2026-05-19,-
8°B,31,2026-05-20,-
8°B,31,2026-05-21,-
8°B,31,2026-05-22,-
8°B,31,2026-05-25,-
8°B,31,2026-05-26,-
8°B,31,2026-05-27,-
8°B,31,2026-05-28,-
8°B,31,2026-05-29,-
8°B,31,2026-06-01,-
8°B,31,2026-06-02,-
8°B,31,2026-06-03,-
8°B,31,2026-06-08,-
8°B,31,2026-06-09,-
8°B,31,2026-06-10,-
8°B,31,2026-06-11,-
8°B,31,2026-06-12,-
8°B,31,2026-06-15,-
8°B,31,2026-06-16,-
8°B,31,2026-06-17,-
8°B,31,2026-06-18,-
8°B,31,2026-06-19,-
8°B,31,2026-06-22,-
8°B,31,2026-06-23,-
8°B,31,2026-06-24,-
8°B,31,2026-06-25,-
8°B,31,2026-06-26,-
8°B,31,2026-06-29,-
8°B,31,2026-06-30,-
8°B,31,2026-07-01,-
8°B,31,2026-07-02,-
8°B,31,2026-07-03,-
8°B,31,2026-07-28,-
8°B,31,2026-07-29,-
8°B,31,2026-07-30,-
8°B,31,2026-07-31,-
8°B,31,2026-08-03,-
8°B,31,2026-08-04,-
8°B,31,2026-08-05,-
8°B,31,2026-08-06,-
8°B,31,2026-08-07,-
8°B,31,2026-08-10,-
8°B,31,2026-08-11,-
8°B,31,2026-08-12,-
8°B,31,2026-08-13,-
8°B,31,2026-08-14,-
8°B,31,2026-08-17,-
8°B,31,2026-08-18,-
8°B,31,2026-08-19,-
8°B,31,2026-08-20,-
8°B,31,2026-08-21,-
8°B,31,2026-08-22,-
8°B,31,2026-08-24,-
8°B,31,2026-08-27,P
8°B,31,2026-08-28,F
8°B,31,2026-08-31,P
8°C,2,2026-05-04,P
8°C,2,2026-05-05,P
8°C,2,2026-05-06,F
8°C,2,2026-05-07,P
8°C,2,2026-05-08,P
8°C,2,2026-05-11,F
8°C,2,2026-05-12,P
8°C,2,2026-05-13,P
8°C,2,2026-05-14,P
8°C,2,2026-05-15,P
8°C,2,2026-05-18,P
8°C,2,2026-05-19,F
8°C,2,2026-05-20,P
8°C,2,2026-05-21,P
8°C,2,2026-05-22,P
8°C,2,2026-05-25,P
8°C,2,2026-05-26,P
8°C,2,2026-05-27,P
8°C,2,2026-05-28,P
8°C,2,2026-05-29,F
8°C,2,2026-06-01,P
8°C,2,2026-06-02,P
8°C,2,2026-06-03,P
8°C,2,2026-06-08,F
8°C,2,2026-06-09,P
8°C,2,2026-06-10,F
8°C,2,2026-06-11,F
8°C,2,2026-06-12,F
8°C,2,2026-06-15,P
8°C,2,2026-06-16,P
8°C,2,2026-06-17,P
8°C,2,2026-06-18,F
8°C,2,2026-06-19,F
8°C,2,2026-06-22,P
8°C,2,2026-06-23,P
8°C,2,2026-06-24,F
8°C,2,2026-06-25,F
8°C,2,2026-06-26,P
8°C,2,2026-06-29,F
8°C,2,2026-06-30,P
8°C,2,2026-07-01,F
8°C,2,2026-07-02,P
8°C,2,2026-07-03,P
8°C,2,2026-07-28,P
8°C,2,2026-07-29,P
8°C,2,2026-07-30,P
8°C,2,2026-07-31,F
8°C,2,2026-08-03,P
8°C,2,2026-08-04,P
8°C,2,2026-08-05,F
8°C,2,2026-08-06,P
8°C,2,2026-08-07,P
8°C,2,2026-08-10,F
8°C,2,2026-08-11,P
8°C,2,2026-08-12,F
8°C,2,2026-08-13,F
8°C,2,2026-08-14,P
8°C,2,2026-08-17,F
8°C,2,2026-08-18,P
8°C,2,2026-08-19,P
8°C,2,2026-08-20,P
8°C,2,2026-08-21,P
8°C,2,2026-08-22,P
8°C,2,2026-08-24,P
8°C,2,2026-08-25,P
8°C,2,2026-08-26,P
8°C,2,2026-08-27,F
8°C,2,2026-08-28,P
8°C,2,2026-08-31,P
8°C,3,2026-05-04,P
8°C,3,2026-05-05,P
8°C,3,2026-05-06,F
8°C,3,2026-05-07,F
8°C,3,2026-05-08,F
8°C,3,2026-05-11,P
8°C,3,2026-05-12,P
8°C,3,2026-05-13,P
8°C,3,2026-05-14,F
8°C,3,2026-05-15,P
8°C,3,2026-05-18,P
8°C,3,2026-05-19,P
8°C,3,2026-05-20,P
8°C,3,2026-05-21,P
8°C,3,2026-05-22,P
8°C,3,2026-05-25,F
8°C,3,2026-05-26,P
8°C,3,2026-05-27,P
8°C,3,2026-05-28,P
8°C,3,2026-05-29,P
8°C,3,2026-06-01,P
8°C,3,2026-06-02,F
8°C,3,2026-06-03,F
8°C,3,2026-06-08,F
8°C,3,2026-06-09,P
8°C,3,2026-06-10,P
8°C,3,2026-06-11,F
8°C,3,2026-06-12,F
8°C,3,2026-06-15,F
8°C,3,2026-06-16,P
8°C,3,2026-06-17,P
8°C,3,2026-06-18,F
8°C,3,2026-06-19,P
8°C,3,2026-06-22,P
8°C,3,2026-06-23,P
8°C,3,2026-06-24,F
8°C,3,2026-06-25,F
8°C,3,2026-06-26,P
8°C,3,2026-06-29,F
8°C,3,2026-06-30,F
8°C,3,2026-07-01,F
8°C,3,2026-07-02,P
8°C,3,2026-07-03,P
8°C,3,2026-07-28,F
8°C,3,2026-07-29,P
8°C,3,2026-07-30,P
8°C,3,2026-07-31,P
8°C,3,2026-08-03,P
8°C,3,2026-08-04,F
8°C,3,2026-08-05,P
8°C,3,2026-08-06,P
8°C,3,2026-08-07,P
8°C,3,2026-08-10,F
8°C,3,2026-08-11,F
8°C,3,2026-08-12,P
8°C,3,2026-08-13,P
8°C,3,2026-08-14,P
8°C,3,2026-08-17,F
8°C,3,2026-08-18,P
8°C,3,2026-08-19,P
8°C,3,2026-08-20,P
8°C,3,2026-08-21,F
8°C,3,2026-08-22,P
8°C,3,2026-08-24,P
8°C,3,2026-08-25,P
8°C,3,2026-08-26,P
8°C,3,2026-08-27,P
8°C,3,2026-08-28,P
8°C,3,2026-08-31,P
8°C,4,2026-05-04,P
8°C,4,2026-05-05,P
8°C,4,2026-05-06,P
8°C,4,2026-05-07,P
8°C,4,2026-05-08,P
8°C,4,2026-05-11,P
8°C,4,2026-05-12,P
8°C,4,2026-05-13,P
8°C,4,2026-05-14,P
8°C,4,2026-05-15,P
8°C,4,2026-05-18,P
8°C,4,2026-05-19,P
8°C,4,2026-05-20,P
8°C,4,2026-05-21,P
8°C,4,2026-05-22,P
8°C,4,2026-05-25,P
8°C,4,2026-05-26,P
8°C,4,2026-05-27,P
8°C,4,2026-05-28,P
8°C,4,2026-05-29,P
8°C,4,2026-06-01,P
8°C,4,2026-06-02,P
8°C,4,2026-06-03,P
8°C,4,2026-06-08,P
8°C,4,2026-06-09,P
8°C,4,2026-06-10,P
8°C,4,2026-06-11,P
8°C,4,2026-06-12,P
8°C,4,2026-06-15,P
8°C,4,2026-06-16,P
8°C,4,2026-06-17,P
8°C,4,2026-06-18,P
8°C,4,2026-06-19,P
8°C,4,2026-06-22,P
8°C,4,2026-06-23,P
8°C,4,2026-06-24,P
8°C,4,2026-06-25,P
8°C,4,2026-06-26,P
8°C,4,2026-06-29,F
8°C,4,2026-06-30,P
8°C,4,2026-07-01,P
8°C,4,2026-07-02,P
8°C,4,2026-07-03,P
8°C,4,2026-07-28,P
8°C,4,2026-07-29,P
8°C,4,2026-07-30,F
8°C,4,2026-07-31,F
8°C,4,2026-08-03,P
8°C,4,2026-08-04,P
8°C,4,2026-08-05,P
8°C,4,2026-08-06,P
8°C,4,2026-08-07,P
8°C,4,2026-08-10,P
8°C,4,2026-08-11,P
8°C,4,2026-08-12,P
8°C,4,2026-08-13,P
8°C,4,2026-08-14,P
8°C,4,2026-08-17,P
8°C,4,2026-08-18,P
8°C,4,2026-08-19,P
8°C,4,2026-08-20,P
8°C,4,2026-08-21,P
8°C,4,2026-08-22,P
8°C,4,2026-08-24,P
8°C,4,2026-08-25,P
8°C,4,2026-08-26,P
8°C,4,2026-08-27,P
8°C,4,2026-08-28,P
8°C,4,2026-08-31,P
8°C,5,2026-05-04,P
8°C,5,2026-05-05,P
8°C,5,2026-05-06,P
8°C,5,2026-05-07,F
8°C,5,2026-05-08,P
8°C,5,2026-05-11,P
8°C,5,2026-05-12,P
8°C,5,2026-05-13,P
8°C,5,2026-05-14,P
8°C,5,2026-05-15,F
8°C,5,2026-05-18,P
8°C,5,2026-05-19,F
8°C,5,2026-05-20,P
8°C,5,2026-05-21,P
8°C,5,2026-05-22,P
8°C,5,2026-05-25,F
8°C,5,2026-05-26,P
8°C,5,2026-05-27,P
8°C,5,2026-05-28,P
8°C,5,2026-05-29,F
8°C,5,2026-06-01,P
8°C,5,2026-06-02,P
8°C,5,2026-06-03,P
8°C,5,2026-06-08,P
8°C,5,2026-06-09,P
8°C,5,2026-06-10,F
8°C,5,2026-06-11,P
8°C,5,2026-06-12,P
8°C,5,2026-06-15,F
8°C,5,2026-06-16,P
8°C,5,2026-06-17,F
8°C,5,2026-06-18,P
8°C,5,2026-06-19,P
8°C,5,2026-06-22,P
8°C,5,2026-06-23,P
8°C,5,2026-06-24,F
8°C,5,2026-06-25,P
8°C,5,2026-06-26,F
8°C,5,2026-06-29,F
8°C,5,2026-06-30,P
8°C,5,2026-07-01,P
8°C,5,2026-07-02,P
8°C,5,2026-07-03,P
8°C,5,2026-07-28,P
8°C,5,2026-07-29,F
8°C,5,2026-07-30,P
8°C,5,2026-07-31,P
8°C,5,2026-08-03,P
8°C,5,2026-08-04,F
8°C,5,2026-08-05,P
8°C,5,2026-08-06,P
8°C,5,2026-08-07,P
8°C,5,2026-08-10,F
8°C,5,2026-08-11,P
8°C,5,2026-08-12,P
8°C,5,2026-08-13,F
8°C,5,2026-08-14,P
8°C,5,2026-08-17,P
8°C,5,2026-08-18,P
8°C,5,2026-08-19,P
8°C,5,2026-08-20,P
8°C,5,2026-08-21,F
8°C,5,2026-08-22,P
8°C,5,2026-08-24,P
8°C,5,2026-08-25,P
8°C,5,2026-08-26,P
8°C,5,2026-08-27,F
8°C,5,2026-08-28,P
8°C,5,2026-08-31,F
8°C,6,2026-05-04,P
8°C,6,2026-05-05,P
8°C,6,2026-05-06,P
8°C,6,2026-05-07,P
8°C,6,2026-05-08,P
8°C,6,2026-05-11,P
8°C,6,2026-05-12,P
8°C,6,2026-05-13,F
8°C,6,2026-05-14,P
8°C,6,2026-05-15,P
8°C,6,2026-05-18,P
8°C,6,2026-05-19,F
8°C,6,2026-05-20,P
8°C,6,2026-05-21,P
8°C,6,2026-05-22,P
8°C,6,2026-05-25,F
8°C,6,2026-05-26,P
8°C,6,2026-05-27,P
8°C,6,2026-05-28,P
8°C,6,2026-05-29,F
8°C,6,2026-06-01,P
8°C,6,2026-06-02,P
8°C,6,2026-06-03,P
8°C,6,2026-06-08,P
8°C,6,2026-06-09,P
8°C,6,2026-06-10,P
8°C,6,2026-06-11,P
8°C,6,2026-06-12,P
8°C,6,2026-06-15,F
8°C,6,2026-06-16,P
8°C,6,2026-06-17,F
8°C,6,2026-06-18,P
8°C,6,2026-06-19,P
8°C,6,2026-06-22,P
8°C,6,2026-06-23,P
8°C,6,2026-06-24,F
8°C,6,2026-06-25,P
8°C,6,2026-06-26,F
8°C,6,2026-06-29,P
8°C,6,2026-06-30,F
8°C,6,2026-07-01,F
8°C,6,2026-07-02,P
8°C,6,2026-07-03,P
8°C,6,2026-07-28,P
8°C,6,2026-07-29,P
8°C,6,2026-07-30,P
8°C,6,2026-07-31,P
8°C,6,2026-08-03,P
8°C,6,2026-08-04,F
8°C,6,2026-08-05,P
8°C,6,2026-08-06,P
8°C,6,2026-08-07,P
8°C,6,2026-08-10,F
8°C,6,2026-08-11,F
8°C,6,2026-08-12,P
8°C,6,2026-08-13,P
8°C,6,2026-08-14,F
8°C,6,2026-08-17,F
8°C,6,2026-08-18,P
8°C,6,2026-08-19,F
8°C,6,2026-08-20,P
8°C,6,2026-08-21,P
8°C,6,2026-08-22,P
8°C,6,2026-08-24,P
8°C,6,2026-08-25,P
8°C,6,2026-08-26,P
8°C,6,2026-08-27,P
8°C,6,2026-08-28,P
8°C,6,2026-08-31,P
8°C,7,2026-05-04,P
8°C,7,2026-05-05,P
8°C,7,2026-05-06,P
8°C,7,2026-05-07,P
8°C,7,2026-05-08,P
8°C,7,2026-05-11,F
8°C,7,2026-05-12,P
8°C,7,2026-05-13,P
8°C,7,2026-05-14,P
8°C,7,2026-05-15,P
8°C,7,2026-05-18,P
8°C,7,2026-05-19,P
8°C,7,2026-05-20,P
8°C,7,2026-05-21,F
8°C,7,2026-05-22,P
8°C,7,2026-05-25,P
8°C,7,2026-05-26,P
8°C,7,2026-05-27,P
8°C,7,2026-05-28,P
8°C,7,2026-05-29,P
8°C,7,2026-06-01,P
8°C,7,2026-06-02,P
8°C,7,2026-06-03,F
8°C,7,2026-06-08,P
8°C,7,2026-06-09,P
8°C,7,2026-06-10,P
8°C,7,2026-06-11,P
8°C,7,2026-06-12,P
8°C,7,2026-06-15,P
8°C,7,2026-06-16,P
8°C,7,2026-06-17,P
8°C,7,2026-06-18,P
8°C,7,2026-06-19,P
8°C,7,2026-06-22,F
8°C,7,2026-06-23,P
8°C,7,2026-06-24,P
8°C,7,2026-06-25,F
8°C,7,2026-06-26,P
8°C,7,2026-06-29,P
8°C,7,2026-06-30,P
8°C,7,2026-07-01,P
8°C,7,2026-07-02,P
8°C,7,2026-07-03,P
8°C,7,2026-07-28,P
8°C,7,2026-07-29,P
8°C,7,2026-07-30,F
8°C,7,2026-07-31,P
8°C,7,2026-08-03,P
8°C,7,2026-08-04,P
8°C,7,2026-08-05,F
8°C,7,2026-08-06,P
8°C,7,2026-08-07,P
8°C,7,2026-08-10,P
8°C,7,2026-08-11,P
8°C,7,2026-08-12,P
8°C,7,2026-08-13,P
8°C,7,2026-08-14,P
8°C,7,2026-08-17,P
8°C,7,2026-08-18,F
8°C,7,2026-08-19,P
8°C,7,2026-08-20,P
8°C,7,2026-08-21,F
8°C,7,2026-08-22,P
8°C,7,2026-08-24,F
8°C,7,2026-08-25,P
8°C,7,2026-08-26,P
8°C,7,2026-08-27,P
8°C,7,2026-08-28,P
8°C,7,2026-08-31,F
8°C,8,2026-05-04,P
8°C,8,2026-05-05,P
8°C,8,2026-05-06,P
8°C,8,2026-05-07,P
8°C,8,2026-05-08,P
8°C,8,2026-05-11,F
8°C,8,2026-05-12,P
8°C,8,2026-05-13,P
8°C,8,2026-05-14,P
8°C,8,2026-05-15,P
8°C,8,2026-05-18,P
8°C,8,2026-05-19,P
8°C,8,2026-05-20,P
8°C,8,2026-05-21,P
8°C,8,2026-05-22,P
8°C,8,2026-05-25,P
8°C,8,2026-05-26,P
8°C,8,2026-05-27,P
8°C,8,2026-05-28,P
8°C,8,2026-05-29,P
8°C,8,2026-06-01,F
8°C,8,2026-06-02,P
8°C,8,2026-06-03,F
8°C,8,2026-06-08,P
8°C,8,2026-06-09,P
8°C,8,2026-06-10,P
8°C,8,2026-06-11,F
8°C,8,2026-06-12,P
8°C,8,2026-06-15,P
8°C,8,2026-06-16,P
8°C,8,2026-06-17,P
8°C,8,2026-06-18,P
8°C,8,2026-06-19,P
8°C,8,2026-06-22,P
8°C,8,2026-06-23,P
8°C,8,2026-06-24,F
8°C,8,2026-06-25,P
8°C,8,2026-06-26,P
8°C,8,2026-06-29,P
8°C,8,2026-06-30,P
8°C,8,2026-07-01,F
8°C,8,2026-07-02,P
8°C,8,2026-07-03,P
8°C,8,2026-07-28,P
8°C,8,2026-07-29,P
8°C,8,2026-07-30,F
8°C,8,2026-07-31,P
8°C,8,2026-08-03,P
8°C,8,2026-08-04,P
8°C,8,2026-08-05,F
8°C,8,2026-08-06,F
8°C,8,2026-08-07,P
8°C,8,2026-08-10,F
8°C,8,2026-08-11,P
8°C,8,2026-08-12,P
8°C,8,2026-08-13,P
8°C,8,2026-08-14,P
8°C,8,2026-08-17,P
8°C,8,2026-08-18,P
8°C,8,2026-08-19,P
8°C,8,2026-08-20,P
8°C,8,2026-08-21,P
8°C,8,2026-08-22,P
8°C,8,2026-08-24,P
8°C,8,2026-08-25,P
8°C,8,2026-08-26,P
8°C,8,2026-08-27,P
8°C,8,2026-08-28,P
8°C,8,2026-08-31,F
8°C,9,2026-05-04,P
8°C,9,2026-05-05,P
8°C,9,2026-05-06,F
8°C,9,2026-05-07,F
8°C,9,2026-05-08,P
8°C,9,2026-05-11,P
8°C,9,2026-05-12,P
8°C,9,2026-05-13,P
8°C,9,2026-05-14,P
8°C,9,2026-05-15,P
8°C,9,2026-05-18,P
8°C,9,2026-05-19,P
8°C,9,2026-05-20,P
8°C,9,2026-05-21,P
8°C,9,2026-05-22,P
8°C,9,2026-05-25,F
8°C,9,2026-05-26,P
8°C,9,2026-05-27,P
8°C,9,2026-05-28,P
8°C,9,2026-05-29,P
8°C,9,2026-06-01,P
8°C,9,2026-06-02,P
8°C,9,2026-06-03,P
8°C,9,2026-06-08,P
8°C,9,2026-06-09,P
8°C,9,2026-06-10,P
8°C,9,2026-06-11,P
8°C,9,2026-06-12,P
8°C,9,2026-06-15,P
8°C,9,2026-06-16,P
8°C,9,2026-06-17,P
8°C,9,2026-06-18,P
8°C,9,2026-06-19,P
8°C,9,2026-06-22,P
8°C,9,2026-06-23,P
8°C,9,2026-06-24,F
8°C,9,2026-06-25,P
8°C,9,2026-06-26,P
8°C,9,2026-06-29,F
8°C,9,2026-06-30,P
8°C,9,2026-07-01,P
8°C,9,2026-07-02,P
8°C,9,2026-07-03,P
8°C,9,2026-07-28,P
8°C,9,2026-07-29,P
8°C,9,2026-07-30,P
8°C,9,2026-07-31,P
8°C,9,2026-08-03,P
8°C,9,2026-08-04,P
8°C,9,2026-08-05,P
8°C,9,2026-08-06,P
8°C,9,2026-08-07,P
8°C,9,2026-08-10,P
8°C,9,2026-08-11,P
8°C,9,2026-08-12,F
8°C,9,2026-08-13,P
8°C,9,2026-08-14,P
8°C,9,2026-08-17,F
8°C,9,2026-08-18,P
8°C,9,2026-08-19,P
8°C,9,2026-08-20,P
8°C,9,2026-08-21,P
8°C,9,2026-08-22,P
8°C,9,2026-08-24,P
8°C,9,2026-08-25,P
8°C,9,2026-08-26,P
8°C,9,2026-08-27,P
8°C,9,2026-08-28,F
8°C,9,2026-08-31,P
8°C,10,2026-05-04,P
8°C,10,2026-05-05,P
8°C,10,2026-05-06,P
8°C,10,2026-05-07,P
8°C,10,2026-05-08,P
8°C,10,2026-05-11,P
8°C,10,2026-05-12,P
8°C,10,2026-05-13,P
8°C,10,2026-05-14,P
8°C,10,2026-05-15,F
8°C,10,2026-05-18,P
8°C,10,2026-05-19,P
8°C,10,2026-05-20,P
8°C,10,2026-05-21,P
8°C,10,2026-05-22,F
8°C,10,2026-05-25,F
8°C,10,2026-05-26,P
8°C,10,2026-05-27,P
8°C,10,2026-05-28,P
8°C,10,2026-05-29,F
8°C,10,2026-06-01,P
8°C,10,2026-06-02,P
8°C,10,2026-06-03,P
8°C,10,2026-06-08,F
8°C,10,2026-06-09,P
8°C,10,2026-06-10,F
8°C,10,2026-06-11,P
8°C,10,2026-06-12,F
8°C,10,2026-06-15,P
8°C,10,2026-06-16,P
8°C,10,2026-06-17,P
8°C,10,2026-06-18,F
8°C,10,2026-06-19,P
8°C,10,2026-06-22,F
8°C,10,2026-06-23,F
8°C,10,2026-06-24,P
8°C,10,2026-06-25,P
8°C,10,2026-06-26,F
8°C,10,2026-06-29,P
8°C,10,2026-06-30,F
8°C,10,2026-07-01,P
8°C,10,2026-07-02,P
8°C,10,2026-07-03,P
8°C,10,2026-07-28,F
8°C,10,2026-07-29,F
8°C,10,2026-07-30,P
8°C,10,2026-07-31,F
8°C,10,2026-08-03,F
8°C,10,2026-08-04,P
8°C,10,2026-08-05,P
8°C,10,2026-08-06,P
8°C,10,2026-08-07,P
8°C,10,2026-08-10,F
8°C,10,2026-08-11,P
8°C,10,2026-08-12,F
8°C,10,2026-08-13,P
8°C,10,2026-08-14,F
8°C,10,2026-08-17,F
8°C,10,2026-08-18,P
8°C,10,2026-08-19,P
8°C,10,2026-08-20,F
8°C,10,2026-08-21,P
8°C,10,2026-08-22,P
8°C,10,2026-08-24,F
8°C,10,2026-08-25,P
8°C,10,2026-08-26,F
8°C,10,2026-08-27,P
8°C,10,2026-08-28,P
8°C,10,2026-08-31,F
8°C,11,2026-05-04,P
8°C,11,2026-05-05,P
8°C,11,2026-05-06,P
8°C,11,2026-05-07,P
8°C,11,2026-05-08,F
8°C,11,2026-05-11,F
8°C,11,2026-05-12,P
8°C,11,2026-05-13,P
8°C,11,2026-05-14,F
8°C,11,2026-05-15,P
8°C,11,2026-05-18,P
8°C,11,2026-05-19,P
8°C,11,2026-05-20,P
8°C,11,2026-05-21,P
8°C,11,2026-05-22,P
8°C,11,2026-05-25,P
8°C,11,2026-05-26,P
8°C,11,2026-05-27,P
8°C,11,2026-05-28,P
8°C,11,2026-05-29,P
8°C,11,2026-06-01,P
8°C,11,2026-06-02,P
8°C,11,2026-06-03,P
8°C,11,2026-06-08,P
8°C,11,2026-06-09,P
8°C,11,2026-06-10,P
8°C,11,2026-06-11,P
8°C,11,2026-06-12,P
8°C,11,2026-06-15,F
8°C,11,2026-06-16,P
8°C,11,2026-06-17,P
8°C,11,2026-06-18,P
8°C,11,2026-06-19,F
8°C,11,2026-06-22,F
8°C,11,2026-06-23,P
8°C,11,2026-06-24,P
8°C,11,2026-06-25,P
8°C,11,2026-06-26,P
8°C,11,2026-06-29,P
8°C,11,2026-06-30,F
8°C,11,2026-07-01,P
8°C,11,2026-07-02,P
8°C,11,2026-07-03,P
8°C,11,2026-07-28,P
8°C,11,2026-07-29,P
8°C,11,2026-07-30,F
8°C,11,2026-07-31,P
8°C,11,2026-08-03,F
8°C,11,2026-08-04,P
8°C,11,2026-08-05,P
8°C,11,2026-08-06,P
8°C,11,2026-08-07,P
8°C,11,2026-08-10,P
8°C,11,2026-08-11,P
8°C,11,2026-08-12,P
8°C,11,2026-08-13,P
8°C,11,2026-08-14,F
8°C,11,2026-08-17,P
8°C,11,2026-08-18,F
8°C,11,2026-08-19,P
8°C,11,2026-08-20,P
8°C,11,2026-08-21,F
8°C,11,2026-08-22,P
8°C,11,2026-08-24,F
8°C,11,2026-08-25,P
8°C,11,2026-08-26,F
8°C,11,2026-08-27,P
8°C,11,2026-08-28,F
8°C,11,2026-08-31,P
8°C,12,2026-05-04,P
8°C,12,2026-05-05,P
8°C,12,2026-05-06,P
8°C,12,2026-05-07,P
8°C,12,2026-05-08,F
8°C,12,2026-05-11,P
8°C,12,2026-05-12,P
8°C,12,2026-05-13,F
8°C,12,2026-05-14,P
8°C,12,2026-05-15,F
8°C,12,2026-05-18,P
8°C,12,2026-05-19,F
8°C,12,2026-05-20,P
8°C,12,2026-05-21,F
8°C,12,2026-05-22,P
8°C,12,2026-05-25,F
8°C,12,2026-05-26,P
8°C,12,2026-05-27,P
8°C,12,2026-05-28,P
8°C,12,2026-05-29,P
8°C,12,2026-06-01,P
8°C,12,2026-06-02,F
8°C,12,2026-06-03,F
8°C,12,2026-06-08,F
8°C,12,2026-06-09,F
8°C,12,2026-06-10,P
8°C,12,2026-06-11,P
8°C,12,2026-06-12,P
8°C,12,2026-06-15,F
8°C,12,2026-06-16,P
8°C,12,2026-06-17,F
8°C,12,2026-06-18,P
8°C,12,2026-06-19,F
8°C,12,2026-06-22,P
8°C,12,2026-06-23,P
8°C,12,2026-06-24,F
8°C,12,2026-06-25,P
8°C,12,2026-06-26,F
8°C,12,2026-06-29,F
8°C,12,2026-06-30,F
8°C,12,2026-07-01,P
8°C,12,2026-07-02,P
8°C,12,2026-07-03,P
8°C,12,2026-07-28,P
8°C,12,2026-07-29,F
8°C,12,2026-07-30,P
8°C,12,2026-07-31,P
8°C,12,2026-08-03,F
8°C,12,2026-08-04,P
8°C,12,2026-08-05,P
8°C,12,2026-08-06,P
8°C,12,2026-08-07,P
8°C,12,2026-08-10,P
8°C,12,2026-08-11,P
8°C,12,2026-08-12,P
8°C,12,2026-08-13,F
8°C,12,2026-08-14,P
8°C,12,2026-08-17,P
8°C,12,2026-08-18,P
8°C,12,2026-08-19,P
8°C,12,2026-08-20,P
8°C,12,2026-08-21,F
8°C,12,2026-08-22,P
8°C,12,2026-08-24,P
8°C,12,2026-08-25,P
8°C,12,2026-08-26,P
8°C,12,2026-08-27,P
8°C,12,2026-08-28,F
8°C,12,2026-08-31,P
8°C,13,2026-05-04,P
8°C,13,2026-05-05,P
8°C,13,2026-05-06,F
8°C,13,2026-05-07,P
8°C,13,2026-05-08,P
8°C,13,2026-05-11,P
8°C,13,2026-05-12,P
8°C,13,2026-05-13,P
8°C,13,2026-05-14,P
8°C,13,2026-05-15,F
8°C,13,2026-05-18,P
8°C,13,2026-05-19,F
8°C,13,2026-05-20,F
8°C,13,2026-05-21,P
8°C,13,2026-05-22,P
8°C,13,2026-05-25,P
8°C,13,2026-05-26,P
8°C,13,2026-05-27,P
8°C,13,2026-05-28,P
8°C,13,2026-05-29,P
8°C,13,2026-06-01,P
8°C,13,2026-06-02,P
8°C,13,2026-06-03,P
8°C,13,2026-06-08,P
8°C,13,2026-06-09,F
8°C,13,2026-06-10,F
8°C,13,2026-06-11,F
8°C,13,2026-06-12,F
8°C,13,2026-06-15,P
8°C,13,2026-06-16,P
8°C,13,2026-06-17,P
8°C,13,2026-06-18,P
8°C,13,2026-06-19,F
8°C,13,2026-06-22,F
8°C,13,2026-06-23,P
8°C,13,2026-06-24,F
8°C,13,2026-06-25,P
8°C,13,2026-06-26,F
8°C,13,2026-06-29,F
8°C,13,2026-06-30,P
8°C,13,2026-07-01,F
8°C,13,2026-07-02,P
8°C,13,2026-07-03,P
8°C,13,2026-07-28,F
8°C,13,2026-07-29,F
8°C,13,2026-07-30,F
8°C,13,2026-07-31,F
8°C,13,2026-08-03,P
8°C,13,2026-08-04,F
8°C,13,2026-08-05,P
8°C,13,2026-08-06,P
8°C,13,2026-08-07,P
8°C,13,2026-08-10,P
8°C,13,2026-08-11,F
8°C,13,2026-08-12,P
8°C,13,2026-08-13,P
8°C,13,2026-08-14,F
8°C,13,2026-08-17,P
8°C,13,2026-08-18,P
8°C,13,2026-08-19,F
8°C,13,2026-08-20,P
8°C,13,2026-08-21,P
8°C,13,2026-08-22,P
8°C,13,2026-08-24,F
8°C,13,2026-08-25,P
8°C,13,2026-08-26,P
8°C,13,2026-08-27,F
8°C,13,2026-08-28,F
8°C,13,2026-08-31,P
8°C,14,2026-05-04,-
8°C,14,2026-05-05,-
8°C,14,2026-05-06,-
8°C,14,2026-05-07,-
8°C,14,2026-05-08,-
8°C,14,2026-05-11,-
8°C,14,2026-05-12,-
8°C,14,2026-05-13,-
8°C,14,2026-05-14,-
8°C,14,2026-05-15,-
8°C,14,2026-05-18,-
8°C,14,2026-05-19,-
8°C,14,2026-05-20,-
8°C,14,2026-05-21,-
8°C,14,2026-05-22,-
8°C,14,2026-05-25,-
8°C,14,2026-05-26,-
8°C,14,2026-05-27,-
8°C,14,2026-05-28,-
8°C,14,2026-05-29,-
8°C,14,2026-06-01,-
8°C,14,2026-06-02,-
8°C,14,2026-06-03,-
8°C,14,2026-06-08,-
8°C,14,2026-06-09,-
8°C,14,2026-06-10,-
8°C,14,2026-06-11,-
8°C,14,2026-06-12,-
8°C,14,2026-06-15,-
8°C,14,2026-06-16,-
8°C,14,2026-06-17,-
8°C,14,2026-06-18,-
8°C,14,2026-06-19,-
8°C,14,2026-06-22,-
8°C,14,2026-06-23,-
8°C,14,2026-06-24,-
8°C,14,2026-06-25,-
8°C,14,2026-06-26,-
8°C,14,2026-06-29,-
8°C,14,2026-06-30,-
8°C,14,2026-07-01,-
8°C,14,2026-07-02,-
8°C,14,2026-07-03,-
8°C,14,2026-07-28,-
8°C,14,2026-07-29,-
8°C,14,2026-07-30,-
8°C,14,2026-07-31,-
8°C,14,2026-08-03,-
8°C,14,2026-08-04,-
8°C,14,2026-08-05,-
8°C,14,2026-08-06,-
8°C,14,2026-08-07,-
8°C,14,2026-08-10,-
8°C,14,2026-08-11,-
8°C,14,2026-08-12,-
8°C,14,2026-08-13,-
8°C,14,2026-08-14,-
8°C,14,2026-08-17,-
8°C,14,2026-08-18,-
8°C,14,2026-08-19,-
8°C,14,2026-08-20,-
8°C,14,2026-08-21,-
8°C,14,2026-08-22,-
8°C,14,2026-08-24,-
8°C,14,2026-08-25,-
8°C,14,2026-08-26,-
8°C,14,2026-08-27,-
8°C,14,2026-08-28,-
8°C,14,2026-08-31,-
8°C,15,2026-05-04,P
8°C,15,2026-05-05,P
8°C,15,2026-05-06,P
8°C,15,2026-05-07,P
8°C,15,2026-05-08,P
8°C,15,2026-05-11,P
8°C,15,2026-05-12,P
8°C,15,2026-05-13,P
8°C,15,2026-05-14,P
8°C,15,2026-05-15,P
8°C,15,2026-05-18,P
8°C,15,2026-05-19,F
8°C,15,2026-05-20,P
8°C,15,2026-05-21,P
8°C,15,2026-05-22,P
8°C,15,2026-05-25,P
8°C,15,2026-05-26,P
8°C,15,2026-05-27,P
8°C,15,2026-05-28,F
8°C,15,2026-05-29,F
8°C,15,2026-06-01,P
8°C,15,2026-06-02,P
8°C,15,2026-06-03,P
8°C,15,2026-06-08,P
8°C,15,2026-06-09,P
8°C,15,2026-06-10,F
8°C,15,2026-06-11,P
8°C,15,2026-06-12,P
8°C,15,2026-06-15,F
8°C,15,2026-06-16,P
8°C,15,2026-06-17,P
8°C,15,2026-06-18,P
8°C,15,2026-06-19,P
8°C,15,2026-06-22,P
8°C,15,2026-06-23,P
8°C,15,2026-06-24,P
8°C,15,2026-06-25,P
8°C,15,2026-06-26,F
8°C,15,2026-06-29,F
8°C,15,2026-06-30,P
8°C,15,2026-07-01,P
8°C,15,2026-07-02,P
8°C,15,2026-07-03,P
8°C,15,2026-07-28,F
8°C,15,2026-07-29,P
8°C,15,2026-07-30,P
8°C,15,2026-07-31,F
8°C,15,2026-08-03,P
8°C,15,2026-08-04,P
8°C,15,2026-08-05,F
8°C,15,2026-08-06,P
8°C,15,2026-08-07,P
8°C,15,2026-08-10,F
8°C,15,2026-08-11,P
8°C,15,2026-08-12,P
8°C,15,2026-08-13,P
8°C,15,2026-08-14,P
8°C,15,2026-08-17,P
8°C,15,2026-08-18,P
8°C,15,2026-08-19,P
8°C,15,2026-08-20,P
8°C,15,2026-08-21,P
8°C,15,2026-08-22,P
8°C,15,2026-08-24,F
8°C,15,2026-08-25,P
8°C,15,2026-08-26,P
8°C,15,2026-08-27,P
8°C,15,2026-08-28,P
8°C,15,2026-08-31,P
8°C,16,2026-05-04,P
8°C,16,2026-05-05,P
8°C,16,2026-05-06,F
8°C,16,2026-05-07,F
8°C,16,2026-05-08,F
8°C,16,2026-05-11,P
8°C,16,2026-05-12,P
8°C,16,2026-05-13,P
8°C,16,2026-05-14,P
8°C,16,2026-05-15,P
8°C,16,2026-05-18,P
8°C,16,2026-05-19,P
8°C,16,2026-05-20,P
8°C,16,2026-05-21,P
8°C,16,2026-05-22,P
8°C,16,2026-05-25,P
8°C,16,2026-05-26,P
8°C,16,2026-05-27,P
8°C,16,2026-05-28,P
8°C,16,2026-05-29,P
8°C,16,2026-06-01,P
8°C,16,2026-06-02,P
8°C,16,2026-06-03,P
8°C,16,2026-06-08,P
8°C,16,2026-06-09,P
8°C,16,2026-06-10,P
8°C,16,2026-06-11,P
8°C,16,2026-06-12,P
8°C,16,2026-06-15,P
8°C,16,2026-06-16,P
8°C,16,2026-06-17,P
8°C,16,2026-06-18,P
8°C,16,2026-06-19,P
8°C,16,2026-06-22,P
8°C,16,2026-06-23,P
8°C,16,2026-06-24,P
8°C,16,2026-06-25,P
8°C,16,2026-06-26,F
8°C,16,2026-06-29,P
8°C,16,2026-06-30,F
8°C,16,2026-07-01,P
8°C,16,2026-07-02,P
8°C,16,2026-07-03,P
8°C,16,2026-07-28,F
8°C,16,2026-07-29,F
8°C,16,2026-07-30,F
8°C,16,2026-07-31,F
8°C,16,2026-08-03,P
8°C,16,2026-08-04,P
8°C,16,2026-08-05,P
8°C,16,2026-08-06,P
8°C,16,2026-08-07,P
8°C,16,2026-08-10,P
8°C,16,2026-08-11,P
8°C,16,2026-08-12,P
8°C,16,2026-08-13,P
8°C,16,2026-08-14,P
8°C,16,2026-08-17,P
8°C,16,2026-08-18,P
8°C,16,2026-08-19,P
8°C,16,2026-08-20,F
8°C,16,2026-08-21,P
8°C,16,2026-08-22,P
8°C,16,2026-08-24,P
8°C,16,2026-08-25,P
8°C,16,2026-08-26,P
8°C,16,2026-08-27,P
8°C,16,2026-08-28,P
8°C,16,2026-08-31,F
8°C,17,2026-05-04,P
8°C,17,2026-05-05,P
8°C,17,2026-05-06,P
8°C,17,2026-05-07,P
8°C,17,2026-05-08,P
8°C,17,2026-05-11,P
8°C,17,2026-05-12,P
8°C,17,2026-05-13,P
8°C,17,2026-05-14,P
8°C,17,2026-05-15,P
8°C,17,2026-05-18,P
8°C,17,2026-05-19,P
8°C,17,2026-05-20,P
8°C,17,2026-05-21,P
8°C,17,2026-05-22,F
8°C,17,2026-05-25,F
8°C,17,2026-05-26,P
8°C,17,2026-05-27,P
8°C,17,2026-05-28,P
8°C,17,2026-05-29,F
8°C,17,2026-06-01,P
8°C,17,2026-06-02,P
8°C,17,2026-06-03,P
8°C,17,2026-06-08,P
8°C,17,2026-06-09,P
8°C,17,2026-06-10,F
8°C,17,2026-06-11,P
8°C,17,2026-06-12,P
8°C,17,2026-06-15,F
8°C,17,2026-06-16,P
8°C,17,2026-06-17,P
8°C,17,2026-06-18,P
8°C,17,2026-06-19,P
8°C,17,2026-06-22,P
8°C,17,2026-06-23,P
8°C,17,2026-06-24,F
8°C,17,2026-06-25,P
8°C,17,2026-06-26,F
8°C,17,2026-06-29,F
8°C,17,2026-06-30,P
8°C,17,2026-07-01,P
8°C,17,2026-07-02,P
8°C,17,2026-07-03,P
8°C,17,2026-07-28,F
8°C,17,2026-07-29,F
8°C,17,2026-07-30,P
8°C,17,2026-07-31,P
8°C,17,2026-08-03,P
8°C,17,2026-08-04,F
8°C,17,2026-08-05,P
8°C,17,2026-08-06,P
8°C,17,2026-08-07,P
8°C,17,2026-08-10,F
8°C,17,2026-08-11,F
8°C,17,2026-08-12,P
8°C,17,2026-08-13,P
8°C,17,2026-08-14,P
8°C,17,2026-08-17,P
8°C,17,2026-08-18,P
8°C,17,2026-08-19,P
8°C,17,2026-08-20,P
8°C,17,2026-08-21,F
8°C,17,2026-08-22,P
8°C,17,2026-08-24,F
8°C,17,2026-08-25,P
8°C,17,2026-08-26,P
8°C,17,2026-08-27,F
8°C,17,2026-08-28,P
8°C,17,2026-08-31,F
8°C,18,2026-05-04,P
8°C,18,2026-05-05,P
8°C,18,2026-05-06,P
8°C,18,2026-05-07,F
8°C,18,2026-05-08,P
8°C,18,2026-05-11,P
8°C,18,2026-05-12,P
8°C,18,2026-05-13,P
8°C,18,2026-05-14,P
8°C,18,2026-05-15,P
8°C,18,2026-05-18,P
8°C,18,2026-05-19,P
8°C,18,2026-05-20,P
8°C,18,2026-05-21,P
8°C,18,2026-05-22,P
8°C,18,2026-05-25,P
8°C,18,2026-05-26,P
8°C,18,2026-05-27,P
8°C,18,2026-05-28,P
8°C,18,2026-05-29,P
8°C,18,2026-06-01,P
8°C,18,2026-06-02,P
8°C,18,2026-06-03,P
8°C,18,2026-06-08,P
8°C,18,2026-06-09,P
8°C,18,2026-06-10,P
8°C,18,2026-06-11,P
8°C,18,2026-06-12,P
8°C,18,2026-06-15,P
8°C,18,2026-06-16,P
8°C,18,2026-06-17,P
8°C,18,2026-06-18,P
8°C,18,2026-06-19,P
8°C,18,2026-06-22,P
8°C,18,2026-06-23,P
8°C,18,2026-06-24,P
8°C,18,2026-06-25,F
8°C,18,2026-06-26,F
8°C,18,2026-06-29,P
8°C,18,2026-06-30,F
8°C,18,2026-07-01,F
8°C,18,2026-07-02,P
8°C,18,2026-07-03,P
8°C,18,2026-07-28,F
8°C,18,2026-07-29,P
8°C,18,2026-07-30,P
8°C,18,2026-07-31,P
8°C,18,2026-08-03,P
8°C,18,2026-08-04,P
8°C,18,2026-08-05,P
8°C,18,2026-08-06,P
8°C,18,2026-08-07,P
8°C,18,2026-08-10,F
8°C,18,2026-08-11,P
8°C,18,2026-08-12,P
8°C,18,2026-08-13,P
8°C,18,2026-08-14,P
8°C,18,2026-08-17,F
8°C,18,2026-08-18,F
8°C,18,2026-08-19,P
8°C,18,2026-08-20,P
8°C,18,2026-08-21,F
8°C,18,2026-08-22,P
8°C,18,2026-08-24,F
8°C,18,2026-08-25,P
8°C,18,2026-08-26,P
8°C,18,2026-08-27,P
8°C,18,2026-08-28,P
8°C,18,2026-08-31,P
8°C,19,2026-05-04,P
8°C,19,2026-05-05,P
8°C,19,2026-05-06,P
8°C,19,2026-05-07,P
8°C,19,2026-05-08,P
8°C,19,2026-05-11,F
8°C,19,2026-05-12,P
8°C,19,2026-05-13,F
8°C,19,2026-05-14,P
8°C,19,2026-05-15,P
8°C,19,2026-05-18,F
8°C,19,2026-05-19,P
8°C,19,2026-05-20,P
8°C,19,2026-05-21,P
8°C,19,2026-05-22,P
8°C,19,2026-05-25,P
8°C,19,2026-05-26,F
8°C,19,2026-05-27,P
8°C,19,2026-05-28,P
8°C,19,2026-05-29,F
8°C,19,2026-06-01,P
8°C,19,2026-06-02,P
8°C,19,2026-06-03,F
8°C,19,2026-06-08,F
8°C,19,2026-06-09,P
8°C,19,2026-06-10,P
8°C,19,2026-06-11,F
8°C,19,2026-06-12,F
8°C,19,2026-06-15,F
8°C,19,2026-06-16,P
8°C,19,2026-06-17,P
8°C,19,2026-06-18,F
8°C,19,2026-06-19,P
8°C,19,2026-06-22,F
8°C,19,2026-06-23,F
8°C,19,2026-06-24,F
8°C,19,2026-06-25,P
8°C,19,2026-06-26,F
8°C,19,2026-06-29,P
8°C,19,2026-06-30,P
8°C,19,2026-07-01,P
8°C,19,2026-07-02,P
8°C,19,2026-07-03,P
8°C,19,2026-07-28,P
8°C,19,2026-07-29,F
8°C,19,2026-07-30,F
8°C,19,2026-07-31,F
8°C,19,2026-08-03,P
8°C,19,2026-08-04,F
8°C,19,2026-08-05,F
8°C,19,2026-08-06,P
8°C,19,2026-08-07,P
8°C,19,2026-08-10,P
8°C,19,2026-08-11,F
8°C,19,2026-08-12,F
8°C,19,2026-08-13,P
8°C,19,2026-08-14,P
8°C,19,2026-08-17,F
8°C,19,2026-08-18,P
8°C,19,2026-08-19,F
8°C,19,2026-08-20,P
8°C,19,2026-08-21,P
8°C,19,2026-08-22,P
8°C,19,2026-08-24,P
8°C,19,2026-08-25,P
8°C,19,2026-08-26,F
8°C,19,2026-08-27,F
8°C,19,2026-08-28,P
8°C,19,2026-08-31,F
8°C,20,2026-05-04,P
8°C,20,2026-05-05,P
8°C,20,2026-05-06,P
8°C,20,2026-05-07,P
8°C,20,2026-05-08,P
8°C,20,2026-05-11,P
8°C,20,2026-05-12,P
8°C,20,2026-05-13,P
8°C,20,2026-05-14,P
8°C,20,2026-05-15,P
8°C,20,2026-05-18,P
8°C,20,2026-05-19,P
8°C,20,2026-05-20,P
8°C,20,2026-05-21,P
8°C,20,2026-05-22,P
8°C,20,2026-05-25,P
8°C,20,2026-05-26,P
8°C,20,2026-05-27,P
8°C,20,2026-05-28,P
8°C,20,2026-05-29,P
8°C,20,2026-06-01,P
8°C,20,2026-06-02,P
8°C,20,2026-06-03,P
8°C,20,2026-06-08,P
8°C,20,2026-06-09,P
8°C,20,2026-06-10,P
8°C,20,2026-06-11,P
8°C,20,2026-06-12,P
8°C,20,2026-06-15,P
8°C,20,2026-06-16,P
8°C,20,2026-06-17,P
8°C,20,2026-06-18,P
8°C,20,2026-06-19,P
8°C,20,2026-06-22,P
8°C,20,2026-06-23,P
8°C,20,2026-06-24,F
8°C,20,2026-06-25,P
8°C,20,2026-06-26,P
8°C,20,2026-06-29,P
8°C,20,2026-06-30,P
8°C,20,2026-07-01,P
8°C,20,2026-07-02,P
8°C,20,2026-07-03,P
8°C,20,2026-07-28,P
8°C,20,2026-07-29,P
8°C,20,2026-07-30,P
8°C,20,2026-07-31,P
8°C,20,2026-08-03,P
8°C,20,2026-08-04,P
8°C,20,2026-08-05,P
8°C,20,2026-08-06,P
8°C,20,2026-08-07,P
8°C,20,2026-08-10,P
8°C,20,2026-08-11,P
8°C,20,2026-08-12,P
8°C,20,2026-08-13,P
8°C,20,2026-08-14,P
8°C,20,2026-08-17,F
8°C,20,2026-08-18,P
8°C,20,2026-08-19,P
8°C,20,2026-08-20,P
8°C,20,2026-08-21,P
8°C,20,2026-08-22,P
8°C,20,2026-08-24,P
8°C,20,2026-08-25,P
8°C,20,2026-08-26,P
8°C,20,2026-08-27,P
8°C,20,2026-08-28,P
8°C,20,2026-08-31,P
8°C,21,2026-05-04,P
8°C,21,2026-05-05,P
8°C,21,2026-05-06,P
8°C,21,2026-05-07,P
8°C,21,2026-05-08,F
8°C,21,2026-05-11,P
8°C,21,2026-05-12,P
8°C,21,2026-05-13,P
8°C,21,2026-05-14,F
8°C,21,2026-05-15,P
8°C,21,2026-05-18,F
8°C,21,2026-05-19,P
8°C,21,2026-05-20,P
8°C,21,2026-05-21,P
8°C,21,2026-05-22,F
8°C,21,2026-05-25,P
8°C,21,2026-05-26,P
8°C,21,2026-05-27,F
8°C,21,2026-05-28,P
8°C,21,2026-05-29,F
8°C,21,2026-06-01,P
8°C,21,2026-06-02,P
8°C,21,2026-06-03,F
8°C,21,2026-06-08,P
8°C,21,2026-06-09,P
8°C,21,2026-06-10,F
8°C,21,2026-06-11,P
8°C,21,2026-06-12,F
8°C,21,2026-06-15,F
8°C,21,2026-06-16,P
8°C,21,2026-06-17,P
8°C,21,2026-06-18,F
8°C,21,2026-06-19,P
8°C,21,2026-06-22,F
8°C,21,2026-06-23,P
8°C,21,2026-06-24,F
8°C,21,2026-06-25,P
8°C,21,2026-06-26,F
8°C,21,2026-06-29,F
8°C,21,2026-06-30,P
8°C,21,2026-07-01,F
8°C,21,2026-07-02,P
8°C,21,2026-07-03,P
8°C,21,2026-07-28,P
8°C,21,2026-07-29,P
8°C,21,2026-07-30,F
8°C,21,2026-07-31,P
8°C,21,2026-08-03,P
8°C,21,2026-08-04,P
8°C,21,2026-08-05,F
8°C,21,2026-08-06,P
8°C,21,2026-08-07,P
8°C,21,2026-08-10,P
8°C,21,2026-08-11,P
8°C,21,2026-08-12,P
8°C,21,2026-08-13,P
8°C,21,2026-08-14,F
8°C,21,2026-08-17,P
8°C,21,2026-08-18,P
8°C,21,2026-08-19,P
8°C,21,2026-08-20,P
8°C,21,2026-08-21,P
8°C,21,2026-08-22,P
8°C,21,2026-08-24,P
8°C,21,2026-08-25,P
8°C,21,2026-08-26,P
8°C,21,2026-08-27,F
8°C,21,2026-08-28,F
8°C,21,2026-08-31,F
8°C,22,2026-05-04,P
8°C,22,2026-05-05,P
8°C,22,2026-05-06,P
8°C,22,2026-05-07,P
8°C,22,2026-05-08,P
8°C,22,2026-05-11,F
8°C,22,2026-05-12,P
8°C,22,2026-05-13,P
8°C,22,2026-05-14,P
8°C,22,2026-05-15,P
8°C,22,2026-05-18,P
8°C,22,2026-05-19,F
8°C,22,2026-05-20,P
8°C,22,2026-05-21,F
8°C,22,2026-05-22,F
8°C,22,2026-05-25,P
8°C,22,2026-05-26,F
8°C,22,2026-05-27,P
8°C,22,2026-05-28,P
8°C,22,2026-05-29,F
8°C,22,2026-06-01,F
8°C,22,2026-06-02,P
8°C,22,2026-06-03,F
8°C,22,2026-06-08,P
8°C,22,2026-06-09,F
8°C,22,2026-06-10,P
8°C,22,2026-06-11,F
8°C,22,2026-06-12,F
8°C,22,2026-06-15,P
8°C,22,2026-06-16,P
8°C,22,2026-06-17,P
8°C,22,2026-06-18,P
8°C,22,2026-06-19,F
8°C,22,2026-06-22,P
8°C,22,2026-06-23,F
8°C,22,2026-06-24,P
8°C,22,2026-06-25,P
8°C,22,2026-06-26,P
8°C,22,2026-06-29,F
8°C,22,2026-06-30,F
8°C,22,2026-07-01,P
8°C,22,2026-07-02,P
8°C,22,2026-07-03,P
8°C,22,2026-07-28,-
8°C,22,2026-07-29,-
8°C,22,2026-07-30,-
8°C,22,2026-07-31,-
8°C,22,2026-08-03,-
8°C,22,2026-08-04,-
8°C,22,2026-08-05,-
8°C,22,2026-08-06,-
8°C,22,2026-08-07,-
8°C,22,2026-08-10,-
8°C,22,2026-08-11,-
8°C,22,2026-08-12,-
8°C,22,2026-08-13,-
8°C,22,2026-08-14,-
8°C,22,2026-08-17,-
8°C,22,2026-08-18,-
8°C,22,2026-08-19,-
8°C,22,2026-08-20,-
8°C,22,2026-08-21,-
8°C,22,2026-08-22,-
8°C,22,2026-08-24,-
8°C,22,2026-08-25,-
8°C,22,2026-08-26,-
8°C,22,2026-08-27,-
8°C,22,2026-08-28,-
8°C,22,2026-08-31,-
8°C,23,2026-05-04,P
8°C,23,2026-05-05,P
8°C,23,2026-05-06,P
8°C,23,2026-05-07,P
8°C,23,2026-05-08,P
8°C,23,2026-05-11,P
8°C,23,2026-05-12,P
8°C,23,2026-05-13,P
8°C,23,2026-05-14,P
8°C,23,2026-05-15,P
8°C,23,2026-05-18,P
8°C,23,2026-05-19,P
8°C,23,2026-05-20,F
8°C,23,2026-05-21,F
8°C,23,2026-05-22,P
8°C,23,2026-05-25,P
8°C,23,2026-05-26,P
8°C,23,2026-05-27,P
8°C,23,2026-05-28,P
8°C,23,2026-05-29,F
8°C,23,2026-06-01,P
8°C,23,2026-06-02,P
8°C,23,2026-06-03,F
8°C,23,2026-06-08,P
8°C,23,2026-06-09,P
8°C,23,2026-06-10,P
8°C,23,2026-06-11,P
8°C,23,2026-06-12,P
8°C,23,2026-06-15,F
8°C,23,2026-06-16,P
8°C,23,2026-06-17,F
8°C,23,2026-06-18,P
8°C,23,2026-06-19,P
8°C,23,2026-06-22,F
8°C,23,2026-06-23,F
8°C,23,2026-06-24,F
8°C,23,2026-06-25,F
8°C,23,2026-06-26,P
8°C,23,2026-06-29,F
8°C,23,2026-06-30,P
8°C,23,2026-07-01,F
8°C,23,2026-07-02,P
8°C,23,2026-07-03,P
8°C,23,2026-07-28,P
8°C,23,2026-07-29,P
8°C,23,2026-07-30,F
8°C,23,2026-07-31,P
8°C,23,2026-08-03,P
8°C,23,2026-08-04,P
8°C,23,2026-08-05,F
8°C,23,2026-08-06,P
8°C,23,2026-08-07,P
8°C,23,2026-08-10,P
8°C,23,2026-08-11,P
8°C,23,2026-08-12,P
8°C,23,2026-08-13,P
8°C,23,2026-08-14,P
8°C,23,2026-08-17,P
8°C,23,2026-08-18,F
8°C,23,2026-08-19,P
8°C,23,2026-08-20,P
8°C,23,2026-08-21,P
8°C,23,2026-08-22,P
8°C,23,2026-08-24,P
8°C,23,2026-08-25,P
8°C,23,2026-08-26,P
8°C,23,2026-08-27,F
8°C,23,2026-08-28,P
8°C,23,2026-08-31,F
8°C,24,2026-05-04,P
8°C,24,2026-05-05,P
8°C,24,2026-05-06,P
8°C,24,2026-05-07,P
8°C,24,2026-05-08,P
8°C,24,2026-05-11,F
8°C,24,2026-05-12,P
8°C,24,2026-05-13,P
8°C,24,2026-05-14,P
8°C,24,2026-05-15,P
8°C,24,2026-05-18,P
8°C,24,2026-05-19,F
8°C,24,2026-05-20,P
8°C,24,2026-05-21,F
8°C,24,2026-05-22,P
8°C,24,2026-05-25,P
8°C,24,2026-05-26,F
8°C,24,2026-05-27,P
8°C,24,2026-05-28,P
8°C,24,2026-05-29,F
8°C,24,2026-06-01,P
8°C,24,2026-06-02,P
8°C,24,2026-06-03,F
8°C,24,2026-06-08,P
8°C,24,2026-06-09,P
8°C,24,2026-06-10,P
8°C,24,2026-06-11,P
8°C,24,2026-06-12,P
8°C,24,2026-06-15,F
8°C,24,2026-06-16,P
8°C,24,2026-06-17,P
8°C,24,2026-06-18,P
8°C,24,2026-06-19,F
8°C,24,2026-06-22,F
8°C,24,2026-06-23,P
8°C,24,2026-06-24,F
8°C,24,2026-06-25,P
8°C,24,2026-06-26,F
8°C,24,2026-06-29,P
8°C,24,2026-06-30,F
8°C,24,2026-07-01,P
8°C,24,2026-07-02,P
8°C,24,2026-07-03,P
8°C,24,2026-07-28,P
8°C,24,2026-07-29,F
8°C,24,2026-07-30,F
8°C,24,2026-07-31,P
8°C,24,2026-08-03,P
8°C,24,2026-08-04,P
8°C,24,2026-08-05,P
8°C,24,2026-08-06,P
8°C,24,2026-08-07,P
8°C,24,2026-08-10,F
8°C,24,2026-08-11,F
8°C,24,2026-08-12,P
8°C,24,2026-08-13,P
8°C,24,2026-08-14,P
8°C,24,2026-08-17,F
8°C,24,2026-08-18,P
8°C,24,2026-08-19,P
8°C,24,2026-08-20,P
8°C,24,2026-08-21,F
8°C,24,2026-08-22,P
8°C,24,2026-08-24,P
8°C,24,2026-08-25,P
8°C,24,2026-08-26,P
8°C,24,2026-08-27,P
8°C,24,2026-08-28,F
8°C,24,2026-08-31,P
8°C,25,2026-05-04,P
8°C,25,2026-05-05,P
8°C,25,2026-05-06,P
8°C,25,2026-05-07,P
8°C,25,2026-05-08,P
8°C,25,2026-05-11,P
8°C,25,2026-05-12,P
8°C,25,2026-05-13,P
8°C,25,2026-05-14,P
8°C,25,2026-05-15,P
8°C,25,2026-05-18,P
8°C,25,2026-05-19,P
8°C,25,2026-05-20,P
8°C,25,2026-05-21,P
8°C,25,2026-05-22,P
8°C,25,2026-05-25,P
8°C,25,2026-05-26,P
8°C,25,2026-05-27,P
8°C,25,2026-05-28,P
8°C,25,2026-05-29,F
8°C,25,2026-06-01,P
8°C,25,2026-06-02,P
8°C,25,2026-06-03,F
8°C,25,2026-06-08,P
8°C,25,2026-06-09,P
8°C,25,2026-06-10,P
8°C,25,2026-06-11,P
8°C,25,2026-06-12,P
8°C,25,2026-06-15,P
8°C,25,2026-06-16,P
8°C,25,2026-06-17,P
8°C,25,2026-06-18,P
8°C,25,2026-06-19,P
8°C,25,2026-06-22,P
8°C,25,2026-06-23,P
8°C,25,2026-06-24,P
8°C,25,2026-06-25,P
8°C,25,2026-06-26,P
8°C,25,2026-06-29,P
8°C,25,2026-06-30,P
8°C,25,2026-07-01,P
8°C,25,2026-07-02,P
8°C,25,2026-07-03,P
8°C,25,2026-07-28,P
8°C,25,2026-07-29,P
8°C,25,2026-07-30,P
8°C,25,2026-07-31,P
8°C,25,2026-08-03,P
8°C,25,2026-08-04,P
8°C,25,2026-08-05,P
8°C,25,2026-08-06,P
8°C,25,2026-08-07,P
8°C,25,2026-08-10,P
8°C,25,2026-08-11,P
8°C,25,2026-08-12,P
8°C,25,2026-08-13,P
8°C,25,2026-08-14,P
8°C,25,2026-08-17,P
8°C,25,2026-08-18,P
8°C,25,2026-08-19,P
8°C,25,2026-08-20,F
8°C,25,2026-08-21,P
8°C,25,2026-08-22,P
8°C,25,2026-08-24,P
8°C,25,2026-08-25,P
8°C,25,2026-08-26,P
8°C,25,2026-08-27,P
8°C,25,2026-08-28,P
8°C,25,2026-08-31,P
8°C,26,2026-05-04,P
8°C,26,2026-05-05,P
8°C,26,2026-05-06,P
8°C,26,2026-05-07,P
8°C,26,2026-05-08,F
8°C,26,2026-05-11,P
8°C,26,2026-05-12,P
8°C,26,2026-05-13,P
8°C,26,2026-05-14,P
8°C,26,2026-05-15,P
8°C,26,2026-05-18,P
8°C,26,2026-05-19,P
8°C,26,2026-05-20,P
8°C,26,2026-05-21,F
8°C,26,2026-05-22,P
8°C,26,2026-05-25,P
8°C,26,2026-05-26,F
8°C,26,2026-05-27,P
8°C,26,2026-05-28,P
8°C,26,2026-05-29,F
8°C,26,2026-06-01,P
8°C,26,2026-06-02,P
8°C,26,2026-06-03,P
8°C,26,2026-06-08,P
8°C,26,2026-06-09,P
8°C,26,2026-06-10,P
8°C,26,2026-06-11,P
8°C,26,2026-06-12,F
8°C,26,2026-06-15,F
8°C,26,2026-06-16,P
8°C,26,2026-06-17,P
8°C,26,2026-06-18,P
8°C,26,2026-06-19,P
8°C,26,2026-06-22,P
8°C,26,2026-06-23,P
8°C,26,2026-06-24,P
8°C,26,2026-06-25,P
8°C,26,2026-06-26,P
8°C,26,2026-06-29,P
8°C,26,2026-06-30,P
8°C,26,2026-07-01,P
8°C,26,2026-07-02,P
8°C,26,2026-07-03,P
8°C,26,2026-07-28,P
8°C,26,2026-07-29,P
8°C,26,2026-07-30,P
8°C,26,2026-07-31,P
8°C,26,2026-08-03,P
8°C,26,2026-08-04,F
8°C,26,2026-08-05,P
8°C,26,2026-08-06,P
8°C,26,2026-08-07,P
8°C,26,2026-08-10,F
8°C,26,2026-08-11,P
8°C,26,2026-08-12,F
8°C,26,2026-08-13,P
8°C,26,2026-08-14,P
8°C,26,2026-08-17,F
8°C,26,2026-08-18,P
8°C,26,2026-08-19,P
8°C,26,2026-08-20,P
8°C,26,2026-08-21,P
8°C,26,2026-08-22,P
8°C,26,2026-08-24,P
8°C,26,2026-08-25,P
8°C,26,2026-08-26,P
8°C,26,2026-08-27,P
8°C,26,2026-08-28,P
8°C,26,2026-08-31,F
8°C,27,2026-05-04,P
8°C,27,2026-05-05,P
8°C,27,2026-05-06,P
8°C,27,2026-05-07,P
8°C,27,2026-05-08,P
8°C,27,2026-05-11,P
8°C,27,2026-05-12,P
8°C,27,2026-05-13,P
8°C,27,2026-05-14,P
8°C,27,2026-05-15,P
8°C,27,2026-05-18,P
8°C,27,2026-05-19,P
8°C,27,2026-05-20,P
8°C,27,2026-05-21,P
8°C,27,2026-05-22,P
8°C,27,2026-05-25,P
8°C,27,2026-05-26,P
8°C,27,2026-05-27,P
8°C,27,2026-05-28,P
8°C,27,2026-05-29,P
8°C,27,2026-06-01,P
8°C,27,2026-06-02,P
8°C,27,2026-06-03,P
8°C,27,2026-06-08,P
8°C,27,2026-06-09,P
8°C,27,2026-06-10,P
8°C,27,2026-06-11,P
8°C,27,2026-06-12,P
8°C,27,2026-06-15,F
8°C,27,2026-06-16,P
8°C,27,2026-06-17,P
8°C,27,2026-06-18,P
8°C,27,2026-06-19,P
8°C,27,2026-06-22,P
8°C,27,2026-06-23,P
8°C,27,2026-06-24,F
8°C,27,2026-06-25,P
8°C,27,2026-06-26,P
8°C,27,2026-06-29,P
8°C,27,2026-06-30,P
8°C,27,2026-07-01,P
8°C,27,2026-07-02,P
8°C,27,2026-07-03,P
8°C,27,2026-07-28,P
8°C,27,2026-07-29,P
8°C,27,2026-07-30,P
8°C,27,2026-07-31,P
8°C,27,2026-08-03,P
8°C,27,2026-08-04,P
8°C,27,2026-08-05,P
8°C,27,2026-08-06,P
8°C,27,2026-08-07,P
8°C,27,2026-08-10,P
8°C,27,2026-08-11,F
8°C,27,2026-08-12,P
8°C,27,2026-08-13,P
8°C,27,2026-08-14,P
8°C,27,2026-08-17,F
8°C,27,2026-08-18,P
8°C,27,2026-08-19,P
8°C,27,2026-08-20,P
8°C,27,2026-08-21,P
8°C,27,2026-08-22,P
8°C,27,2026-08-24,P
8°C,27,2026-08-25,P
8°C,27,2026-08-26,P
8°C,27,2026-08-27,P
8°C,27,2026-08-28,P
8°C,27,2026-08-31,P
8°C,28,2026-05-04,-
8°C,28,2026-05-05,-
8°C,28,2026-05-06,-
8°C,28,2026-05-07,-
8°C,28,2026-05-08,-
8°C,28,2026-05-11,-
8°C,28,2026-05-12,-
8°C,28,2026-05-13,-
8°C,28,2026-05-14,-
8°C,28,2026-05-15,-
8°C,28,2026-05-18,-
8°C,28,2026-05-19,-
8°C,28,2026-05-20,-
8°C,28,2026-05-21,-
8°C,28,2026-05-22,-
8°C,28,2026-05-25,P
8°C,28,2026-05-26,P
8°C,28,2026-05-27,P
8°C,28,2026-05-28,P
8°C,28,2026-05-29,P
8°C,28,2026-06-01,P
8°C,28,2026-06-02,P
8°C,28,2026-06-03,P
8°C,28,2026-06-08,P
8°C,28,2026-06-09,P
8°C,28,2026-06-10,P
8°C,28,2026-06-11,P
8°C,28,2026-06-12,P
8°C,28,2026-06-15,P
8°C,28,2026-06-16,P
8°C,28,2026-06-17,P
8°C,28,2026-06-18,P
8°C,28,2026-06-19,F
8°C,28,2026-06-22,P
8°C,28,2026-06-23,P
8°C,28,2026-06-24,F
8°C,28,2026-06-25,P
8°C,28,2026-06-26,P
8°C,28,2026-06-29,F
8°C,28,2026-06-30,P
8°C,28,2026-07-01,F
8°C,28,2026-07-02,P
8°C,28,2026-07-03,P
8°C,28,2026-07-28,P
8°C,28,2026-07-29,P
8°C,28,2026-07-30,P
8°C,28,2026-07-31,P
8°C,28,2026-08-03,P
8°C,28,2026-08-04,P
8°C,28,2026-08-05,F
8°C,28,2026-08-06,F
8°C,28,2026-08-07,P
8°C,28,2026-08-10,F
8°C,28,2026-08-11,F
8°C,28,2026-08-12,F
8°C,28,2026-08-13,P
8°C,28,2026-08-14,P
8°C,28,2026-08-17,P
8°C,28,2026-08-18,P
8°C,28,2026-08-19,P
8°C,28,2026-08-20,F
8°C,28,2026-08-21,F
8°C,28,2026-08-22,P
8°C,28,2026-08-24,P
8°C,28,2026-08-25,P
8°C,28,2026-08-26,P
8°C,28,2026-08-27,F
8°C,28,2026-08-28,P
8°C,28,2026-08-31,F
8°C,29,2026-05-04,-
8°C,29,2026-05-05,-
8°C,29,2026-05-06,-
8°C,29,2026-05-07,-
8°C,29,2026-05-08,-
8°C,29,2026-05-11,-
8°C,29,2026-05-12,-
8°C,29,2026-05-13,-
8°C,29,2026-05-14,-
8°C,29,2026-05-15,-
8°C,29,2026-05-18,-
8°C,29,2026-05-19,-
8°C,29,2026-05-20,-
8°C,29,2026-05-21,-
8°C,29,2026-05-22,-
8°C,29,2026-05-25,-
8°C,29,2026-05-26,-
8°C,29,2026-05-27,-
8°C,29,2026-05-28,-
8°C,29,2026-05-29,-
8°C,29,2026-06-01,-
8°C,29,2026-06-02,-
8°C,29,2026-06-03,-
8°C,29,2026-06-08,F
8°C,29,2026-06-09,P
8°C,29,2026-06-10,F
8°C,29,2026-06-11,P
8°C,29,2026-06-12,P
8°C,29,2026-06-15,F
8°C,29,2026-06-16,P
8°C,29,2026-06-17,P
8°C,29,2026-06-18,F
8°C,29,2026-06-19,F
8°C,29,2026-06-22,P
8°C,29,2026-06-23,F
8°C,29,2026-06-24,F
8°C,29,2026-06-25,F
8°C,29,2026-06-26,P
8°C,29,2026-06-29,F
8°C,29,2026-06-30,P
8°C,29,2026-07-01,P
8°C,29,2026-07-02,P
8°C,29,2026-07-03,P
8°C,29,2026-07-28,P
8°C,29,2026-07-29,P
8°C,29,2026-07-30,F
8°C,29,2026-07-31,P
8°C,29,2026-08-03,P
8°C,29,2026-08-04,P
8°C,29,2026-08-05,P
8°C,29,2026-08-06,F
8°C,29,2026-08-07,P
8°C,29,2026-08-10,P
8°C,29,2026-08-11,P
8°C,29,2026-08-12,P
8°C,29,2026-08-13,F
8°C,29,2026-08-14,P
8°C,29,2026-08-17,P
8°C,29,2026-08-18,F
8°C,29,2026-08-19,P
8°C,29,2026-08-20,P
8°C,29,2026-08-21,F
8°C,29,2026-08-22,P
8°C,29,2026-08-24,F
8°C,29,2026-08-25,P
8°C,29,2026-08-26,P
8°C,29,2026-08-27,P
8°C,29,2026-08-28,F
8°C,29,2026-08-31,F
8°C,30,2026-05-04,-
8°C,30,2026-05-05,-
8°C,30,2026-05-06,-
8°C,30,2026-05-07,-
8°C,30,2026-05-08,-
8°C,30,2026-05-11,-
8°C,30,2026-05-12,-
8°C,30,2026-05-13,-
8°C,30,2026-05-14,-
8°C,30,2026-05-15,-
8°C,30,2026-05-18,-
8°C,30,2026-05-19,-
8°C,30,2026-05-20,-
8°C,30,2026-05-21,-
8°C,30,2026-05-22,-
8°C,30,2026-05-25,-
8°C,30,2026-05-26,-
8°C,30,2026-05-27,-
8°C,30,2026-05-28,-
8°C,30,2026-05-29,-
8°C,30,2026-06-01,-
8°C,30,2026-06-02,-
8°C,30,2026-06-03,-
8°C,30,2026-06-08,-
8°C,30,2026-06-09,-
8°C,30,2026-06-10,-
8°C,30,2026-06-11,-
8°C,30,2026-06-12,-
8°C,30,2026-06-15,-
8°C,30,2026-06-16,-
8°C,30,2026-06-17,-
8°C,30,2026-06-18,-
8°C,30,2026-06-19,-
8°C,30,2026-06-22,-
8°C,30,2026-06-23,-
8°C,30,2026-06-24,-
8°C,30,2026-06-25,-
8°C,30,2026-06-26,-
8°C,30,2026-06-29,-
8°C,30,2026-06-30,-
8°C,30,2026-07-01,-
8°C,30,2026-07-02,-
8°C,30,2026-07-03,-
8°C,30,2026-07-28,-
8°C,30,2026-07-29,-
8°C,30,2026-07-30,-
8°C,30,2026-07-31,-
8°C,30,2026-08-03,-
8°C,30,2026-08-04,-
8°C,30,2026-08-05,P
8°C,30,2026-08-06,P
8°C,30,2026-08-07,P
8°C,30,2026-08-10,F
8°C,30,2026-08-11,F
8°C,30,2026-08-12,P
8°C,30,2026-08-13,P
8°C,30,2026-08-14,F
8°C,30,2026-08-17,F
8°C,30,2026-08-18,F
8°C,30,2026-08-19,P
8°C,30,2026-08-20,F
8°C,30,2026-08-21,F
8°C,30,2026-08-22,P
8°C,30,2026-08-24,P
8°C,30,2026-08-25,P
8°C,30,2026-08-26,P
8°C,30,2026-08-27,P
8°C,30,2026-08-28,F
8°C,30,2026-08-31,F
8°D,2,2026-05-04,P
8°D,2,2026-05-05,P
8°D,2,2026-05-06,F
8°D,2,2026-05-07,P
8°D,2,2026-05-08,P
8°D,2,2026-05-11,P
8°D,2,2026-05-12,P
8°D,2,2026-05-13,P
8°D,2,2026-05-14,P
8°D,2,2026-05-15,P
8°D,2,2026-05-18,F
8°D,2,2026-05-19,P
8°D,2,2026-05-20,P
8°D,2,2026-05-21,F
8°D,2,2026-05-22,P
8°D,2,2026-05-25,F
8°D,2,2026-05-26,P
8°D,2,2026-05-27,P
8°D,2,2026-05-28,P
8°D,2,2026-05-29,F
8°D,2,2026-06-01,P
8°D,2,2026-06-02,P
8°D,2,2026-06-03,F
8°D,2,2026-06-08,P
8°D,2,2026-06-09,P
8°D,2,2026-06-10,P
8°D,2,2026-06-11,F
8°D,2,2026-06-12,P
8°D,2,2026-06-15,F
8°D,2,2026-06-16,P
8°D,2,2026-06-17,P
8°D,2,2026-06-18,P
8°D,2,2026-06-19,P
8°D,2,2026-06-22,P
8°D,2,2026-06-23,P
8°D,2,2026-06-24,F
8°D,2,2026-06-25,P
8°D,2,2026-06-26,P
8°D,2,2026-06-29,P
8°D,2,2026-06-30,F
8°D,2,2026-07-01,P
8°D,2,2026-07-02,P
8°D,2,2026-07-03,P
8°D,2,2026-07-28,F
8°D,2,2026-07-29,P
8°D,2,2026-07-30,P
8°D,2,2026-07-31,P
8°D,2,2026-08-03,P
8°D,2,2026-08-04,P
8°D,2,2026-08-05,P
8°D,2,2026-08-06,P
8°D,2,2026-08-07,P
8°D,2,2026-08-10,F
8°D,2,2026-08-11,P
8°D,2,2026-08-12,P
8°D,2,2026-08-13,P
8°D,2,2026-08-14,F
8°D,2,2026-08-17,P
8°D,2,2026-08-18,P
8°D,2,2026-08-19,P
8°D,2,2026-08-20,P
8°D,2,2026-08-21,P
8°D,2,2026-08-22,P
8°D,2,2026-08-24,F
8°D,2,2026-08-25,P
8°D,2,2026-08-26,P
8°D,2,2026-08-27,F
8°D,2,2026-08-28,F
8°D,2,2026-08-31,F
8°D,3,2026-05-04,P
8°D,3,2026-05-05,P
8°D,3,2026-05-06,F
8°D,3,2026-05-07,P
8°D,3,2026-05-08,P
8°D,3,2026-05-11,P
8°D,3,2026-05-12,P
8°D,3,2026-05-13,P
8°D,3,2026-05-14,P
8°D,3,2026-05-15,P
8°D,3,2026-05-18,P
8°D,3,2026-05-19,P
8°D,3,2026-05-20,P
8°D,3,2026-05-21,F
8°D,3,2026-05-22,P
8°D,3,2026-05-25,P
8°D,3,2026-05-26,P
8°D,3,2026-05-27,P
8°D,3,2026-05-28,P
8°D,3,2026-05-29,P
8°D,3,2026-06-01,P
8°D,3,2026-06-02,P
8°D,3,2026-06-03,P
8°D,3,2026-06-08,F
8°D,3,2026-06-09,P
8°D,3,2026-06-10,P
8°D,3,2026-06-11,P
8°D,3,2026-06-12,P
8°D,3,2026-06-15,P
8°D,3,2026-06-16,P
8°D,3,2026-06-17,P
8°D,3,2026-06-18,P
8°D,3,2026-06-19,P
8°D,3,2026-06-22,F
8°D,3,2026-06-23,F
8°D,3,2026-06-24,F
8°D,3,2026-06-25,P
8°D,3,2026-06-26,P
8°D,3,2026-06-29,P
8°D,3,2026-06-30,P
8°D,3,2026-07-01,P
8°D,3,2026-07-02,P
8°D,3,2026-07-03,P
8°D,3,2026-07-28,P
8°D,3,2026-07-29,P
8°D,3,2026-07-30,P
8°D,3,2026-07-31,F
8°D,3,2026-08-03,P
8°D,3,2026-08-04,P
8°D,3,2026-08-05,P
8°D,3,2026-08-06,P
8°D,3,2026-08-07,P
8°D,3,2026-08-10,F
8°D,3,2026-08-11,P
8°D,3,2026-08-12,P
8°D,3,2026-08-13,P
8°D,3,2026-08-14,P
8°D,3,2026-08-17,P
8°D,3,2026-08-18,P
8°D,3,2026-08-19,P
8°D,3,2026-08-20,P
8°D,3,2026-08-21,P
8°D,3,2026-08-22,P
8°D,3,2026-08-24,P
8°D,3,2026-08-25,P
8°D,3,2026-08-26,P
8°D,3,2026-08-27,P
8°D,3,2026-08-28,P
8°D,3,2026-08-31,P
8°D,4,2026-05-04,P
8°D,4,2026-05-05,P
8°D,4,2026-05-06,P
8°D,4,2026-05-07,P
8°D,4,2026-05-08,F
8°D,4,2026-05-11,P
8°D,4,2026-05-12,P
8°D,4,2026-05-13,P
8°D,4,2026-05-14,P
8°D,4,2026-05-15,P
8°D,4,2026-05-18,P
8°D,4,2026-05-19,P
8°D,4,2026-05-20,F
8°D,4,2026-05-21,P
8°D,4,2026-05-22,P
8°D,4,2026-05-25,P
8°D,4,2026-05-26,P
8°D,4,2026-05-27,F
8°D,4,2026-05-28,P
8°D,4,2026-05-29,P
8°D,4,2026-06-01,P
8°D,4,2026-06-02,P
8°D,4,2026-06-03,F
8°D,4,2026-06-08,P
8°D,4,2026-06-09,P
8°D,4,2026-06-10,P
8°D,4,2026-06-11,F
8°D,4,2026-06-12,P
8°D,4,2026-06-15,F
8°D,4,2026-06-16,P
8°D,4,2026-06-17,P
8°D,4,2026-06-18,P
8°D,4,2026-06-19,P
8°D,4,2026-06-22,P
8°D,4,2026-06-23,P
8°D,4,2026-06-24,F
8°D,4,2026-06-25,P
8°D,4,2026-06-26,P
8°D,4,2026-06-29,F
8°D,4,2026-06-30,P
8°D,4,2026-07-01,P
8°D,4,2026-07-02,P
8°D,4,2026-07-03,P
8°D,4,2026-07-28,P
8°D,4,2026-07-29,P
8°D,4,2026-07-30,F
8°D,4,2026-07-31,P
8°D,4,2026-08-03,P
8°D,4,2026-08-04,P
8°D,4,2026-08-05,P
8°D,4,2026-08-06,F
8°D,4,2026-08-07,P
8°D,4,2026-08-10,F
8°D,4,2026-08-11,P
8°D,4,2026-08-12,F
8°D,4,2026-08-13,P
8°D,4,2026-08-14,P
8°D,4,2026-08-17,F
8°D,4,2026-08-18,F
8°D,4,2026-08-19,P
8°D,4,2026-08-20,P
8°D,4,2026-08-21,F
8°D,4,2026-08-22,P
8°D,4,2026-08-24,P
8°D,4,2026-08-25,P
8°D,4,2026-08-26,P
8°D,4,2026-08-27,F
8°D,4,2026-08-28,P
8°D,4,2026-08-31,P
8°D,5,2026-05-04,P
8°D,5,2026-05-05,P
8°D,5,2026-05-06,P
8°D,5,2026-05-07,P
8°D,5,2026-05-08,P
8°D,5,2026-05-11,F
8°D,5,2026-05-12,P
8°D,5,2026-05-13,P
8°D,5,2026-05-14,P
8°D,5,2026-05-15,P
8°D,5,2026-05-18,P
8°D,5,2026-05-19,P
8°D,5,2026-05-20,P
8°D,5,2026-05-21,P
8°D,5,2026-05-22,F
8°D,5,2026-05-25,P
8°D,5,2026-05-26,P
8°D,5,2026-05-27,P
8°D,5,2026-05-28,P
8°D,5,2026-05-29,P
8°D,5,2026-06-01,P
8°D,5,2026-06-02,P
8°D,5,2026-06-03,P
8°D,5,2026-06-08,P
8°D,5,2026-06-09,P
8°D,5,2026-06-10,P
8°D,5,2026-06-11,F
8°D,5,2026-06-12,P
8°D,5,2026-06-15,F
8°D,5,2026-06-16,P
8°D,5,2026-06-17,P
8°D,5,2026-06-18,P
8°D,5,2026-06-19,P
8°D,5,2026-06-22,F
8°D,5,2026-06-23,P
8°D,5,2026-06-24,P
8°D,5,2026-06-25,P
8°D,5,2026-06-26,F
8°D,5,2026-06-29,P
8°D,5,2026-06-30,P
8°D,5,2026-07-01,P
8°D,5,2026-07-02,P
8°D,5,2026-07-03,P
8°D,5,2026-07-28,F
8°D,5,2026-07-29,F
8°D,5,2026-07-30,F
8°D,5,2026-07-31,F
8°D,5,2026-08-03,P
8°D,5,2026-08-04,F
8°D,5,2026-08-05,F
8°D,5,2026-08-06,P
8°D,5,2026-08-07,P
8°D,5,2026-08-10,P
8°D,5,2026-08-11,P
8°D,5,2026-08-12,P
8°D,5,2026-08-13,F
8°D,5,2026-08-14,F
8°D,5,2026-08-17,P
8°D,5,2026-08-18,P
8°D,5,2026-08-19,P
8°D,5,2026-08-20,P
8°D,5,2026-08-21,F
8°D,5,2026-08-22,P
8°D,5,2026-08-24,F
8°D,5,2026-08-25,P
8°D,5,2026-08-26,P
8°D,5,2026-08-27,F
8°D,5,2026-08-28,P
8°D,5,2026-08-31,F
8°D,6,2026-05-04,P
8°D,6,2026-05-05,P
8°D,6,2026-05-06,P
8°D,6,2026-05-07,F
8°D,6,2026-05-08,P
8°D,6,2026-05-11,P
8°D,6,2026-05-12,P
8°D,6,2026-05-13,P
8°D,6,2026-05-14,P
8°D,6,2026-05-15,P
8°D,6,2026-05-18,P
8°D,6,2026-05-19,P
8°D,6,2026-05-20,P
8°D,6,2026-05-21,P
8°D,6,2026-05-22,P
8°D,6,2026-05-25,P
8°D,6,2026-05-26,F
8°D,6,2026-05-27,P
8°D,6,2026-05-28,P
8°D,6,2026-05-29,F
8°D,6,2026-06-01,P
8°D,6,2026-06-02,P
8°D,6,2026-06-03,F
8°D,6,2026-06-08,P
8°D,6,2026-06-09,P
8°D,6,2026-06-10,P
8°D,6,2026-06-11,P
8°D,6,2026-06-12,P
8°D,6,2026-06-15,P
8°D,6,2026-06-16,P
8°D,6,2026-06-17,P
8°D,6,2026-06-18,P
8°D,6,2026-06-19,P
8°D,6,2026-06-22,F
8°D,6,2026-06-23,P
8°D,6,2026-06-24,P
8°D,6,2026-06-25,F
8°D,6,2026-06-26,F
8°D,6,2026-06-29,P
8°D,6,2026-06-30,P
8°D,6,2026-07-01,F
8°D,6,2026-07-02,F
8°D,6,2026-07-03,P
8°D,6,2026-07-28,P
8°D,6,2026-07-29,P
8°D,6,2026-07-30,P
8°D,6,2026-07-31,P
8°D,6,2026-08-03,P
8°D,6,2026-08-04,P
8°D,6,2026-08-05,P
8°D,6,2026-08-06,P
8°D,6,2026-08-07,P
8°D,6,2026-08-10,F
8°D,6,2026-08-11,P
8°D,6,2026-08-12,P
8°D,6,2026-08-13,P
8°D,6,2026-08-14,P
8°D,6,2026-08-17,F
8°D,6,2026-08-18,P
8°D,6,2026-08-19,F
8°D,6,2026-08-20,P
8°D,6,2026-08-21,F
8°D,6,2026-08-22,P
8°D,6,2026-08-24,P
8°D,6,2026-08-25,P
8°D,6,2026-08-26,P
8°D,6,2026-08-27,F
8°D,6,2026-08-28,P
8°D,6,2026-08-31,F
8°D,7,2026-05-04,P
8°D,7,2026-05-05,P
8°D,7,2026-05-06,P
8°D,7,2026-05-07,P
8°D,7,2026-05-08,F
8°D,7,2026-05-11,P
8°D,7,2026-05-12,P
8°D,7,2026-05-13,P
8°D,7,2026-05-14,P
8°D,7,2026-05-15,P
8°D,7,2026-05-18,P
8°D,7,2026-05-19,F
8°D,7,2026-05-20,F
8°D,7,2026-05-21,F
8°D,7,2026-05-22,F
8°D,7,2026-05-25,P
8°D,7,2026-05-26,P
8°D,7,2026-05-27,F
8°D,7,2026-05-28,P
8°D,7,2026-05-29,P
8°D,7,2026-06-01,F
8°D,7,2026-06-02,P
8°D,7,2026-06-03,P
8°D,7,2026-06-08,F
8°D,7,2026-06-09,P
8°D,7,2026-06-10,P
8°D,7,2026-06-11,P
8°D,7,2026-06-12,F
8°D,7,2026-06-15,P
8°D,7,2026-06-16,P
8°D,7,2026-06-17,P
8°D,7,2026-06-18,P
8°D,7,2026-06-19,P
8°D,7,2026-06-22,P
8°D,7,2026-06-23,F
8°D,7,2026-06-24,F
8°D,7,2026-06-25,F
8°D,7,2026-06-26,P
8°D,7,2026-06-29,F
8°D,7,2026-06-30,P
8°D,7,2026-07-01,F
8°D,7,2026-07-02,F
8°D,7,2026-07-03,P
8°D,7,2026-07-28,P
8°D,7,2026-07-29,P
8°D,7,2026-07-30,P
8°D,7,2026-07-31,P
8°D,7,2026-08-03,P
8°D,7,2026-08-04,P
8°D,7,2026-08-05,F
8°D,7,2026-08-06,P
8°D,7,2026-08-07,P
8°D,7,2026-08-10,P
8°D,7,2026-08-11,F
8°D,7,2026-08-12,P
8°D,7,2026-08-13,P
8°D,7,2026-08-14,P
8°D,7,2026-08-17,F
8°D,7,2026-08-18,P
8°D,7,2026-08-19,P
8°D,7,2026-08-20,P
8°D,7,2026-08-21,P
8°D,7,2026-08-22,P
8°D,7,2026-08-24,P
8°D,7,2026-08-25,P
8°D,7,2026-08-26,P
8°D,7,2026-08-27,F
8°D,7,2026-08-28,F
8°D,7,2026-08-31,P
8°D,8,2026-05-04,P
8°D,8,2026-05-05,P
8°D,8,2026-05-06,P
8°D,8,2026-05-07,P
8°D,8,2026-05-08,F
8°D,8,2026-05-11,F
8°D,8,2026-05-12,P
8°D,8,2026-05-13,P
8°D,8,2026-05-14,F
8°D,8,2026-05-15,F
8°D,8,2026-05-18,F
8°D,8,2026-05-19,P
8°D,8,2026-05-20,P
8°D,8,2026-05-21,F
8°D,8,2026-05-22,F
8°D,8,2026-05-25,P
8°D,8,2026-05-26,F
8°D,8,2026-05-27,F
8°D,8,2026-05-28,P
8°D,8,2026-05-29,F
8°D,8,2026-06-09,
8°D,8,2026-06-23,
8°D,8,2026-06-24,
8°D,8,2026-06-30,
8°D,8,2026-08-03,
8°D,8,2026-08-04,
8°D,8,2026-08-05,
8°D,8,2026-08-06,
8°D,8,2026-08-10,
8°D,8,2026-08-11,
8°D,8,2026-08-17,
8°D,8,2026-08-18,
8°D,8,2026-08-19,
8°D,8,2026-08-21,
8°D,8,2026-08-24,
8°D,8,2026-08-31,
8°D,9,2026-05-04,P
8°D,9,2026-05-05,P
8°D,9,2026-05-06,P
8°D,9,2026-05-07,P
8°D,9,2026-05-08,P
8°D,9,2026-05-11,F
8°D,9,2026-05-12,P
8°D,9,2026-05-13,P
8°D,9,2026-05-14,P
8°D,9,2026-05-15,F
8°D,9,2026-05-18,F
8°D,9,2026-05-19,F
8°D,9,2026-05-20,F
8°D,9,2026-05-21,P
8°D,9,2026-05-22,F
8°D,9,2026-05-25,P
8°D,9,2026-05-26,F
8°D,9,2026-05-27,F
8°D,9,2026-05-28,F
8°D,9,2026-05-29,F
8°D,9,2026-06-01,P
8°D,9,2026-06-02,F
8°D,9,2026-06-03,F
8°D,9,2026-06-08,F
8°D,9,2026-06-09,F
8°D,9,2026-06-10,P
8°D,9,2026-06-11,P
8°D,9,2026-06-12,F
8°D,9,2026-06-15,P
8°D,9,2026-06-16,P
8°D,9,2026-06-17,F
8°D,9,2026-06-18,F
8°D,9,2026-06-19,P
8°D,9,2026-06-22,P
8°D,9,2026-06-23,F
8°D,9,2026-06-24,P
8°D,9,2026-06-25,F
8°D,9,2026-06-26,F
8°D,9,2026-06-29,P
8°D,9,2026-06-30,P
8°D,9,2026-07-01,P
8°D,9,2026-07-02,P
8°D,9,2026-07-03,P
8°D,9,2026-07-28,P
8°D,9,2026-07-29,P
8°D,9,2026-07-30,P
8°D,9,2026-07-31,P
8°D,9,2026-08-03,P
8°D,9,2026-08-04,F
8°D,9,2026-08-05,P
8°D,9,2026-08-06,F
8°D,9,2026-08-07,P
8°D,9,2026-08-10,F
8°D,9,2026-08-11,P
8°D,9,2026-08-12,P
8°D,9,2026-08-13,F
8°D,9,2026-08-14,P
8°D,9,2026-08-17,P
8°D,9,2026-08-18,P
8°D,9,2026-08-19,P
8°D,9,2026-08-20,F
8°D,9,2026-08-21,P
8°D,9,2026-08-22,P
8°D,9,2026-08-24,F
8°D,9,2026-08-25,P
8°D,9,2026-08-26,P
8°D,9,2026-08-27,P
8°D,9,2026-08-28,F
8°D,9,2026-08-31,F
8°D,10,2026-05-04,P
8°D,10,2026-05-05,P
8°D,10,2026-05-06,P
8°D,10,2026-05-07,P
8°D,10,2026-05-08,P
8°D,10,2026-05-11,F
8°D,10,2026-05-12,P
8°D,10,2026-05-13,F
8°D,10,2026-05-14,P
8°D,10,2026-05-15,P
8°D,10,2026-05-18,P
8°D,10,2026-05-19,P
8°D,10,2026-05-20,F
8°D,10,2026-05-21,P
8°D,10,2026-05-22,P
8°D,10,2026-05-25,P
8°D,10,2026-05-26,P
8°D,10,2026-05-27,P
8°D,10,2026-05-28,P
8°D,10,2026-05-29,P
8°D,10,2026-06-01,P
8°D,10,2026-06-02,P
8°D,10,2026-06-03,P
8°D,10,2026-06-08,P
8°D,10,2026-06-09,P
8°D,10,2026-06-10,P
8°D,10,2026-06-11,F
8°D,10,2026-06-12,P
8°D,10,2026-06-15,P
8°D,10,2026-06-16,F
8°D,10,2026-06-17,F
8°D,10,2026-06-18,P
8°D,10,2026-06-19,P
8°D,10,2026-06-22,P
8°D,10,2026-06-23,F
8°D,10,2026-06-24,P
8°D,10,2026-06-25,P
8°D,10,2026-06-26,P
8°D,10,2026-06-29,F
8°D,10,2026-06-30,P
8°D,10,2026-07-01,P
8°D,10,2026-07-02,P
8°D,10,2026-07-03,P
8°D,10,2026-07-28,P
8°D,10,2026-07-29,P
8°D,10,2026-07-30,P
8°D,10,2026-07-31,F
8°D,10,2026-08-03,P
8°D,10,2026-08-04,P
8°D,10,2026-08-05,P
8°D,10,2026-08-06,P
8°D,10,2026-08-07,P
8°D,10,2026-08-10,P
8°D,10,2026-08-11,F
8°D,10,2026-08-12,P
8°D,10,2026-08-13,P
8°D,10,2026-08-14,P
8°D,10,2026-08-17,P
8°D,10,2026-08-18,P
8°D,10,2026-08-19,P
8°D,10,2026-08-20,P
8°D,10,2026-08-21,P
8°D,10,2026-08-22,P
8°D,10,2026-08-24,P
8°D,10,2026-08-25,P
8°D,10,2026-08-26,P
8°D,10,2026-08-27,F
8°D,10,2026-08-28,P
8°D,10,2026-08-31,P
8°D,11,2026-05-04,P
8°D,11,2026-05-05,P
8°D,11,2026-05-06,F
8°D,11,2026-05-07,P
8°D,11,2026-05-08,P
8°D,11,2026-05-11,P
8°D,11,2026-05-12,P
8°D,11,2026-05-13,F
8°D,11,2026-05-14,P
8°D,11,2026-05-15,P
8°D,11,2026-05-18,P
8°D,11,2026-05-19,P
8°D,11,2026-05-20,P
8°D,11,2026-05-21,P
8°D,11,2026-05-22,P
8°D,11,2026-05-25,P
8°D,11,2026-05-26,P
8°D,11,2026-05-27,P
8°D,11,2026-05-28,P
8°D,11,2026-05-29,P
8°D,11,2026-06-01,P
8°D,11,2026-06-02,P
8°D,11,2026-06-03,P
8°D,11,2026-06-08,P
8°D,11,2026-06-09,P
8°D,11,2026-06-10,P
8°D,11,2026-06-11,P
8°D,11,2026-06-12,P
8°D,11,2026-06-15,P
8°D,11,2026-06-16,F
8°D,11,2026-06-17,F
8°D,11,2026-06-18,P
8°D,11,2026-06-19,P
8°D,11,2026-06-22,F
8°D,11,2026-06-23,P
8°D,11,2026-06-24,F
8°D,11,2026-06-25,P
8°D,11,2026-06-26,F
8°D,11,2026-06-29,F
8°D,11,2026-06-30,P
8°D,11,2026-07-01,F
8°D,11,2026-07-02,F
8°D,11,2026-07-03,P
8°D,11,2026-07-28,P
8°D,11,2026-07-29,P
8°D,11,2026-07-30,P
8°D,11,2026-07-31,F
8°D,11,2026-08-03,P
8°D,11,2026-08-04,F
8°D,11,2026-08-05,P
8°D,11,2026-08-06,P
8°D,11,2026-08-07,P
8°D,11,2026-08-10,F
8°D,11,2026-08-11,F
8°D,11,2026-08-12,P
8°D,11,2026-08-13,F
8°D,11,2026-08-14,F
8°D,11,2026-08-17,P
8°D,11,2026-08-18,P
8°D,11,2026-08-19,P
8°D,11,2026-08-20,P
8°D,11,2026-08-21,P
8°D,11,2026-08-22,P
8°D,11,2026-08-24,P
8°D,11,2026-08-25,P
8°D,11,2026-08-26,P
8°D,11,2026-08-27,F
8°D,11,2026-08-28,P
8°D,11,2026-08-31,F
8°D,12,2026-05-04,P
8°D,12,2026-05-05,P
8°D,12,2026-05-06,P
8°D,12,2026-05-07,P
8°D,12,2026-05-08,F
8°D,12,2026-05-11,P
8°D,12,2026-05-12,P
8°D,12,2026-05-13,P
8°D,12,2026-05-14,P
8°D,12,2026-05-15,F
8°D,12,2026-05-18,P
8°D,12,2026-05-19,P
8°D,12,2026-05-20,F
8°D,12,2026-05-21,P
8°D,12,2026-05-22,P
8°D,12,2026-05-25,P
8°D,12,2026-05-26,P
8°D,12,2026-05-27,P
8°D,12,2026-05-28,F
8°D,12,2026-05-29,P
8°D,12,2026-06-01,F
8°D,12,2026-06-02,P
8°D,12,2026-06-03,F
8°D,12,2026-06-08,P
8°D,12,2026-06-09,P
8°D,12,2026-06-10,P
8°D,12,2026-06-11,F
8°D,12,2026-06-12,P
8°D,12,2026-06-15,F
8°D,12,2026-06-16,F
8°D,12,2026-06-17,P
8°D,12,2026-06-18,P
8°D,12,2026-06-19,P
8°D,12,2026-06-22,F
8°D,12,2026-06-23,P
8°D,12,2026-06-24,P
8°D,12,2026-06-25,P
8°D,12,2026-06-26,F
8°D,12,2026-06-29,F
8°D,12,2026-06-30,P
8°D,12,2026-07-01,P
8°D,12,2026-07-02,P
8°D,12,2026-07-03,P
8°D,12,2026-07-28,P
8°D,12,2026-07-29,P
8°D,12,2026-07-30,P
8°D,12,2026-07-31,F
8°D,12,2026-08-03,P
8°D,12,2026-08-04,P
8°D,12,2026-08-05,P
8°D,12,2026-08-06,P
8°D,12,2026-08-07,P
8°D,12,2026-08-10,P
8°D,12,2026-08-11,F
8°D,12,2026-08-12,P
8°D,12,2026-08-13,P
8°D,12,2026-08-14,P
8°D,12,2026-08-17,F
8°D,12,2026-08-18,P
8°D,12,2026-08-19,F
8°D,12,2026-08-20,P
8°D,12,2026-08-21,F
8°D,12,2026-08-22,P
8°D,12,2026-08-24,P
8°D,12,2026-08-25,P
8°D,12,2026-08-26,P
8°D,12,2026-08-27,P
8°D,12,2026-08-28,P
8°D,12,2026-08-31,P
8°D,13,2026-05-04,P
8°D,13,2026-05-05,P
8°D,13,2026-05-06,P
8°D,13,2026-05-07,P
8°D,13,2026-05-08,P
8°D,13,2026-05-11,F
8°D,13,2026-05-12,P
8°D,13,2026-05-13,P
8°D,13,2026-05-14,F
8°D,13,2026-05-15,P
8°D,13,2026-05-18,P
8°D,13,2026-05-19,P
8°D,13,2026-05-20,P
8°D,13,2026-05-21,F
8°D,13,2026-05-22,P
8°D,13,2026-05-25,P
8°D,13,2026-05-26,P
8°D,13,2026-05-27,P
8°D,13,2026-05-28,P
8°D,13,2026-05-29,F
8°D,13,2026-06-01,F
8°D,13,2026-06-02,P
8°D,13,2026-06-03,P
8°D,13,2026-06-08,P
8°D,13,2026-06-09,P
8°D,13,2026-06-10,P
8°D,13,2026-06-11,F
8°D,13,2026-06-12,P
8°D,13,2026-06-15,F
8°D,13,2026-06-16,F
8°D,13,2026-06-17,P
8°D,13,2026-06-18,P
8°D,13,2026-06-19,P
8°D,13,2026-06-22,P
8°D,13,2026-06-23,P
8°D,13,2026-06-24,F
8°D,13,2026-06-25,P
8°D,13,2026-06-26,F
8°D,13,2026-06-29,F
8°D,13,2026-06-30,P
8°D,13,2026-07-01,P
8°D,13,2026-07-02,P
8°D,13,2026-07-03,P
8°D,13,2026-07-28,P
8°D,13,2026-07-29,P
8°D,13,2026-07-30,P
8°D,13,2026-07-31,P
8°D,13,2026-08-03,F
8°D,13,2026-08-04,P
8°D,13,2026-08-05,P
8°D,13,2026-08-06,P
8°D,13,2026-08-07,P
8°D,13,2026-08-10,P
8°D,13,2026-08-11,F
8°D,13,2026-08-12,P
8°D,13,2026-08-13,P
8°D,13,2026-08-14,P
8°D,13,2026-08-17,P
8°D,13,2026-08-18,P
8°D,13,2026-08-19,P
8°D,13,2026-08-20,P
8°D,13,2026-08-21,F
8°D,13,2026-08-22,P
8°D,13,2026-08-24,P
8°D,13,2026-08-25,P
8°D,13,2026-08-26,P
8°D,13,2026-08-27,F
8°D,13,2026-08-28,P
8°D,13,2026-08-31,P
8°D,14,2026-05-04,P
8°D,14,2026-05-05,P
8°D,14,2026-05-06,P
8°D,14,2026-05-07,F
8°D,14,2026-05-08,P
8°D,14,2026-05-11,P
8°D,14,2026-05-12,P
8°D,14,2026-05-13,P
8°D,14,2026-05-14,F
8°D,14,2026-05-15,P
8°D,14,2026-05-18,P
8°D,14,2026-05-19,F
8°D,14,2026-05-20,P
8°D,14,2026-05-21,P
8°D,14,2026-05-22,P
8°D,14,2026-05-25,P
8°D,14,2026-05-26,F
8°D,14,2026-05-27,P
8°D,14,2026-05-28,P
8°D,14,2026-05-29,P
8°D,14,2026-06-01,P
8°D,14,2026-06-02,P
8°D,14,2026-06-03,P
8°D,14,2026-06-08,F
8°D,14,2026-06-09,P
8°D,14,2026-06-10,P
8°D,14,2026-06-11,P
8°D,14,2026-06-12,P
8°D,14,2026-06-15,P
8°D,14,2026-06-16,P
8°D,14,2026-06-17,P
8°D,14,2026-06-18,F
8°D,14,2026-06-19,F
8°D,14,2026-06-22,P
8°D,14,2026-06-23,P
8°D,14,2026-06-24,F
8°D,14,2026-06-25,P
8°D,14,2026-06-26,P
8°D,14,2026-06-29,F
8°D,14,2026-06-30,P
8°D,14,2026-07-01,P
8°D,14,2026-07-02,P
8°D,14,2026-07-03,P
8°D,14,2026-07-28,P
8°D,14,2026-07-29,F
8°D,14,2026-07-30,P
8°D,14,2026-07-31,P
8°D,14,2026-08-03,P
8°D,14,2026-08-04,P
8°D,14,2026-08-05,P
8°D,14,2026-08-06,P
8°D,14,2026-08-07,P
8°D,14,2026-08-10,P
8°D,14,2026-08-11,P
8°D,14,2026-08-12,P
8°D,14,2026-08-13,F
8°D,14,2026-08-14,P
8°D,14,2026-08-17,P
8°D,14,2026-08-18,P
8°D,14,2026-08-19,P
8°D,14,2026-08-20,P
8°D,14,2026-08-21,P
8°D,14,2026-08-22,P
8°D,14,2026-08-24,P
8°D,14,2026-08-25,P
8°D,14,2026-08-26,P
8°D,14,2026-08-27,F
8°D,14,2026-08-28,P
8°D,14,2026-08-31,P
8°D,15,2026-05-04,P
8°D,15,2026-05-05,P
8°D,15,2026-05-06,P
8°D,15,2026-05-07,P
8°D,15,2026-05-08,P
8°D,15,2026-05-11,P
8°D,15,2026-05-12,P
8°D,15,2026-05-13,P
8°D,15,2026-05-14,P
8°D,15,2026-05-15,P
8°D,15,2026-05-18,P
8°D,15,2026-05-19,P
8°D,15,2026-05-20,P
8°D,15,2026-05-21,P
8°D,15,2026-05-22,P
8°D,15,2026-05-25,P
8°D,15,2026-05-26,P
8°D,15,2026-05-27,P
8°D,15,2026-05-28,P
8°D,15,2026-05-29,P
8°D,15,2026-06-01,P
8°D,15,2026-06-02,P
8°D,15,2026-06-03,P
8°D,15,2026-06-08,P
8°D,15,2026-06-09,P
8°D,15,2026-06-10,P
8°D,15,2026-06-11,P
8°D,15,2026-06-12,P
8°D,15,2026-06-15,P
8°D,15,2026-06-16,P
8°D,15,2026-06-17,P
8°D,15,2026-06-18,P
8°D,15,2026-06-19,P
8°D,15,2026-06-22,P
8°D,15,2026-06-23,P
8°D,15,2026-06-24,P
8°D,15,2026-06-25,P
8°D,15,2026-06-26,P
8°D,15,2026-06-29,P
8°D,15,2026-06-30,P
8°D,15,2026-07-01,F
8°D,15,2026-07-02,F
8°D,15,2026-07-03,P
8°D,15,2026-07-28,P
8°D,15,2026-07-29,P
8°D,15,2026-07-30,F
8°D,15,2026-07-31,P
8°D,15,2026-08-03,P
8°D,15,2026-08-04,P
8°D,15,2026-08-05,P
8°D,15,2026-08-06,P
8°D,15,2026-08-07,P
8°D,15,2026-08-10,P
8°D,15,2026-08-11,P
8°D,15,2026-08-12,P
8°D,15,2026-08-13,P
8°D,15,2026-08-14,P
8°D,15,2026-08-17,P
8°D,15,2026-08-18,P
8°D,15,2026-08-19,P
8°D,15,2026-08-20,P
8°D,15,2026-08-21,P
8°D,15,2026-08-22,P
8°D,15,2026-08-24,P
8°D,15,2026-08-25,P
8°D,15,2026-08-26,P
8°D,15,2026-08-27,F
8°D,15,2026-08-28,P
8°D,15,2026-08-31,P
8°D,16,2026-05-04,P
8°D,16,2026-05-05,P
8°D,16,2026-05-06,P
8°D,16,2026-05-07,P
8°D,16,2026-05-08,F
8°D,16,2026-05-11,P
8°D,16,2026-05-12,P
8°D,16,2026-05-13,P
8°D,16,2026-05-14,P
8°D,16,2026-05-15,F
8°D,16,2026-05-18,P
8°D,16,2026-05-19,P
8°D,16,2026-05-20,P
8°D,16,2026-05-21,P
8°D,16,2026-05-22,P
8°D,16,2026-05-25,P
8°D,16,2026-05-26,F
8°D,16,2026-05-27,P
8°D,16,2026-05-28,P
8°D,16,2026-05-29,F
8°D,16,2026-06-01,P
8°D,16,2026-06-02,P
8°D,16,2026-06-03,F
8°D,16,2026-06-08,P
8°D,16,2026-06-09,P
8°D,16,2026-06-10,P
8°D,16,2026-06-11,P
8°D,16,2026-06-12,P
8°D,16,2026-06-15,P
8°D,16,2026-06-16,P
8°D,16,2026-06-17,F
8°D,16,2026-06-18,P
8°D,16,2026-06-19,P
8°D,16,2026-06-22,F
8°D,16,2026-06-23,P
8°D,16,2026-06-24,F
8°D,16,2026-06-25,P
8°D,16,2026-06-26,F
8°D,16,2026-06-29,P
8°D,16,2026-06-30,P
8°D,16,2026-07-01,P
8°D,16,2026-07-02,P
8°D,16,2026-07-03,P
8°D,16,2026-07-28,P
8°D,16,2026-07-29,P
8°D,16,2026-07-30,P
8°D,16,2026-07-31,P
8°D,16,2026-08-03,P
8°D,16,2026-08-04,P
8°D,16,2026-08-05,P
8°D,16,2026-08-06,P
8°D,16,2026-08-07,P
8°D,16,2026-08-10,P
8°D,16,2026-08-11,P
8°D,16,2026-08-12,P
8°D,16,2026-08-13,P
8°D,16,2026-08-14,P
8°D,16,2026-08-17,P
8°D,16,2026-08-18,P
8°D,16,2026-08-19,P
8°D,16,2026-08-20,P
8°D,16,2026-08-21,P
8°D,16,2026-08-22,P
8°D,16,2026-08-24,P
8°D,16,2026-08-25,P
8°D,16,2026-08-26,P
8°D,16,2026-08-27,F
8°D,16,2026-08-28,P
8°D,16,2026-08-31,P
8°D,17,2026-05-04,P
8°D,17,2026-05-05,P
8°D,17,2026-05-06,P
8°D,17,2026-05-07,P
8°D,17,2026-05-08,P
8°D,17,2026-05-11,F
8°D,17,2026-05-12,P
8°D,17,2026-05-13,P
8°D,17,2026-05-14,P
8°D,17,2026-05-15,P
8°D,17,2026-05-18,F
8°D,17,2026-05-19,P
8°D,17,2026-05-20,P
8°D,17,2026-05-21,P
8°D,17,2026-05-22,F
8°D,17,2026-05-25,P
8°D,17,2026-05-26,P
8°D,17,2026-05-27,P
8°D,17,2026-05-28,P
8°D,17,2026-05-29,P
8°D,17,2026-06-01,P
8°D,17,2026-06-02,F
8°D,17,2026-06-03,P
8°D,17,2026-06-08,F
8°D,17,2026-06-09,F
8°D,17,2026-06-10,P
8°D,17,2026-06-11,P
8°D,17,2026-06-12,P
8°D,17,2026-06-15,P
8°D,17,2026-06-16,P
8°D,17,2026-06-17,F
8°D,17,2026-06-18,P
8°D,17,2026-06-19,F
8°D,17,2026-06-22,F
8°D,17,2026-06-23,P
8°D,17,2026-06-24,P
8°D,17,2026-06-25,F
8°D,17,2026-06-26,P
8°D,17,2026-06-29,F
8°D,17,2026-06-30,P
8°D,17,2026-07-01,F
8°D,17,2026-07-02,F
8°D,17,2026-07-03,P
8°D,17,2026-07-28,P
8°D,17,2026-07-29,F
8°D,17,2026-07-30,P
8°D,17,2026-07-31,F
8°D,17,2026-08-03,F
8°D,17,2026-08-04,F
8°D,17,2026-08-05,P
8°D,17,2026-08-06,P
8°D,17,2026-08-07,P
8°D,17,2026-08-10,P
8°D,17,2026-08-11,F
8°D,17,2026-08-12,F
8°D,17,2026-08-13,F
8°D,17,2026-08-14,P
8°D,17,2026-08-17,F
8°D,17,2026-08-18,P
8°D,17,2026-08-19,P
8°D,17,2026-08-20,P
8°D,17,2026-08-21,F
8°D,17,2026-08-22,P
8°D,17,2026-08-24,P
8°D,17,2026-08-25,P
8°D,17,2026-08-26,P
8°D,17,2026-08-27,F
8°D,17,2026-08-28,P
8°D,17,2026-08-31,F
8°D,18,2026-05-04,P
8°D,18,2026-05-05,P
8°D,18,2026-05-06,P
8°D,18,2026-05-07,P
8°D,18,2026-05-08,P
8°D,18,2026-05-11,P
8°D,18,2026-05-12,P
8°D,18,2026-05-13,P
8°D,18,2026-05-14,F
8°D,18,2026-05-15,P
8°D,18,2026-05-18,P
8°D,18,2026-05-19,F
8°D,18,2026-05-20,F
8°D,18,2026-05-21,P
8°D,18,2026-05-22,F
8°D,18,2026-05-25,P
8°D,18,2026-05-26,F
8°D,18,2026-05-27,P
8°D,18,2026-05-28,P
8°D,18,2026-05-29,P
8°D,18,2026-06-01,P
8°D,18,2026-06-02,F
8°D,18,2026-06-03,P
8°D,18,2026-06-08,P
8°D,18,2026-06-09,P
8°D,18,2026-06-10,F
8°D,18,2026-06-11,P
8°D,18,2026-06-12,P
8°D,18,2026-06-15,P
8°D,18,2026-06-16,F
8°D,18,2026-06-17,F
8°D,18,2026-06-18,P
8°D,18,2026-06-19,P
8°D,18,2026-06-22,P
8°D,18,2026-06-23,F
8°D,18,2026-06-24,F
8°D,18,2026-06-25,P
8°D,18,2026-06-26,P
8°D,18,2026-06-29,P
8°D,18,2026-06-30,P
8°D,18,2026-07-01,P
8°D,18,2026-07-02,P
8°D,18,2026-07-03,P
8°D,18,2026-07-28,P
8°D,18,2026-07-29,F
8°D,18,2026-07-30,P
8°D,18,2026-07-31,P
8°D,18,2026-08-03,P
8°D,18,2026-08-04,P
8°D,18,2026-08-05,P
8°D,18,2026-08-06,F
8°D,18,2026-08-07,P
8°D,18,2026-08-10,P
8°D,18,2026-08-11,F
8°D,18,2026-08-12,P
8°D,18,2026-08-13,P
8°D,18,2026-08-14,P
8°D,18,2026-08-17,P
8°D,18,2026-08-18,P
8°D,18,2026-08-19,P
8°D,18,2026-08-20,P
8°D,18,2026-08-21,P
8°D,18,2026-08-22,P
8°D,18,2026-08-24,P
8°D,18,2026-08-25,P
8°D,18,2026-08-26,P
8°D,18,2026-08-27,P
8°D,18,2026-08-28,P
8°D,18,2026-08-31,P
8°D,19,2026-05-04,P
8°D,19,2026-05-05,P
8°D,19,2026-05-06,P
8°D,19,2026-05-07,F
8°D,19,2026-05-08,F
8°D,19,2026-05-11,P
8°D,19,2026-05-12,P
8°D,19,2026-05-13,P
8°D,19,2026-05-14,P
8°D,19,2026-05-15,P
8°D,19,2026-05-18,F
8°D,19,2026-05-19,P
8°D,19,2026-05-20,P
8°D,19,2026-05-21,F
8°D,19,2026-05-22,F
8°D,19,2026-05-25,P
8°D,19,2026-05-26,P
8°D,19,2026-05-27,P
8°D,19,2026-05-28,F
8°D,19,2026-05-29,P
8°D,19,2026-06-01,P
8°D,19,2026-06-02,P
8°D,19,2026-06-03,F
8°D,19,2026-06-08,P
8°D,19,2026-06-09,F
8°D,19,2026-06-10,P
8°D,19,2026-06-11,F
8°D,19,2026-06-12,F
8°D,19,2026-06-15,F
8°D,19,2026-06-16,P
8°D,19,2026-06-17,F
8°D,19,2026-06-18,P
8°D,19,2026-06-19,F
8°D,19,2026-06-22,P
8°D,19,2026-06-23,P
8°D,19,2026-06-24,F
8°D,19,2026-06-25,P
8°D,19,2026-06-26,F
8°D,19,2026-06-29,P
8°D,19,2026-06-30,F
8°D,19,2026-07-01,P
8°D,19,2026-07-02,P
8°D,19,2026-07-03,P
8°D,19,2026-07-28,P
8°D,19,2026-07-29,F
8°D,19,2026-07-30,F
8°D,19,2026-07-31,F
8°D,19,2026-08-03,F
8°D,19,2026-08-04,P
8°D,19,2026-08-05,P
8°D,19,2026-08-06,P
8°D,19,2026-08-07,P
8°D,19,2026-08-10,F
8°D,19,2026-08-11,F
8°D,19,2026-08-12,P
8°D,19,2026-08-13,F
8°D,19,2026-08-14,F
8°D,19,2026-08-17,F
8°D,19,2026-08-18,P
8°D,19,2026-08-19,F
8°D,19,2026-08-20,P
8°D,19,2026-08-21,F
8°D,19,2026-08-22,P
8°D,19,2026-08-24,P
8°D,19,2026-08-25,P
8°D,19,2026-08-26,P
8°D,19,2026-08-27,P
8°D,19,2026-08-28,F
8°D,19,2026-08-31,P
8°D,20,2026-05-04,P
8°D,20,2026-05-05,P
8°D,20,2026-05-06,P
8°D,20,2026-05-07,P
8°D,20,2026-05-08,P
8°D,20,2026-05-11,P
8°D,20,2026-05-12,P
8°D,20,2026-05-13,P
8°D,20,2026-05-14,P
8°D,20,2026-05-15,P
8°D,20,2026-05-18,P
8°D,20,2026-05-19,P
8°D,20,2026-05-20,P
8°D,20,2026-05-21,P
8°D,20,2026-05-22,P
8°D,20,2026-05-25,P
8°D,20,2026-05-26,P
8°D,20,2026-05-27,P
8°D,20,2026-05-28,P
8°D,20,2026-05-29,P
8°D,20,2026-06-01,P
8°D,20,2026-06-02,P
8°D,20,2026-06-03,P
8°D,20,2026-06-08,P
8°D,20,2026-06-09,P
8°D,20,2026-06-10,P
8°D,20,2026-06-11,P
8°D,20,2026-06-12,P
8°D,20,2026-06-15,P
8°D,20,2026-06-16,P
8°D,20,2026-06-17,P
8°D,20,2026-06-18,P
8°D,20,2026-06-19,P
8°D,20,2026-06-22,P
8°D,20,2026-06-23,P
8°D,20,2026-06-24,F
8°D,20,2026-06-25,P
8°D,20,2026-06-26,P
8°D,20,2026-06-29,F
8°D,20,2026-06-30,F
8°D,20,2026-07-01,F
8°D,20,2026-07-02,F
8°D,20,2026-07-03,P
8°D,20,2026-07-28,P
8°D,20,2026-07-29,P
8°D,20,2026-07-30,P
8°D,20,2026-07-31,P
8°D,20,2026-08-03,P
8°D,20,2026-08-04,P
8°D,20,2026-08-05,P
8°D,20,2026-08-06,P
8°D,20,2026-08-07,P
8°D,20,2026-08-10,P
8°D,20,2026-08-11,P
8°D,20,2026-08-12,P
8°D,20,2026-08-13,P
8°D,20,2026-08-14,F
8°D,20,2026-08-17,P
8°D,20,2026-08-18,P
8°D,20,2026-08-19,P
8°D,20,2026-08-20,P
8°D,20,2026-08-21,P
8°D,20,2026-08-22,P
8°D,20,2026-08-24,P
8°D,20,2026-08-25,P
8°D,20,2026-08-26,P
8°D,20,2026-08-27,F
8°D,20,2026-08-28,F
8°D,20,2026-08-31,P
8°D,21,2026-05-04,P
8°D,21,2026-05-05,P
8°D,21,2026-05-06,P
8°D,21,2026-05-07,P
8°D,21,2026-05-08,P
8°D,21,2026-05-11,P
8°D,21,2026-05-12,P
8°D,21,2026-05-13,P
8°D,21,2026-05-14,P
8°D,21,2026-05-15,P
8°D,21,2026-05-18,P
8°D,21,2026-05-19,P
8°D,21,2026-05-20,P
8°D,21,2026-05-21,P
8°D,21,2026-05-22,P
8°D,21,2026-05-25,F
8°D,21,2026-05-26,P
8°D,21,2026-05-27,F
8°D,21,2026-05-28,F
8°D,21,2026-05-29,P
8°D,21,2026-06-01,F
8°D,21,2026-06-02,P
8°D,21,2026-06-03,P
8°D,21,2026-06-08,P
8°D,21,2026-06-09,P
8°D,21,2026-06-10,P
8°D,21,2026-06-11,P
8°D,21,2026-06-12,P
8°D,21,2026-06-15,P
8°D,21,2026-06-16,P
8°D,21,2026-06-17,P
8°D,21,2026-06-18,P
8°D,21,2026-06-19,P
8°D,21,2026-06-22,P
8°D,21,2026-06-23,P
8°D,21,2026-06-24,P
8°D,21,2026-06-25,P
8°D,21,2026-06-26,P
8°D,21,2026-06-29,P
8°D,21,2026-06-30,P
8°D,21,2026-07-01,P
8°D,21,2026-07-02,P
8°D,21,2026-07-03,P
8°D,21,2026-07-28,P
8°D,21,2026-07-29,F
8°D,21,2026-07-30,P
8°D,21,2026-07-31,P
8°D,21,2026-08-03,P
8°D,21,2026-08-04,P
8°D,21,2026-08-05,P
8°D,21,2026-08-06,P
8°D,21,2026-08-07,P
8°D,21,2026-08-10,P
8°D,21,2026-08-11,P
8°D,21,2026-08-12,F
8°D,21,2026-08-13,P
8°D,21,2026-08-14,P
8°D,21,2026-08-17,P
8°D,21,2026-08-18,P
8°D,21,2026-08-19,P
8°D,21,2026-08-20,P
8°D,21,2026-08-21,P
8°D,21,2026-08-22,P
8°D,21,2026-08-24,P
8°D,21,2026-08-25,P
8°D,21,2026-08-26,P
8°D,21,2026-08-27,P
8°D,21,2026-08-28,P
8°D,21,2026-08-31,P
8°D,22,2026-05-04,P
8°D,22,2026-05-05,P
8°D,22,2026-05-06,P
8°D,22,2026-05-07,F
8°D,22,2026-05-08,F
8°D,22,2026-05-11,P
8°D,22,2026-05-12,P
8°D,22,2026-05-13,P
8°D,22,2026-05-14,P
8°D,22,2026-05-15,P
8°D,22,2026-05-18,P
8°D,22,2026-05-19,P
8°D,22,2026-05-20,P
8°D,22,2026-05-21,F
8°D,22,2026-05-22,P
8°D,22,2026-05-25,P
8°D,22,2026-05-26,F
8°D,22,2026-05-27,P
8°D,22,2026-05-28,P
8°D,22,2026-05-29,F
8°D,22,2026-06-01,P
8°D,22,2026-06-02,P
8°D,22,2026-06-03,P
8°D,22,2026-06-08,F
8°D,22,2026-06-09,P
8°D,22,2026-06-10,P
8°D,22,2026-06-11,P
8°D,22,2026-06-12,F
8°D,22,2026-06-15,P
8°D,22,2026-06-16,P
8°D,22,2026-06-17,P
8°D,22,2026-06-18,P
8°D,22,2026-06-19,F
8°D,22,2026-06-22,P
8°D,22,2026-06-23,P
8°D,22,2026-06-24,F
8°D,22,2026-06-25,P
8°D,22,2026-06-26,F
8°D,22,2026-06-29,P
8°D,22,2026-06-30,P
8°D,22,2026-07-01,P
8°D,22,2026-07-02,P
8°D,22,2026-07-03,P
8°D,22,2026-07-28,P
8°D,22,2026-07-29,P
8°D,22,2026-07-30,P
8°D,22,2026-07-31,P
8°D,22,2026-08-03,P
8°D,22,2026-08-04,F
8°D,22,2026-08-05,P
8°D,22,2026-08-06,P
8°D,22,2026-08-07,P
8°D,22,2026-08-10,F
8°D,22,2026-08-11,P
8°D,22,2026-08-12,P
8°D,22,2026-08-13,F
8°D,22,2026-08-14,P
8°D,22,2026-08-17,P
8°D,22,2026-08-18,P
8°D,22,2026-08-19,P
8°D,22,2026-08-20,P
8°D,22,2026-08-21,F
8°D,22,2026-08-22,P
8°D,22,2026-08-24,P
8°D,22,2026-08-25,P
8°D,22,2026-08-26,P
8°D,22,2026-08-27,P
8°D,22,2026-08-28,P
8°D,22,2026-08-31,P
8°D,23,2026-05-04,P
8°D,23,2026-05-05,P
8°D,23,2026-05-06,P
8°D,23,2026-05-07,P
8°D,23,2026-05-08,P
8°D,23,2026-05-11,P
8°D,23,2026-05-12,P
8°D,23,2026-05-13,P
8°D,23,2026-05-14,P
8°D,23,2026-05-15,F
8°D,23,2026-05-18,P
8°D,23,2026-05-19,P
8°D,23,2026-05-20,P
8°D,23,2026-05-21,P
8°D,23,2026-05-22,P
8°D,23,2026-05-25,P
8°D,23,2026-05-26,P
8°D,23,2026-05-27,P
8°D,23,2026-05-28,P
8°D,23,2026-05-29,P
8°D,23,2026-06-01,P
8°D,23,2026-06-02,P
8°D,23,2026-06-03,P
8°D,23,2026-06-08,P
8°D,23,2026-06-09,P
8°D,23,2026-06-10,P
8°D,23,2026-06-11,F
8°D,23,2026-06-12,F
8°D,23,2026-06-15,F
8°D,23,2026-06-16,P
8°D,23,2026-06-17,P
8°D,23,2026-06-18,P
8°D,23,2026-06-19,P
8°D,23,2026-06-22,F
8°D,23,2026-06-23,P
8°D,23,2026-06-24,P
8°D,23,2026-06-25,P
8°D,23,2026-06-26,P
8°D,23,2026-06-29,P
8°D,23,2026-06-30,P
8°D,23,2026-07-01,P
8°D,23,2026-07-02,P
8°D,23,2026-07-03,P
8°D,23,2026-07-28,P
8°D,23,2026-07-29,P
8°D,23,2026-07-30,P
8°D,23,2026-07-31,P
8°D,23,2026-08-03,P
8°D,23,2026-08-04,P
8°D,23,2026-08-05,P
8°D,23,2026-08-06,P
8°D,23,2026-08-07,P
8°D,23,2026-08-10,P
8°D,23,2026-08-11,P
8°D,23,2026-08-12,P
8°D,23,2026-08-13,P
8°D,23,2026-08-14,P
8°D,23,2026-08-17,P
8°D,23,2026-08-18,P
8°D,23,2026-08-19,P
8°D,23,2026-08-20,P
8°D,23,2026-08-21,P
8°D,23,2026-08-22,P
8°D,23,2026-08-24,F
8°D,23,2026-08-25,P
8°D,23,2026-08-26,P
8°D,23,2026-08-27,P
8°D,23,2026-08-28,P
8°D,23,2026-08-31,P
8°D,24,2026-05-04,P
8°D,24,2026-05-05,P
8°D,24,2026-05-06,P
8°D,24,2026-05-07,P
8°D,24,2026-05-08,P
8°D,24,2026-05-11,P
8°D,24,2026-05-12,P
8°D,24,2026-05-13,P
8°D,24,2026-05-14,P
8°D,24,2026-05-15,P
8°D,24,2026-05-18,P
8°D,24,2026-05-19,P
8°D,24,2026-05-20,P
8°D,24,2026-05-21,P
8°D,24,2026-05-22,P
8°D,24,2026-05-25,P
8°D,24,2026-05-26,P
8°D,24,2026-05-27,P
8°D,24,2026-05-28,P
8°D,24,2026-05-29,P
8°D,24,2026-06-01,P
8°D,24,2026-06-02,P
8°D,24,2026-06-03,P
8°D,24,2026-06-08,P
8°D,24,2026-06-09,P
8°D,24,2026-06-10,P
8°D,24,2026-06-11,P
8°D,24,2026-06-12,P
8°D,24,2026-06-15,P
8°D,24,2026-06-16,P
8°D,24,2026-06-17,F
8°D,24,2026-06-18,P
8°D,24,2026-06-19,F
8°D,24,2026-06-22,P
8°D,24,2026-06-23,P
8°D,24,2026-06-24,P
8°D,24,2026-06-25,P
8°D,24,2026-06-26,F
8°D,24,2026-06-29,F
8°D,24,2026-06-30,F
8°D,24,2026-07-01,F
8°D,24,2026-07-02,F
8°D,24,2026-07-03,P
8°D,24,2026-07-28,P
8°D,24,2026-07-29,P
8°D,24,2026-07-30,P
8°D,24,2026-07-31,P
8°D,24,2026-08-03,P
8°D,24,2026-08-04,P
8°D,24,2026-08-05,P
8°D,24,2026-08-06,F
8°D,24,2026-08-07,P
8°D,24,2026-08-10,P
8°D,24,2026-08-11,F
8°D,24,2026-08-12,P
8°D,24,2026-08-13,P
8°D,24,2026-08-14,P
8°D,24,2026-08-17,P
8°D,24,2026-08-18,P
8°D,24,2026-08-19,P
8°D,24,2026-08-20,P
8°D,24,2026-08-21,P
8°D,24,2026-08-22,P
8°D,24,2026-08-24,P
8°D,24,2026-08-25,P
8°D,24,2026-08-26,P
8°D,24,2026-08-27,F
8°D,24,2026-08-28,F
8°D,24,2026-08-31,P
8°D,25,2026-05-04,P
8°D,25,2026-05-05,P
8°D,25,2026-05-06,P
8°D,25,2026-05-07,P
8°D,25,2026-05-08,P
8°D,25,2026-05-11,P
8°D,25,2026-05-12,P
8°D,25,2026-05-13,P
8°D,25,2026-05-14,P
8°D,25,2026-05-15,P
8°D,25,2026-05-18,P
8°D,25,2026-05-19,P
8°D,25,2026-05-20,P
8°D,25,2026-05-21,P
8°D,25,2026-05-22,P
8°D,25,2026-05-25,P
8°D,25,2026-05-26,P
8°D,25,2026-05-27,P
8°D,25,2026-05-28,P
8°D,25,2026-05-29,P
8°D,25,2026-06-01,P
8°D,25,2026-06-02,P
8°D,25,2026-06-03,P
8°D,25,2026-06-08,P
8°D,25,2026-06-09,P
8°D,25,2026-06-10,F
8°D,25,2026-06-11,P
8°D,25,2026-06-12,F
8°D,25,2026-06-15,P
8°D,25,2026-06-16,P
8°D,25,2026-06-17,P
8°D,25,2026-06-18,P
8°D,25,2026-06-19,F
8°D,25,2026-06-22,P
8°D,25,2026-06-23,P
8°D,25,2026-06-24,F
8°D,25,2026-06-25,P
8°D,25,2026-06-26,P
8°D,25,2026-06-29,F
8°D,25,2026-06-30,P
8°D,25,2026-07-01,P
8°D,25,2026-07-02,P
8°D,25,2026-07-03,P
8°D,25,2026-07-28,P
8°D,25,2026-07-29,P
8°D,25,2026-07-30,F
8°D,25,2026-07-31,P
8°D,25,2026-08-03,P
8°D,25,2026-08-04,P
8°D,25,2026-08-05,P
8°D,25,2026-08-06,P
8°D,25,2026-08-07,P
8°D,25,2026-08-10,P
8°D,25,2026-08-11,F
8°D,25,2026-08-12,P
8°D,25,2026-08-13,P
8°D,25,2026-08-14,F
8°D,25,2026-08-17,P
8°D,25,2026-08-18,P
8°D,25,2026-08-19,F
8°D,25,2026-08-20,P
8°D,25,2026-08-21,P
8°D,25,2026-08-22,P
8°D,25,2026-08-24,P
8°D,25,2026-08-25,P
8°D,25,2026-08-26,P
8°D,25,2026-08-27,F
8°D,25,2026-08-28,F
8°D,25,2026-08-31,P
8°D,26,2026-05-04,P
8°D,26,2026-05-05,P
8°D,26,2026-05-06,P
8°D,26,2026-05-07,P
8°D,26,2026-05-08,F
8°D,26,2026-05-11,F
8°D,26,2026-05-12,P
8°D,26,2026-05-13,F
8°D,26,2026-05-14,P
8°D,26,2026-05-15,P
8°D,26,2026-05-18,P
8°D,26,2026-05-19,P
8°D,26,2026-05-20,P
8°D,26,2026-05-21,P
8°D,26,2026-05-22,P
8°D,26,2026-05-25,P
8°D,26,2026-05-26,P
8°D,26,2026-05-27,P
8°D,26,2026-05-28,P
8°D,26,2026-05-29,F
8°D,26,2026-06-01,F
8°D,26,2026-06-02,P
8°D,26,2026-06-03,P
8°D,26,2026-06-08,P
8°D,26,2026-06-09,P
8°D,26,2026-06-10,P
8°D,26,2026-06-11,P
8°D,26,2026-06-12,P
8°D,26,2026-06-15,P
8°D,26,2026-06-16,P
8°D,26,2026-06-17,P
8°D,26,2026-06-18,P
8°D,26,2026-06-19,P
8°D,26,2026-06-22,F
8°D,26,2026-06-23,P
8°D,26,2026-06-24,P
8°D,26,2026-06-25,P
8°D,26,2026-06-26,P
8°D,26,2026-06-29,P
8°D,26,2026-06-30,P
8°D,26,2026-07-01,P
8°D,26,2026-07-02,P
8°D,26,2026-07-03,P
8°D,26,2026-07-28,P
8°D,26,2026-07-29,P
8°D,26,2026-07-30,P
8°D,26,2026-07-31,P
8°D,26,2026-08-03,P
8°D,26,2026-08-04,P
8°D,26,2026-08-05,P
8°D,26,2026-08-06,P
8°D,26,2026-08-07,P
8°D,26,2026-08-10,P
8°D,26,2026-08-11,P
8°D,26,2026-08-12,P
8°D,26,2026-08-13,P
8°D,26,2026-08-14,P
8°D,26,2026-08-17,F
8°D,26,2026-08-18,P
8°D,26,2026-08-19,F
8°D,26,2026-08-20,P
8°D,26,2026-08-21,P
8°D,26,2026-08-22,P
8°D,26,2026-08-24,P
8°D,26,2026-08-25,P
8°D,26,2026-08-26,P
8°D,26,2026-08-27,F
8°D,26,2026-08-28,F
8°D,26,2026-08-31,P
8°D,27,2026-05-04,P
8°D,27,2026-05-05,P
8°D,27,2026-05-06,P
8°D,27,2026-05-07,P
8°D,27,2026-05-08,P
8°D,27,2026-05-11,P
8°D,27,2026-05-12,P
8°D,27,2026-05-13,P
8°D,27,2026-05-14,P
8°D,27,2026-05-15,P
8°D,27,2026-05-18,P
8°D,27,2026-05-19,P
8°D,27,2026-05-20,P
8°D,27,2026-05-21,F
8°D,27,2026-05-22,P
8°D,27,2026-05-25,P
8°D,27,2026-05-26,P
8°D,27,2026-05-27,P
8°D,27,2026-05-28,P
8°D,27,2026-05-29,P
8°D,27,2026-06-01,P
8°D,27,2026-06-02,P
8°D,27,2026-06-03,P
8°D,27,2026-06-08,F
8°D,27,2026-06-09,P
8°D,27,2026-06-10,P
8°D,27,2026-06-11,P
8°D,27,2026-06-12,P
8°D,27,2026-06-15,P
8°D,27,2026-06-16,P
8°D,27,2026-06-17,P
8°D,27,2026-06-18,P
8°D,27,2026-06-19,P
8°D,27,2026-06-22,P
8°D,27,2026-06-23,P
8°D,27,2026-06-24,F
8°D,27,2026-06-25,P
8°D,27,2026-06-26,P
8°D,27,2026-06-29,P
8°D,27,2026-06-30,P
8°D,27,2026-07-01,P
8°D,27,2026-07-02,P
8°D,27,2026-07-03,P
8°D,27,2026-07-28,P
8°D,27,2026-07-29,P
8°D,27,2026-07-30,P
8°D,27,2026-07-31,P
8°D,27,2026-08-03,P
8°D,27,2026-08-04,P
8°D,27,2026-08-05,P
8°D,27,2026-08-06,P
8°D,27,2026-08-07,P
8°D,27,2026-08-10,P
8°D,27,2026-08-11,F
8°D,27,2026-08-12,P
8°D,27,2026-08-13,P
8°D,27,2026-08-14,P
8°D,27,2026-08-17,F
8°D,27,2026-08-18,P
8°D,27,2026-08-19,P
8°D,27,2026-08-20,P
8°D,27,2026-08-21,P
8°D,27,2026-08-22,P
8°D,27,2026-08-24,P
8°D,27,2026-08-25,P
8°D,27,2026-08-26,P
8°D,27,2026-08-27,P
8°D,27,2026-08-28,F
8°D,27,2026-08-31,P
8°D,28,2026-05-04,-
8°D,28,2026-05-05,-
8°D,28,2026-05-06,-
8°D,28,2026-05-07,-
8°D,28,2026-05-08,-
8°D,28,2026-05-11,-
8°D,28,2026-05-12,-
8°D,28,2026-05-13,-
8°D,28,2026-05-14,-
8°D,28,2026-05-15,-
8°D,28,2026-05-18,-
8°D,28,2026-05-19,-
8°D,28,2026-05-20,-
8°D,28,2026-05-21,-
8°D,28,2026-05-22,-
8°D,28,2026-05-25,-
8°D,28,2026-05-26,-
8°D,28,2026-05-27,-
8°D,28,2026-05-28,-
8°D,28,2026-05-29,-
8°D,28,2026-06-01,-
8°D,28,2026-06-02,-
8°D,28,2026-06-03,-
8°D,28,2026-06-08,-
8°D,28,2026-06-09,-
8°D,28,2026-06-10,-
8°D,28,2026-06-11,-
8°D,28,2026-06-12,-
8°D,28,2026-06-15,-
8°D,28,2026-06-16,-
8°D,28,2026-06-17,-
8°D,28,2026-06-18,-
8°D,28,2026-06-19,-
8°D,28,2026-06-22,-
8°D,28,2026-06-23,-
8°D,28,2026-06-24,-
8°D,28,2026-06-25,-
8°D,28,2026-06-26,-
8°D,28,2026-06-29,-
8°D,28,2026-06-30,-
8°D,28,2026-07-01,-
8°D,28,2026-07-02,-
8°D,28,2026-07-03,-
8°D,28,2026-07-28,-
8°D,28,2026-07-29,-
8°D,28,2026-07-30,P
8°D,28,2026-07-31,P
8°D,28,2026-08-03,P
8°D,28,2026-08-04,P
8°D,28,2026-08-05,P
8°D,28,2026-08-06,P
8°D,28,2026-08-07,P
8°D,28,2026-08-10,F
8°D,28,2026-08-11,F
8°D,28,2026-08-12,P
8°D,28,2026-08-13,P
8°D,28,2026-08-14,P
8°D,28,2026-08-17,F
8°D,28,2026-08-18,P
8°D,28,2026-08-19,P
8°D,28,2026-08-20,P
8°D,28,2026-08-21,P
8°D,28,2026-08-22,P
8°D,28,2026-08-24,P
8°D,28,2026-08-25,P
8°D,28,2026-08-26,P
8°D,28,2026-08-27,P
8°D,28,2026-08-28,F
8°D,28,2026-08-31,P
8°E,2,2026-05-04,F
8°E,2,2026-05-05,P
8°E,2,2026-05-06,P
8°E,2,2026-05-07,P
8°E,2,2026-05-08,P
8°E,2,2026-05-11,P
8°E,2,2026-05-12,P
8°E,2,2026-05-13,P
8°E,2,2026-05-14,P
8°E,2,2026-05-15,P
8°E,2,2026-05-18,P
8°E,2,2026-05-19,P
8°E,2,2026-05-20,P
8°E,2,2026-05-21,P
8°E,2,2026-05-22,P
8°E,2,2026-05-25,P
8°E,2,2026-05-26,P
8°E,2,2026-05-27,P
8°E,2,2026-05-28,P
8°E,2,2026-05-29,P
8°E,2,2026-06-01,P
8°E,2,2026-06-02,P
8°E,2,2026-06-03,P
8°E,2,2026-06-08,P
8°E,2,2026-06-09,P
8°E,2,2026-06-10,P
8°E,2,2026-06-11,P
8°E,2,2026-06-12,P
8°E,2,2026-06-15,P
8°E,2,2026-06-16,P
8°E,2,2026-06-17,P
8°E,2,2026-06-18,P
8°E,2,2026-06-19,P
8°E,2,2026-06-22,P
8°E,2,2026-06-23,P
8°E,2,2026-06-24,P
8°E,2,2026-06-25,P
8°E,2,2026-06-26,F
8°E,2,2026-06-29,F
8°E,2,2026-06-30,F
8°E,2,2026-07-01,F
8°E,2,2026-07-02,F
8°E,2,2026-07-03,F
8°E,2,2026-07-28,F
8°E,2,2026-07-29,P
8°E,2,2026-07-30,F
8°E,2,2026-07-31,P
8°E,2,2026-08-03,P
8°E,2,2026-08-04,P
8°E,2,2026-08-05,P
8°E,2,2026-08-06,P
8°E,2,2026-08-07,P
8°E,2,2026-08-10,P
8°E,2,2026-08-11,P
8°E,2,2026-08-12,P
8°E,2,2026-08-13,F
8°E,2,2026-08-14,P
8°E,2,2026-08-17,P
8°E,2,2026-08-18,P
8°E,2,2026-08-19,P
8°E,2,2026-08-20,P
8°E,2,2026-08-21,F
8°E,2,2026-08-22,P
8°E,2,2026-08-24,P
8°E,2,2026-08-25,P
8°E,2,2026-08-26,P
8°E,2,2026-08-27,F
8°E,2,2026-08-28,P
8°E,2,2026-08-31,P
8°E,3,2026-05-04,P
8°E,3,2026-05-05,P
8°E,3,2026-05-06,F
8°E,3,2026-05-07,P
8°E,3,2026-05-08,P
8°E,3,2026-05-11,F
8°E,3,2026-05-12,P
8°E,3,2026-05-13,P
8°E,3,2026-05-14,P
8°E,3,2026-05-15,P
8°E,3,2026-05-18,P
8°E,3,2026-05-19,P
8°E,3,2026-05-20,P
8°E,3,2026-05-21,F
8°E,3,2026-05-22,P
8°E,3,2026-05-25,P
8°E,3,2026-05-26,P
8°E,3,2026-05-27,P
8°E,3,2026-05-28,P
8°E,3,2026-05-29,P
8°E,3,2026-06-01,P
8°E,3,2026-06-02,P
8°E,3,2026-06-03,P
8°E,3,2026-06-08,P
8°E,3,2026-06-09,P
8°E,3,2026-06-10,P
8°E,3,2026-06-11,P
8°E,3,2026-06-12,P
8°E,3,2026-06-15,P
8°E,3,2026-06-16,P
8°E,3,2026-06-17,P
8°E,3,2026-06-18,P
8°E,3,2026-06-19,P
8°E,3,2026-06-22,F
8°E,3,2026-06-23,P
8°E,3,2026-06-24,P
8°E,3,2026-06-25,P
8°E,3,2026-06-26,P
8°E,3,2026-06-29,P
8°E,3,2026-06-30,P
8°E,3,2026-07-01,P
8°E,3,2026-07-02,F
8°E,3,2026-07-03,P
8°E,3,2026-07-28,P
8°E,3,2026-07-29,P
8°E,3,2026-07-30,P
8°E,3,2026-07-31,P
8°E,3,2026-08-03,P
8°E,3,2026-08-04,P
8°E,3,2026-08-05,P
8°E,3,2026-08-06,P
8°E,3,2026-08-07,P
8°E,3,2026-08-10,P
8°E,3,2026-08-11,P
8°E,3,2026-08-12,P
8°E,3,2026-08-13,P
8°E,3,2026-08-14,P
8°E,3,2026-08-17,P
8°E,3,2026-08-18,P
8°E,3,2026-08-19,P
8°E,3,2026-08-20,P
8°E,3,2026-08-21,F
8°E,3,2026-08-22,P
8°E,3,2026-08-24,P
8°E,3,2026-08-25,P
8°E,3,2026-08-26,P
8°E,3,2026-08-27,P
8°E,3,2026-08-28,P
8°E,3,2026-08-31,P
8°E,4,2026-05-04,P
8°E,4,2026-05-05,P
8°E,4,2026-05-06,P
8°E,4,2026-05-07,P
8°E,4,2026-05-08,P
8°E,4,2026-05-11,P
8°E,4,2026-05-12,P
8°E,4,2026-05-13,P
8°E,4,2026-05-14,P
8°E,4,2026-05-15,P
8°E,4,2026-05-18,P
8°E,4,2026-05-19,P
8°E,4,2026-05-20,P
8°E,4,2026-05-21,F
8°E,4,2026-05-22,P
8°E,4,2026-05-25,P
8°E,4,2026-05-26,P
8°E,4,2026-05-27,P
8°E,4,2026-05-28,P
8°E,4,2026-05-29,P
8°E,4,2026-06-01,P
8°E,4,2026-06-02,P
8°E,4,2026-06-03,P
8°E,4,2026-06-08,P
8°E,4,2026-06-09,P
8°E,4,2026-06-10,P
8°E,4,2026-06-11,P
8°E,4,2026-06-12,P
8°E,4,2026-06-15,P
8°E,4,2026-06-16,P
8°E,4,2026-06-17,P
8°E,4,2026-06-18,P
8°E,4,2026-06-19,P
8°E,4,2026-06-22,P
8°E,4,2026-06-23,F
8°E,4,2026-06-24,F
8°E,4,2026-06-25,P
8°E,4,2026-06-26,P
8°E,4,2026-06-29,P
8°E,4,2026-06-30,P
8°E,4,2026-07-01,P
8°E,4,2026-07-02,F
8°E,4,2026-07-03,P
8°E,4,2026-07-28,P
8°E,4,2026-07-29,P
8°E,4,2026-07-30,P
8°E,4,2026-07-31,P
8°E,4,2026-08-03,P
8°E,4,2026-08-04,P
8°E,4,2026-08-05,P
8°E,4,2026-08-06,F
8°E,4,2026-08-07,P
8°E,4,2026-08-10,P
8°E,4,2026-08-11,P
8°E,4,2026-08-12,P
8°E,4,2026-08-13,P
8°E,4,2026-08-14,F
8°E,4,2026-08-17,P
8°E,4,2026-08-18,P
8°E,4,2026-08-19,P
8°E,4,2026-08-20,P
8°E,4,2026-08-21,P
8°E,4,2026-08-22,P
8°E,4,2026-08-24,P
8°E,4,2026-08-25,P
8°E,4,2026-08-26,P
8°E,4,2026-08-27,P
8°E,4,2026-08-28,P
8°E,4,2026-08-31,P
8°E,5,2026-05-04,F
8°E,5,2026-05-05,P
8°E,5,2026-05-06,F
8°E,5,2026-05-07,P
8°E,5,2026-05-08,P
8°E,5,2026-05-11,F
8°E,5,2026-05-12,P
8°E,5,2026-05-13,P
8°E,5,2026-05-14,P
8°E,5,2026-05-15,P
8°E,5,2026-05-18,P
8°E,5,2026-05-19,P
8°E,5,2026-05-20,P
8°E,5,2026-05-21,P
8°E,5,2026-05-22,P
8°E,5,2026-05-25,P
8°E,5,2026-05-26,P
8°E,5,2026-05-27,P
8°E,5,2026-05-28,P
8°E,5,2026-05-29,F
8°E,5,2026-06-01,P
8°E,5,2026-06-02,P
8°E,5,2026-06-03,P
8°E,5,2026-06-08,F
8°E,5,2026-06-09,P
8°E,5,2026-06-10,P
8°E,5,2026-06-11,P
8°E,5,2026-06-12,P
8°E,5,2026-06-15,P
8°E,5,2026-06-16,P
8°E,5,2026-06-17,P
8°E,5,2026-06-18,P
8°E,5,2026-06-19,F
8°E,5,2026-06-22,P
8°E,5,2026-06-23,P
8°E,5,2026-06-24,F
8°E,5,2026-06-25,P
8°E,5,2026-06-26,P
8°E,5,2026-06-29,F
8°E,5,2026-06-30,P
8°E,5,2026-07-01,P
8°E,5,2026-07-02,F
8°E,5,2026-07-03,P
8°E,5,2026-07-28,F
8°E,5,2026-07-29,P
8°E,5,2026-07-30,P
8°E,5,2026-07-31,P
8°E,5,2026-08-03,P
8°E,5,2026-08-04,F
8°E,5,2026-08-05,P
8°E,5,2026-08-06,P
8°E,5,2026-08-07,P
8°E,5,2026-08-10,P
8°E,5,2026-08-11,P
8°E,5,2026-08-12,P
8°E,5,2026-08-13,P
8°E,5,2026-08-14,P
8°E,5,2026-08-17,P
8°E,5,2026-08-18,P
8°E,5,2026-08-19,P
8°E,5,2026-08-20,P
8°E,5,2026-08-21,P
8°E,5,2026-08-22,P
8°E,5,2026-08-24,P
8°E,5,2026-08-25,P
8°E,5,2026-08-26,P
8°E,5,2026-08-27,F
8°E,5,2026-08-28,F
8°E,5,2026-08-31,F
8°E,6,2026-05-04,P
8°E,6,2026-05-05,P
8°E,6,2026-05-06,F
8°E,6,2026-05-07,P
8°E,6,2026-05-08,P
8°E,6,2026-05-11,F
8°E,6,2026-05-12,P
8°E,6,2026-05-13,P
8°E,6,2026-05-14,P
8°E,6,2026-05-15,P
8°E,6,2026-05-18,P
8°E,6,2026-05-19,P
8°E,6,2026-05-20,F
8°E,6,2026-05-21,F
8°E,6,2026-05-22,P
8°E,6,2026-05-25,F
8°E,6,2026-05-26,P
8°E,6,2026-05-27,P
8°E,6,2026-05-28,F
8°E,6,2026-05-29,F
8°E,6,2026-06-01,P
8°E,6,2026-06-02,F
8°E,6,2026-06-03,P
8°E,6,2026-06-08,P
8°E,6,2026-06-09,P
8°E,6,2026-06-10,P
8°E,6,2026-06-11,P
8°E,6,2026-06-12,P
8°E,6,2026-06-15,P
8°E,6,2026-06-16,P
8°E,6,2026-06-17,P
8°E,6,2026-06-18,P
8°E,6,2026-06-19,F
8°E,6,2026-06-22,P
8°E,6,2026-06-23,P
8°E,6,2026-06-24,F
8°E,6,2026-06-25,P
8°E,6,2026-06-26,P
8°E,6,2026-06-29,P
8°E,6,2026-06-30,P
8°E,6,2026-07-01,P
8°E,6,2026-07-02,F
8°E,6,2026-07-03,P
8°E,6,2026-07-28,P
8°E,6,2026-07-29,P
8°E,6,2026-07-30,P
8°E,6,2026-07-31,P
8°E,6,2026-08-03,F
8°E,6,2026-08-04,P
8°E,6,2026-08-05,F
8°E,6,2026-08-06,F
8°E,6,2026-08-07,P
8°E,6,2026-08-10,P
8°E,6,2026-08-11,P
8°E,6,2026-08-12,P
8°E,6,2026-08-13,P
8°E,6,2026-08-14,P
8°E,6,2026-08-17,P
8°E,6,2026-08-18,P
8°E,6,2026-08-19,P
8°E,6,2026-08-20,P
8°E,6,2026-08-21,P
8°E,6,2026-08-22,P
8°E,6,2026-08-24,P
8°E,6,2026-08-25,P
8°E,6,2026-08-26,P
8°E,6,2026-08-27,F
8°E,6,2026-08-28,P
8°E,6,2026-08-31,P
8°E,7,2026-05-04,F
8°E,7,2026-05-05,P
8°E,7,2026-05-06,P
8°E,7,2026-05-07,P
8°E,7,2026-05-08,F
8°E,7,2026-05-11,P
8°E,7,2026-05-12,P
8°E,7,2026-05-13,P
8°E,7,2026-05-14,F
8°E,7,2026-05-15,P
8°E,7,2026-05-18,P
8°E,7,2026-05-19,P
8°E,7,2026-05-20,P
8°E,7,2026-05-21,P
8°E,7,2026-05-22,P
8°E,7,2026-05-25,P
8°E,7,2026-05-26,P
8°E,7,2026-05-27,P
8°E,7,2026-05-28,P
8°E,7,2026-05-29,P
8°E,7,2026-06-01,F
8°E,7,2026-06-02,F
8°E,7,2026-06-03,F
8°E,7,2026-06-08,P
8°E,7,2026-06-09,P
8°E,7,2026-06-10,P
8°E,7,2026-06-11,P
8°E,7,2026-06-12,P
8°E,7,2026-06-15,P
8°E,7,2026-06-16,P
8°E,7,2026-06-17,P
8°E,7,2026-06-18,P
8°E,7,2026-06-19,F
8°E,7,2026-06-22,P
8°E,7,2026-06-23,P
8°E,7,2026-06-24,F
8°E,7,2026-06-25,P
8°E,7,2026-06-26,P
8°E,7,2026-06-29,P
8°E,7,2026-06-30,P
8°E,7,2026-07-01,P
8°E,7,2026-07-02,P
8°E,7,2026-07-03,P
8°E,7,2026-07-28,P
8°E,7,2026-07-29,P
8°E,7,2026-07-30,P
8°E,7,2026-07-31,P
8°E,7,2026-08-03,P
8°E,7,2026-08-04,P
8°E,7,2026-08-05,P
8°E,7,2026-08-06,P
8°E,7,2026-08-07,P
8°E,7,2026-08-10,P
8°E,7,2026-08-11,P
8°E,7,2026-08-12,P
8°E,7,2026-08-13,P
8°E,7,2026-08-14,P
8°E,7,2026-08-17,F
8°E,7,2026-08-18,P
8°E,7,2026-08-19,P
8°E,7,2026-08-20,P
8°E,7,2026-08-21,P
8°E,7,2026-08-22,P
8°E,7,2026-08-24,P
8°E,7,2026-08-25,P
8°E,7,2026-08-26,P
8°E,7,2026-08-27,F
8°E,7,2026-08-28,P
8°E,7,2026-08-31,P
8°E,8,2026-05-04,P
8°E,8,2026-05-05,P
8°E,8,2026-05-06,P
8°E,8,2026-05-07,P
8°E,8,2026-05-08,P
8°E,8,2026-05-11,F
8°E,8,2026-05-12,P
8°E,8,2026-05-13,F
8°E,8,2026-05-14,F
8°E,8,2026-05-15,P
8°E,8,2026-05-18,F
8°E,8,2026-05-19,P
8°E,8,2026-05-20,P
8°E,8,2026-05-21,P
8°E,8,2026-05-22,P
8°E,8,2026-05-25,P
8°E,8,2026-05-26,P
8°E,8,2026-05-27,P
8°E,8,2026-05-28,P
8°E,8,2026-05-29,P
8°E,8,2026-06-01,P
8°E,8,2026-06-02,F
8°E,8,2026-06-03,P
8°E,8,2026-06-08,P
8°E,8,2026-06-09,P
8°E,8,2026-06-10,P
8°E,8,2026-06-11,P
8°E,8,2026-06-12,P
8°E,8,2026-06-15,P
8°E,8,2026-06-16,P
8°E,8,2026-06-17,P
8°E,8,2026-06-18,P
8°E,8,2026-06-19,P
8°E,8,2026-06-22,P
8°E,8,2026-06-23,P
8°E,8,2026-06-24,P
8°E,8,2026-06-25,P
8°E,8,2026-06-26,P
8°E,8,2026-06-29,P
8°E,8,2026-06-30,P
8°E,8,2026-07-01,P
8°E,8,2026-07-02,F
8°E,8,2026-07-03,P
8°E,8,2026-07-28,P
8°E,8,2026-07-29,P
8°E,8,2026-07-30,P
8°E,8,2026-07-31,P
8°E,8,2026-08-03,P
8°E,8,2026-08-04,P
8°E,8,2026-08-05,P
8°E,8,2026-08-06,F
8°E,8,2026-08-07,P
8°E,8,2026-08-10,P
8°E,8,2026-08-11,P
8°E,8,2026-08-12,P
8°E,8,2026-08-13,P
8°E,8,2026-08-14,P
8°E,8,2026-08-17,P
8°E,8,2026-08-18,P
8°E,8,2026-08-19,P
8°E,8,2026-08-20,P
8°E,8,2026-08-21,P
8°E,8,2026-08-22,P
8°E,8,2026-08-24,P
8°E,8,2026-08-25,P
8°E,8,2026-08-26,P
8°E,8,2026-08-27,P
8°E,8,2026-08-28,P
8°E,8,2026-08-31,P
8°E,9,2026-05-04,P
8°E,9,2026-05-05,P
8°E,9,2026-05-06,P
8°E,9,2026-05-07,P
8°E,9,2026-05-08,P
8°E,9,2026-05-11,P
8°E,9,2026-05-12,P
8°E,9,2026-05-13,P
8°E,9,2026-05-14,P
8°E,9,2026-05-15,P
8°E,9,2026-05-18,P
8°E,9,2026-05-19,P
8°E,9,2026-05-20,P
8°E,9,2026-05-21,P
8°E,9,2026-05-22,P
8°E,9,2026-05-25,P
8°E,9,2026-05-26,P
8°E,9,2026-05-27,P
8°E,9,2026-05-28,P
8°E,9,2026-05-29,P
8°E,9,2026-06-01,P
8°E,9,2026-06-02,P
8°E,9,2026-06-03,P
8°E,9,2026-06-08,P
8°E,9,2026-06-09,P
8°E,9,2026-06-10,P
8°E,9,2026-06-11,P
8°E,9,2026-06-12,P
8°E,9,2026-06-15,P
8°E,9,2026-06-16,P
8°E,9,2026-06-17,P
8°E,9,2026-06-18,P
8°E,9,2026-06-19,P
8°E,9,2026-06-22,P
8°E,9,2026-06-23,P
8°E,9,2026-06-24,P
8°E,9,2026-06-25,P
8°E,9,2026-06-26,P
8°E,9,2026-06-29,P
8°E,9,2026-06-30,P
8°E,9,2026-07-01,P
8°E,9,2026-07-02,P
8°E,9,2026-07-03,P
8°E,9,2026-07-28,P
8°E,9,2026-07-29,P
8°E,9,2026-07-30,P
8°E,9,2026-07-31,P
8°E,9,2026-08-03,P
8°E,9,2026-08-04,P
8°E,9,2026-08-05,P
8°E,9,2026-08-06,P
8°E,9,2026-08-07,P
8°E,9,2026-08-10,P
8°E,9,2026-08-11,P
8°E,9,2026-08-12,P
8°E,9,2026-08-13,P
8°E,9,2026-08-14,F
8°E,9,2026-08-17,P
8°E,9,2026-08-18,P
8°E,9,2026-08-19,P
8°E,9,2026-08-20,P
8°E,9,2026-08-21,P
8°E,9,2026-08-22,P
8°E,9,2026-08-24,P
8°E,9,2026-08-25,P
8°E,9,2026-08-26,P
8°E,9,2026-08-27,F
8°E,9,2026-08-28,P
8°E,9,2026-08-31,P
8°E,10,2026-05-04,P
8°E,10,2026-05-05,P
8°E,10,2026-05-06,F
8°E,10,2026-05-07,P
8°E,10,2026-05-08,P
8°E,10,2026-05-11,F
8°E,10,2026-05-12,P
8°E,10,2026-05-13,P
8°E,10,2026-05-14,P
8°E,10,2026-05-15,P
8°E,10,2026-05-18,P
8°E,10,2026-05-19,P
8°E,10,2026-05-20,P
8°E,10,2026-05-21,P
8°E,10,2026-05-22,P
8°E,10,2026-05-25,P
8°E,10,2026-05-26,P
8°E,10,2026-05-27,F
8°E,10,2026-05-28,P
8°E,10,2026-05-29,F
8°E,10,2026-06-01,P
8°E,10,2026-06-02,P
8°E,10,2026-06-03,P
8°E,10,2026-06-08,P
8°E,10,2026-06-09,P
8°E,10,2026-06-10,P
8°E,10,2026-06-11,F
8°E,10,2026-06-12,P
8°E,10,2026-06-15,P
8°E,10,2026-06-16,P
8°E,10,2026-06-17,P
8°E,10,2026-06-18,P
8°E,10,2026-06-19,P
8°E,10,2026-06-22,P
8°E,10,2026-06-23,P
8°E,10,2026-06-24,P
8°E,10,2026-06-25,P
8°E,10,2026-06-26,P
8°E,10,2026-06-29,P
8°E,10,2026-06-30,P
8°E,10,2026-07-01,F
8°E,10,2026-07-02,F
8°E,10,2026-07-03,P
8°E,10,2026-07-28,P
8°E,10,2026-07-29,P
8°E,10,2026-07-30,P
8°E,10,2026-07-31,P
8°E,10,2026-08-03,P
8°E,10,2026-08-04,P
8°E,10,2026-08-05,F
8°E,10,2026-08-06,F
8°E,10,2026-08-07,P
8°E,10,2026-08-10,P
8°E,10,2026-08-11,P
8°E,10,2026-08-12,P
8°E,10,2026-08-13,F
8°E,10,2026-08-14,P
8°E,10,2026-08-17,P
8°E,10,2026-08-18,P
8°E,10,2026-08-19,P
8°E,10,2026-08-20,P
8°E,10,2026-08-21,F
8°E,10,2026-08-22,P
8°E,10,2026-08-24,P
8°E,10,2026-08-25,P
8°E,10,2026-08-26,P
8°E,10,2026-08-27,P
8°E,10,2026-08-28,P
8°E,10,2026-08-31,P
8°E,11,2026-05-04,P
8°E,11,2026-05-05,P
8°E,11,2026-05-06,F
8°E,11,2026-05-07,P
8°E,11,2026-05-08,P
8°E,11,2026-05-11,F
8°E,11,2026-05-12,P
8°E,11,2026-05-13,P
8°E,11,2026-05-14,P
8°E,11,2026-05-15,P
8°E,11,2026-05-18,P
8°E,11,2026-05-19,P
8°E,11,2026-05-20,P
8°E,11,2026-05-21,P
8°E,11,2026-05-22,P
8°E,11,2026-05-25,P
8°E,11,2026-05-26,P
8°E,11,2026-05-27,P
8°E,11,2026-05-28,F
8°E,11,2026-05-29,P
8°E,11,2026-06-01,P
8°E,11,2026-06-02,P
8°E,11,2026-06-03,P
8°E,11,2026-06-08,P
8°E,11,2026-06-09,P
8°E,11,2026-06-10,P
8°E,11,2026-06-11,P
8°E,11,2026-06-12,P
8°E,11,2026-06-15,F
8°E,11,2026-06-16,P
8°E,11,2026-06-17,P
8°E,11,2026-06-18,F
8°E,11,2026-06-19,P
8°E,11,2026-06-22,P
8°E,11,2026-06-23,P
8°E,11,2026-06-24,P
8°E,11,2026-06-25,P
8°E,11,2026-06-26,P
8°E,11,2026-06-29,P
8°E,11,2026-06-30,P
8°E,11,2026-07-01,P
8°E,11,2026-07-02,P
8°E,11,2026-07-03,P
8°E,11,2026-07-28,P
8°E,11,2026-07-29,P
8°E,11,2026-07-30,P
8°E,11,2026-07-31,P
8°E,11,2026-08-03,P
8°E,11,2026-08-04,P
8°E,11,2026-08-05,P
8°E,11,2026-08-06,P
8°E,11,2026-08-07,P
8°E,11,2026-08-10,P
8°E,11,2026-08-11,P
8°E,11,2026-08-12,P
8°E,11,2026-08-13,P
8°E,11,2026-08-14,F
8°E,11,2026-08-17,P
8°E,11,2026-08-18,P
8°E,11,2026-08-19,P
8°E,11,2026-08-20,P
8°E,11,2026-08-21,P
8°E,11,2026-08-22,P
8°E,11,2026-08-24,P
8°E,11,2026-08-25,P
8°E,11,2026-08-26,P
8°E,11,2026-08-27,P
8°E,11,2026-08-28,P
8°E,11,2026-08-31,F
8°E,12,2026-05-04,-
8°E,12,2026-05-05,-
8°E,12,2026-05-06,-
8°E,12,2026-05-07,-
8°E,12,2026-05-08,-
8°E,12,2026-05-11,-
8°E,12,2026-05-12,-
8°E,12,2026-05-13,-
8°E,12,2026-05-14,-
8°E,12,2026-05-15,-
8°E,12,2026-05-18,-
8°E,12,2026-05-19,-
8°E,12,2026-05-20,-
8°E,12,2026-05-21,-
8°E,12,2026-05-22,-
8°E,12,2026-05-25,-
8°E,12,2026-05-26,-
8°E,12,2026-05-27,-
8°E,12,2026-05-28,-
8°E,12,2026-05-29,-
8°E,12,2026-06-01,-
8°E,12,2026-06-02,-
8°E,12,2026-06-03,-
8°E,12,2026-06-08,-
8°E,12,2026-06-09,-
8°E,12,2026-06-10,-
8°E,12,2026-06-11,-
8°E,12,2026-06-12,-
8°E,12,2026-06-15,-
8°E,12,2026-06-16,-
8°E,12,2026-06-17,-
8°E,12,2026-06-18,-
8°E,12,2026-06-19,-
8°E,12,2026-06-22,-
8°E,12,2026-06-23,-
8°E,12,2026-06-24,-
8°E,12,2026-06-25,-
8°E,12,2026-06-26,-
8°E,12,2026-06-29,-
8°E,12,2026-06-30,-
8°E,12,2026-07-01,
8°E,12,2026-07-02,
8°E,12,2026-07-03,
8°E,12,2026-07-28,
8°E,12,2026-07-29,
8°E,12,2026-07-30,
8°E,12,2026-07-31,
8°E,12,2026-08-03,
8°E,12,2026-08-04,
8°E,12,2026-08-05,
8°E,12,2026-08-06,
8°E,12,2026-08-07,
8°E,12,2026-08-10,
8°E,12,2026-08-11,
8°E,12,2026-08-12,
8°E,12,2026-08-13,
8°E,12,2026-08-14,
8°E,12,2026-08-17,
8°E,12,2026-08-18,
8°E,12,2026-08-19,
8°E,12,2026-08-20,
8°E,12,2026-08-21,
8°E,12,2026-08-22,
8°E,12,2026-08-24,
8°E,12,2026-08-25,
8°E,12,2026-08-26,
8°E,12,2026-08-27,
8°E,12,2026-08-28,
8°E,12,2026-08-31,
8°E,13,2026-05-04,P
8°E,13,2026-05-05,P
8°E,13,2026-05-06,F
8°E,13,2026-05-07,F
8°E,13,2026-05-08,F
8°E,13,2026-05-11,P
8°E,13,2026-05-12,P
8°E,13,2026-05-13,P
8°E,13,2026-05-14,P
8°E,13,2026-05-15,P
8°E,13,2026-05-18,P
8°E,13,2026-05-19,P
8°E,13,2026-05-20,P
8°E,13,2026-05-21,F
8°E,13,2026-05-22,P
8°E,13,2026-05-25,F
8°E,13,2026-05-26,P
8°E,13,2026-05-27,P
8°E,13,2026-05-28,P
8°E,13,2026-05-29,F
8°E,13,2026-06-01,F
8°E,13,2026-06-02,P
8°E,13,2026-06-03,F
8°E,13,2026-06-08,F
8°E,13,2026-06-09,P
8°E,13,2026-06-10,F
8°E,13,2026-06-11,P
8°E,13,2026-06-12,P
8°E,13,2026-06-15,P
8°E,13,2026-06-16,P
8°E,13,2026-06-17,P
8°E,13,2026-06-18,F
8°E,13,2026-06-19,P
8°E,13,2026-06-22,P
8°E,13,2026-06-23,P
8°E,13,2026-06-24,F
8°E,13,2026-06-25,F
8°E,13,2026-06-26,P
8°E,13,2026-06-29,F
8°E,13,2026-06-30,P
8°E,13,2026-07-01,F
8°E,13,2026-07-02,F
8°E,13,2026-07-03,F
8°E,13,2026-07-28,P
8°E,13,2026-07-29,P
8°E,13,2026-07-30,F
8°E,13,2026-07-31,F
8°E,13,2026-08-03,P
8°E,13,2026-08-04,P
8°E,13,2026-08-05,P
8°E,13,2026-08-06,F
8°E,13,2026-08-07,P
8°E,13,2026-08-10,P
8°E,13,2026-08-11,F
8°E,13,2026-08-12,P
8°E,13,2026-08-13,P
8°E,13,2026-08-14,P
8°E,13,2026-08-17,P
8°E,13,2026-08-18,P
8°E,13,2026-08-19,P
8°E,13,2026-08-20,F
8°E,13,2026-08-21,F
8°E,13,2026-08-22,P
8°E,13,2026-08-24,P
8°E,13,2026-08-25,P
8°E,13,2026-08-26,P
8°E,13,2026-08-27,P
8°E,13,2026-08-28,F
8°E,13,2026-08-31,F
8°E,14,2026-05-04,F
8°E,14,2026-05-05,P
8°E,14,2026-05-06,P
8°E,14,2026-05-07,P
8°E,14,2026-05-08,F
8°E,14,2026-05-11,F
8°E,14,2026-05-12,P
8°E,14,2026-05-13,P
8°E,14,2026-05-14,P
8°E,14,2026-05-15,P
8°E,14,2026-05-18,P
8°E,14,2026-05-19,P
8°E,14,2026-05-20,P
8°E,14,2026-05-21,P
8°E,14,2026-05-22,F
8°E,14,2026-05-25,P
8°E,14,2026-05-26,P
8°E,14,2026-05-27,P
8°E,14,2026-05-28,P
8°E,14,2026-05-29,P
8°E,14,2026-06-01,P
8°E,14,2026-06-02,P
8°E,14,2026-06-03,F
8°E,14,2026-06-08,P
8°E,14,2026-06-09,P
8°E,14,2026-06-10,P
8°E,14,2026-06-11,F
8°E,14,2026-06-12,P
8°E,14,2026-06-15,F
8°E,14,2026-06-16,P
8°E,14,2026-06-17,P
8°E,14,2026-06-18,F
8°E,14,2026-06-19,P
8°E,14,2026-06-22,P
8°E,14,2026-06-23,P
8°E,14,2026-06-24,F
8°E,14,2026-06-25,P
8°E,14,2026-06-26,P
8°E,14,2026-06-29,P
8°E,14,2026-06-30,P
8°E,14,2026-07-01,P
8°E,14,2026-07-02,F
8°E,14,2026-07-03,P
8°E,14,2026-07-28,F
8°E,14,2026-07-29,F
8°E,14,2026-07-30,F
8°E,14,2026-07-31,F
8°E,14,2026-08-03,P
8°E,14,2026-08-04,P
8°E,14,2026-08-05,P
8°E,14,2026-08-06,P
8°E,14,2026-08-07,P
8°E,14,2026-08-10,P
8°E,14,2026-08-11,P
8°E,14,2026-08-12,P
8°E,14,2026-08-13,F
8°E,14,2026-08-14,P
8°E,14,2026-08-17,P
8°E,14,2026-08-18,P
8°E,14,2026-08-19,P
8°E,14,2026-08-20,P
8°E,14,2026-08-21,P
8°E,14,2026-08-22,P
8°E,14,2026-08-24,P
8°E,14,2026-08-25,P
8°E,14,2026-08-26,P
8°E,14,2026-08-27,F
8°E,14,2026-08-28,P
8°E,14,2026-08-31,F
8°E,15,2026-05-04,F
8°E,15,2026-05-05,P
8°E,15,2026-05-06,P
8°E,15,2026-05-07,P
8°E,15,2026-05-08,F
8°E,15,2026-05-11,F
8°E,15,2026-05-12,P
8°E,15,2026-05-13,F
8°E,15,2026-05-14,P
8°E,15,2026-05-15,P
8°E,15,2026-05-18,P
8°E,15,2026-05-19,P
8°E,15,2026-05-20,P
8°E,15,2026-05-21,P
8°E,15,2026-05-22,P
8°E,15,2026-05-25,F
8°E,15,2026-05-26,P
8°E,15,2026-05-27,P
8°E,15,2026-05-28,P
8°E,15,2026-05-29,F
8°E,15,2026-06-01,F
8°E,15,2026-06-02,P
8°E,15,2026-06-03,F
8°E,15,2026-06-08,P
8°E,15,2026-06-09,P
8°E,15,2026-06-10,F
8°E,15,2026-06-11,F
8°E,15,2026-06-12,F
8°E,15,2026-06-15,F
8°E,15,2026-06-16,P
8°E,15,2026-06-17,F
8°E,15,2026-06-18,P
8°E,15,2026-06-19,P
8°E,15,2026-06-22,P
8°E,15,2026-06-23,P
8°E,15,2026-06-24,F
8°E,15,2026-06-25,P
8°E,15,2026-06-26,P
8°E,15,2026-06-29,P
8°E,15,2026-06-30,F
8°E,15,2026-07-01,P
8°E,15,2026-07-02,F
8°E,15,2026-07-03,P
8°E,15,2026-07-28,F
8°E,15,2026-07-29,F
8°E,15,2026-07-30,F
8°E,15,2026-07-31,F
8°E,15,2026-08-03,F
8°E,15,2026-08-04,F
8°E,15,2026-08-05,F
8°E,15,2026-08-06,P
8°E,15,2026-08-07,P
8°E,15,2026-08-10,F
8°E,15,2026-08-11,P
8°E,15,2026-08-12,P
8°E,15,2026-08-13,P
8°E,15,2026-08-14,P
8°E,15,2026-08-17,F
8°E,15,2026-08-18,P
8°E,15,2026-08-19,P
8°E,15,2026-08-20,P
8°E,15,2026-08-21,F
8°E,15,2026-08-22,P
8°E,15,2026-08-24,P
8°E,15,2026-08-25,P
8°E,15,2026-08-26,P
8°E,15,2026-08-27,P
8°E,15,2026-08-28,P
8°E,15,2026-08-31,F
8°E,16,2026-05-04,P
8°E,16,2026-05-05,P
8°E,16,2026-05-06,P
8°E,16,2026-05-07,P
8°E,16,2026-05-08,P
8°E,16,2026-05-11,P
8°E,16,2026-05-12,P
8°E,16,2026-05-13,F
8°E,16,2026-05-14,P
8°E,16,2026-05-15,P
8°E,16,2026-05-18,P
8°E,16,2026-05-19,P
8°E,16,2026-05-20,P
8°E,16,2026-05-21,P
8°E,16,2026-05-22,P
8°E,16,2026-05-25,P
8°E,16,2026-05-26,P
8°E,16,2026-05-27,P
8°E,16,2026-05-28,P
8°E,16,2026-05-29,P
8°E,16,2026-06-01,F
8°E,16,2026-06-02,P
8°E,16,2026-06-03,P
8°E,16,2026-06-08,P
8°E,16,2026-06-09,P
8°E,16,2026-06-10,P
8°E,16,2026-06-11,P
8°E,16,2026-06-12,P
8°E,16,2026-06-15,F
8°E,16,2026-06-16,P
8°E,16,2026-06-17,P
8°E,16,2026-06-18,P
8°E,16,2026-06-19,P
8°E,16,2026-06-22,P
8°E,16,2026-06-23,P
8°E,16,2026-06-24,F
8°E,16,2026-06-25,P
8°E,16,2026-06-26,P
8°E,16,2026-06-29,P
8°E,16,2026-06-30,F
8°E,16,2026-07-01,F
8°E,16,2026-07-02,F
8°E,16,2026-07-03,P
8°E,16,2026-07-28,P
8°E,16,2026-07-29,P
8°E,16,2026-07-30,P
8°E,16,2026-07-31,P
8°E,16,2026-08-03,P
8°E,16,2026-08-04,F
8°E,16,2026-08-05,P
8°E,16,2026-08-06,P
8°E,16,2026-08-07,P
8°E,16,2026-08-10,P
8°E,16,2026-08-11,P
8°E,16,2026-08-12,P
8°E,16,2026-08-13,P
8°E,16,2026-08-14,P
8°E,16,2026-08-17,P
8°E,16,2026-08-18,P
8°E,16,2026-08-19,P
8°E,16,2026-08-20,P
8°E,16,2026-08-21,F
8°E,16,2026-08-22,P
8°E,16,2026-08-24,P
8°E,16,2026-08-25,P
8°E,16,2026-08-26,P
8°E,16,2026-08-27,F
8°E,16,2026-08-28,P
8°E,16,2026-08-31,P
8°E,17,2026-05-04,F
8°E,17,2026-05-05,P
8°E,17,2026-05-06,P
8°E,17,2026-05-07,P
8°E,17,2026-05-08,P
8°E,17,2026-05-11,P
8°E,17,2026-05-12,P
8°E,17,2026-05-13,F
8°E,17,2026-05-14,P
8°E,17,2026-05-15,P
8°E,17,2026-05-18,P
8°E,17,2026-05-19,P
8°E,17,2026-05-20,P
8°E,17,2026-05-21,P
8°E,17,2026-05-22,P
8°E,17,2026-05-25,P
8°E,17,2026-05-26,P
8°E,17,2026-05-27,P
8°E,17,2026-05-28,P
8°E,17,2026-05-29,P
8°E,17,2026-06-01,P
8°E,17,2026-06-02,P
8°E,17,2026-06-03,P
8°E,17,2026-06-08,P
8°E,17,2026-06-09,P
8°E,17,2026-06-10,P
8°E,17,2026-06-11,P
8°E,17,2026-06-12,P
8°E,17,2026-06-15,P
8°E,17,2026-06-16,P
8°E,17,2026-06-17,P
8°E,17,2026-06-18,P
8°E,17,2026-06-19,P
8°E,17,2026-06-22,P
8°E,17,2026-06-23,P
8°E,17,2026-06-24,P
8°E,17,2026-06-25,P
8°E,17,2026-06-26,P
8°E,17,2026-06-29,P
8°E,17,2026-06-30,P
8°E,17,2026-07-01,P
8°E,17,2026-07-02,F
8°E,17,2026-07-03,P
8°E,17,2026-07-28,P
8°E,17,2026-07-29,P
8°E,17,2026-07-30,P
8°E,17,2026-07-31,P
8°E,17,2026-08-03,P
8°E,17,2026-08-04,F
8°E,17,2026-08-05,F
8°E,17,2026-08-06,F
8°E,17,2026-08-07,P
8°E,17,2026-08-10,P
8°E,17,2026-08-11,P
8°E,17,2026-08-12,P
8°E,17,2026-08-13,P
8°E,17,2026-08-14,P
8°E,17,2026-08-17,P
8°E,17,2026-08-18,P
8°E,17,2026-08-19,P
8°E,17,2026-08-20,P
8°E,17,2026-08-21,P
8°E,17,2026-08-22,P
8°E,17,2026-08-24,P
8°E,17,2026-08-25,P
8°E,17,2026-08-26,P
8°E,17,2026-08-27,P
8°E,17,2026-08-28,P
8°E,17,2026-08-31,P
8°E,18,2026-05-04,P
8°E,18,2026-05-05,P
8°E,18,2026-05-06,F
8°E,18,2026-05-07,P
8°E,18,2026-05-08,P
8°E,18,2026-05-11,P
8°E,18,2026-05-12,P
8°E,18,2026-05-13,P
8°E,18,2026-05-14,P
8°E,18,2026-05-15,P
8°E,18,2026-05-18,P
8°E,18,2026-05-19,P
8°E,18,2026-05-20,P
8°E,18,2026-05-21,P
8°E,18,2026-05-22,P
8°E,18,2026-05-25,F
8°E,18,2026-05-26,P
8°E,18,2026-05-27,P
8°E,18,2026-05-28,P
8°E,18,2026-05-29,P
8°E,18,2026-06-01,P
8°E,18,2026-06-02,P
8°E,18,2026-06-03,F
8°E,18,2026-06-08,P
8°E,18,2026-06-09,P
8°E,18,2026-06-10,P
8°E,18,2026-06-11,P
8°E,18,2026-06-12,P
8°E,18,2026-06-15,P
8°E,18,2026-06-16,P
8°E,18,2026-06-17,P
8°E,18,2026-06-18,P
8°E,18,2026-06-19,F
8°E,18,2026-06-22,P
8°E,18,2026-06-23,P
8°E,18,2026-06-24,F
8°E,18,2026-06-25,P
8°E,18,2026-06-26,P
8°E,18,2026-06-29,F
8°E,18,2026-06-30,F
8°E,18,2026-07-01,F
8°E,18,2026-07-02,F
8°E,18,2026-07-03,F
8°E,18,2026-07-28,P
8°E,18,2026-07-29,P
8°E,18,2026-07-30,P
8°E,18,2026-07-31,F
8°E,18,2026-08-03,P
8°E,18,2026-08-04,P
8°E,18,2026-08-05,P
8°E,18,2026-08-06,P
8°E,18,2026-08-07,P
8°E,18,2026-08-10,P
8°E,18,2026-08-11,P
8°E,18,2026-08-12,P
8°E,18,2026-08-13,F
8°E,18,2026-08-14,P
8°E,18,2026-08-17,P
8°E,18,2026-08-18,P
8°E,18,2026-08-19,P
8°E,18,2026-08-20,P
8°E,18,2026-08-21,P
8°E,18,2026-08-22,P
8°E,18,2026-08-24,P
8°E,18,2026-08-25,P
8°E,18,2026-08-26,P
8°E,18,2026-08-27,F
8°E,18,2026-08-28,P
8°E,18,2026-08-31,P
8°E,19,2026-05-04,F
8°E,19,2026-05-05,P
8°E,19,2026-05-06,P
8°E,19,2026-05-07,P
8°E,19,2026-05-08,P
8°E,19,2026-05-11,F
8°E,19,2026-05-12,P
8°E,19,2026-05-13,P
8°E,19,2026-05-14,P
8°E,19,2026-05-15,P
8°E,19,2026-05-18,P
8°E,19,2026-05-19,P
8°E,19,2026-05-20,P
8°E,19,2026-05-21,P
8°E,19,2026-05-22,F
8°E,19,2026-05-25,P
8°E,19,2026-05-26,P
8°E,19,2026-05-27,P
8°E,19,2026-05-28,P
8°E,19,2026-05-29,P
8°E,19,2026-06-01,P
8°E,19,2026-06-02,P
8°E,19,2026-06-03,F
8°E,19,2026-06-08,P
8°E,19,2026-06-09,P
8°E,19,2026-06-10,P
8°E,19,2026-06-11,P
8°E,19,2026-06-12,P
8°E,19,2026-06-15,P
8°E,19,2026-06-16,P
8°E,19,2026-06-17,P
8°E,19,2026-06-18,P
8°E,19,2026-06-19,P
8°E,19,2026-06-22,P
8°E,19,2026-06-23,P
8°E,19,2026-06-24,F
8°E,19,2026-06-25,P
8°E,19,2026-06-26,P
8°E,19,2026-06-29,P
8°E,19,2026-06-30,P
8°E,19,2026-07-01,P
8°E,19,2026-07-02,F
8°E,19,2026-07-03,P
8°E,19,2026-07-28,P
8°E,19,2026-07-29,P
8°E,19,2026-07-30,F
8°E,19,2026-07-31,P
8°E,19,2026-08-03,P
8°E,19,2026-08-04,P
8°E,19,2026-08-05,P
8°E,19,2026-08-06,P
8°E,19,2026-08-07,P
8°E,19,2026-08-10,P
8°E,19,2026-08-11,P
8°E,19,2026-08-12,P
8°E,19,2026-08-13,F
8°E,19,2026-08-14,P
8°E,19,2026-08-17,P
8°E,19,2026-08-18,P
8°E,19,2026-08-19,P
8°E,19,2026-08-20,P
8°E,19,2026-08-21,P
8°E,19,2026-08-22,P
8°E,19,2026-08-24,P
8°E,19,2026-08-25,P
8°E,19,2026-08-26,P
8°E,19,2026-08-27,F
8°E,19,2026-08-28,P
8°E,19,2026-08-31,F
8°E,20,2026-05-04,F
8°E,20,2026-05-05,P
8°E,20,2026-05-06,F
8°E,20,2026-05-07,F
8°E,20,2026-05-08,F
8°E,20,2026-05-11,P
8°E,20,2026-05-12,P
8°E,20,2026-05-13,P
8°E,20,2026-05-14,P
8°E,20,2026-05-15,P
8°E,20,2026-05-18,P
8°E,20,2026-05-19,P
8°E,20,2026-05-20,P
8°E,20,2026-05-21,F
8°E,20,2026-05-22,P
8°E,20,2026-05-25,P
8°E,20,2026-05-26,P
8°E,20,2026-05-27,F
8°E,20,2026-05-28,F
8°E,20,2026-05-29,P
8°E,20,2026-06-01,P
8°E,20,2026-06-02,F
8°E,20,2026-06-03,P
8°E,20,2026-06-08,F
8°E,20,2026-06-09,P
8°E,20,2026-06-10,P
8°E,20,2026-06-11,P
8°E,20,2026-06-12,P
8°E,20,2026-06-15,P
8°E,20,2026-06-16,P
8°E,20,2026-06-17,P
8°E,20,2026-06-18,F
8°E,20,2026-06-19,P
8°E,20,2026-06-22,P
8°E,20,2026-06-23,P
8°E,20,2026-06-24,P
8°E,20,2026-06-25,P
8°E,20,2026-06-26,P
8°E,20,2026-06-29,F
8°E,20,2026-06-30,P
8°E,20,2026-07-01,P
8°E,20,2026-07-02,F
8°E,20,2026-07-03,P
8°E,20,2026-07-28,P
8°E,20,2026-07-29,P
8°E,20,2026-07-30,P
8°E,20,2026-07-31,P
8°E,20,2026-08-03,P
8°E,20,2026-08-04,F
8°E,20,2026-08-05,P
8°E,20,2026-08-06,P
8°E,20,2026-08-07,P
8°E,20,2026-08-10,F
8°E,20,2026-08-11,P
8°E,20,2026-08-12,P
8°E,20,2026-08-13,F
8°E,20,2026-08-14,F
8°E,20,2026-08-17,F
8°E,20,2026-08-18,P
8°E,20,2026-08-19,P
8°E,20,2026-08-20,P
8°E,20,2026-08-21,F
8°E,20,2026-08-22,P
8°E,20,2026-08-24,P
8°E,20,2026-08-25,P
8°E,20,2026-08-26,P
8°E,20,2026-08-27,P
8°E,20,2026-08-28,P
8°E,20,2026-08-31,F
8°E,21,2026-05-04,-
8°E,21,2026-05-05,-
8°E,21,2026-05-06,-
8°E,21,2026-05-07,-
8°E,21,2026-05-08,-
8°E,21,2026-05-11,-
8°E,21,2026-05-12,-
8°E,21,2026-05-13,-
8°E,21,2026-05-14,-
8°E,21,2026-05-15,-
8°E,21,2026-05-18,-
8°E,21,2026-05-19,-
8°E,21,2026-05-20,-
8°E,21,2026-05-21,-
8°E,21,2026-05-22,-
8°E,21,2026-05-25,-
8°E,21,2026-05-26,-
8°E,21,2026-05-27,-
8°E,21,2026-05-28,-
8°E,21,2026-05-29,-
8°E,21,2026-06-01,-
8°E,21,2026-06-02,-
8°E,21,2026-06-03,-
8°E,21,2026-06-08,-
8°E,21,2026-06-09,-
8°E,21,2026-06-10,-
8°E,21,2026-06-11,-
8°E,21,2026-06-12,-
8°E,21,2026-06-15,-
8°E,21,2026-06-16,-
8°E,21,2026-06-17,-
8°E,21,2026-06-18,-
8°E,21,2026-06-19,-
8°E,21,2026-06-22,-
8°E,21,2026-06-23,-
8°E,21,2026-06-24,-
8°E,21,2026-06-25,-
8°E,21,2026-06-26,-
8°E,21,2026-06-29,-
8°E,21,2026-06-30,-
8°E,21,2026-07-01,-
8°E,21,2026-07-02,-
8°E,21,2026-07-03,-
8°E,21,2026-07-28,-
8°E,21,2026-07-29,-
8°E,21,2026-07-30,-
8°E,21,2026-07-31,-
8°E,21,2026-08-03,-
8°E,21,2026-08-04,-
8°E,21,2026-08-05,-
8°E,21,2026-08-06,-
8°E,21,2026-08-07,-
8°E,21,2026-08-10,-
8°E,21,2026-08-11,-
8°E,21,2026-08-12,-
8°E,21,2026-08-13,-
8°E,21,2026-08-14,-
8°E,21,2026-08-17,-
8°E,21,2026-08-18,-
8°E,21,2026-08-19,-
8°E,21,2026-08-20,-
8°E,21,2026-08-21,-
8°E,21,2026-08-22,-
8°E,21,2026-08-24,-
8°E,21,2026-08-25,-
8°E,21,2026-08-26,-
8°E,21,2026-08-27,
8°E,21,2026-08-28,
8°E,21,2026-08-31,
8°E,22,2026-05-04,P
8°E,22,2026-05-05,P
8°E,22,2026-05-06,F
8°E,22,2026-05-07,P
8°E,22,2026-05-08,P
8°E,22,2026-05-11,P
8°E,22,2026-05-12,P
8°E,22,2026-05-13,P
8°E,22,2026-05-14,P
8°E,22,2026-05-15,P
8°E,22,2026-05-18,P
8°E,22,2026-05-19,P
8°E,22,2026-05-20,P
8°E,22,2026-05-21,F
8°E,22,2026-05-22,P
8°E,22,2026-05-25,P
8°E,22,2026-05-26,P
8°E,22,2026-05-27,P
8°E,22,2026-05-28,P
8°E,22,2026-05-29,F
8°E,22,2026-06-01,P
8°E,22,2026-06-02,P
8°E,22,2026-06-03,F
8°E,22,2026-06-08,P
8°E,22,2026-06-09,P
8°E,22,2026-06-10,P
8°E,22,2026-06-11,P
8°E,22,2026-06-12,P
8°E,22,2026-06-15,P
8°E,22,2026-06-16,P
8°E,22,2026-06-17,P
8°E,22,2026-06-18,P
8°E,22,2026-06-19,P
8°E,22,2026-06-22,P
8°E,22,2026-06-23,F
8°E,22,2026-06-24,F
8°E,22,2026-06-25,F
8°E,22,2026-06-26,F
8°E,22,2026-06-29,P
8°E,22,2026-06-30,P
8°E,22,2026-07-01,P
8°E,22,2026-07-02,P
8°E,22,2026-07-03,P
8°E,22,2026-07-28,P
8°E,22,2026-07-29,P
8°E,22,2026-07-30,P
8°E,22,2026-07-31,P
8°E,22,2026-08-03,P
8°E,22,2026-08-04,F
8°E,22,2026-08-05,F
8°E,22,2026-08-06,F
8°E,22,2026-08-07,F
8°E,22,2026-08-10,F
8°E,22,2026-08-11,F
8°E,22,2026-08-12,F
8°E,22,2026-08-13,F
8°E,22,2026-08-14,P
8°E,22,2026-08-17,P
8°E,22,2026-08-18,F
8°E,22,2026-08-19,P
8°E,22,2026-08-20,P
8°E,22,2026-08-21,P
8°E,22,2026-08-22,P
8°E,22,2026-08-24,P
8°E,22,2026-08-25,P
8°E,22,2026-08-26,P
8°E,22,2026-08-27,P
8°E,22,2026-08-28,P
8°E,22,2026-08-31,P
8°E,23,2026-05-04,P
8°E,23,2026-05-05,P
8°E,23,2026-05-06,F
8°E,23,2026-05-07,P
8°E,23,2026-05-08,P
8°E,23,2026-05-11,P
8°E,23,2026-05-12,P
8°E,23,2026-05-13,P
8°E,23,2026-05-14,P
8°E,23,2026-05-15,P
8°E,23,2026-05-18,P
8°E,23,2026-05-19,P
8°E,23,2026-05-20,P
8°E,23,2026-05-21,P
8°E,23,2026-05-22,P
8°E,23,2026-05-25,F
8°E,23,2026-05-26,P
8°E,23,2026-05-27,P
8°E,23,2026-05-28,P
8°E,23,2026-05-29,P
8°E,23,2026-06-01,P
8°E,23,2026-06-02,P
8°E,23,2026-06-03,F
8°E,23,2026-06-08,P
8°E,23,2026-06-09,P
8°E,23,2026-06-10,P
8°E,23,2026-06-11,F
8°E,23,2026-06-12,P
8°E,23,2026-06-15,P
8°E,23,2026-06-16,P
8°E,23,2026-06-17,F
8°E,23,2026-06-18,F
8°E,23,2026-06-19,F
8°E,23,2026-06-22,P
8°E,23,2026-06-23,P
8°E,23,2026-06-24,F
8°E,23,2026-06-25,P
8°E,23,2026-06-26,P
8°E,23,2026-06-29,F
8°E,23,2026-06-30,P
8°E,23,2026-07-01,F
8°E,23,2026-07-02,F
8°E,23,2026-07-03,P
8°E,23,2026-07-28,P
8°E,23,2026-07-29,P
8°E,23,2026-07-30,P
8°E,23,2026-07-31,F
8°E,23,2026-08-03,P
8°E,23,2026-08-04,P
8°E,23,2026-08-05,P
8°E,23,2026-08-06,P
8°E,23,2026-08-07,P
8°E,23,2026-08-10,P
8°E,23,2026-08-11,P
8°E,23,2026-08-12,P
8°E,23,2026-08-13,F
8°E,23,2026-08-14,F
8°E,23,2026-08-17,P
8°E,23,2026-08-18,P
8°E,23,2026-08-19,P
8°E,23,2026-08-20,P
8°E,23,2026-08-21,P
8°E,23,2026-08-22,P
8°E,23,2026-08-24,P
8°E,23,2026-08-25,P
8°E,23,2026-08-26,P
8°E,23,2026-08-27,F
8°E,23,2026-08-28,P
8°E,23,2026-08-31,P
8°E,24,2026-05-04,P
8°E,24,2026-05-05,P
8°E,24,2026-05-06,F
8°E,24,2026-05-07,P
8°E,24,2026-05-08,P
8°E,24,2026-05-11,F
8°E,24,2026-05-12,P
8°E,24,2026-05-13,P
8°E,24,2026-05-14,P
8°E,24,2026-05-15,P
8°E,24,2026-05-18,P
8°E,24,2026-05-19,P
8°E,24,2026-05-20,P
8°E,24,2026-05-21,P
8°E,24,2026-05-22,P
8°E,24,2026-05-25,P
8°E,24,2026-05-26,P
8°E,24,2026-05-27,P
8°E,24,2026-05-28,P
8°E,24,2026-05-29,P
8°E,24,2026-06-01,P
8°E,24,2026-06-02,P
8°E,24,2026-06-03,P
8°E,24,2026-06-08,P
8°E,24,2026-06-09,P
8°E,24,2026-06-10,P
8°E,24,2026-06-11,P
8°E,24,2026-06-12,P
8°E,24,2026-06-15,F
8°E,24,2026-06-16,P
8°E,24,2026-06-17,P
8°E,24,2026-06-18,P
8°E,24,2026-06-19,F
8°E,24,2026-06-22,P
8°E,24,2026-06-23,P
8°E,24,2026-06-24,F
8°E,24,2026-06-25,P
8°E,24,2026-06-26,P
8°E,24,2026-06-29,F
8°E,24,2026-06-30,P
8°E,24,2026-07-01,P
8°E,24,2026-07-02,F
8°E,24,2026-07-03,P
8°E,24,2026-07-28,F
8°E,24,2026-07-29,F
8°E,24,2026-07-30,P
8°E,24,2026-07-31,P
8°E,24,2026-08-03,P
8°E,24,2026-08-04,P
8°E,24,2026-08-05,F
8°E,24,2026-08-06,P
8°E,24,2026-08-07,P
8°E,24,2026-08-10,P
8°E,24,2026-08-11,P
8°E,24,2026-08-12,P
8°E,24,2026-08-13,P
8°E,24,2026-08-14,P
8°E,24,2026-08-17,P
8°E,24,2026-08-18,P
8°E,24,2026-08-19,P
8°E,24,2026-08-20,P
8°E,24,2026-08-21,P
8°E,24,2026-08-22,P
8°E,24,2026-08-24,P
8°E,24,2026-08-25,P
8°E,24,2026-08-26,P
8°E,24,2026-08-27,F
8°E,24,2026-08-28,P
8°E,24,2026-08-31,F
8°E,25,2026-05-04,P
8°E,25,2026-05-05,P
8°E,25,2026-05-06,F
8°E,25,2026-05-07,P
8°E,25,2026-05-08,P
8°E,25,2026-05-11,F
8°E,25,2026-05-12,P
8°E,25,2026-05-13,P
8°E,25,2026-05-14,P
8°E,25,2026-05-15,P
8°E,25,2026-05-18,P
8°E,25,2026-05-19,P
8°E,25,2026-05-20,P
8°E,25,2026-05-21,F
8°E,25,2026-05-22,F
8°E,25,2026-05-25,P
8°E,25,2026-05-26,P
8°E,25,2026-05-27,P
8°E,25,2026-05-28,P
8°E,25,2026-05-29,P
8°E,25,2026-06-01,F
8°E,25,2026-06-02,P
8°E,25,2026-06-03,F
8°E,25,2026-06-08,P
8°E,25,2026-06-09,P
8°E,25,2026-06-10,P
8°E,25,2026-06-11,P
8°E,25,2026-06-12,P
8°E,25,2026-06-15,P
8°E,25,2026-06-16,P
8°E,25,2026-06-17,P
8°E,25,2026-06-18,P
8°E,25,2026-06-19,P
8°E,25,2026-06-22,P
8°E,25,2026-06-23,P
8°E,25,2026-06-24,F
8°E,25,2026-06-25,P
8°E,25,2026-06-26,P
8°E,25,2026-06-29,P
8°E,25,2026-06-30,P
8°E,25,2026-07-01,F
8°E,25,2026-07-02,F
8°E,25,2026-07-03,P
8°E,25,2026-07-28,P
8°E,25,2026-07-29,P
8°E,25,2026-07-30,P
8°E,25,2026-07-31,P
8°E,25,2026-08-03,P
8°E,25,2026-08-04,P
8°E,25,2026-08-05,P
8°E,25,2026-08-06,P
8°E,25,2026-08-07,P
8°E,25,2026-08-10,P
8°E,25,2026-08-11,F
8°E,25,2026-08-12,P
8°E,25,2026-08-13,P
8°E,25,2026-08-14,P
8°E,25,2026-08-17,P
8°E,25,2026-08-18,F
8°E,25,2026-08-19,P
8°E,25,2026-08-20,P
8°E,25,2026-08-21,F
8°E,25,2026-08-22,P
8°E,25,2026-08-24,P
8°E,25,2026-08-25,P
8°E,25,2026-08-26,P
8°E,25,2026-08-27,F
8°E,25,2026-08-28,P
8°E,25,2026-08-31,F
8°E,26,2026-05-04,F
8°E,26,2026-05-05,P
8°E,26,2026-05-06,P
8°E,26,2026-05-07,P
8°E,26,2026-05-08,P
8°E,26,2026-05-11,P
8°E,26,2026-05-12,P
8°E,26,2026-05-13,P
8°E,26,2026-05-14,P
8°E,26,2026-05-15,P
8°E,26,2026-05-18,P
8°E,26,2026-05-19,P
8°E,26,2026-05-20,P
8°E,26,2026-05-21,P
8°E,26,2026-05-22,P
8°E,26,2026-05-25,P
8°E,26,2026-05-26,P
8°E,26,2026-05-27,P
8°E,26,2026-05-28,P
8°E,26,2026-05-29,F
8°E,26,2026-06-01,P
8°E,26,2026-06-02,P
8°E,26,2026-06-03,P
8°E,26,2026-06-08,P
8°E,26,2026-06-09,P
8°E,26,2026-06-10,P
8°E,26,2026-06-11,P
8°E,26,2026-06-12,P
8°E,26,2026-06-15,F
8°E,26,2026-06-16,P
8°E,26,2026-06-17,P
8°E,26,2026-06-18,P
8°E,26,2026-06-19,P
8°E,26,2026-06-22,P
8°E,26,2026-06-23,P
8°E,26,2026-06-24,F
8°E,26,2026-06-25,P
8°E,26,2026-06-26,F
8°E,26,2026-06-29,P
8°E,26,2026-06-30,P
8°E,26,2026-07-01,F
8°E,26,2026-07-02,F
8°E,26,2026-07-03,P
8°E,26,2026-07-28,P
8°E,26,2026-07-29,P
8°E,26,2026-07-30,F
8°E,26,2026-07-31,P
8°E,26,2026-08-03,P
8°E,26,2026-08-04,P
8°E,26,2026-08-05,F
8°E,26,2026-08-06,P
8°E,26,2026-08-07,P
8°E,26,2026-08-10,P
8°E,26,2026-08-11,P
8°E,26,2026-08-12,P
8°E,26,2026-08-13,P
8°E,26,2026-08-14,F
8°E,26,2026-08-17,P
8°E,26,2026-08-18,P
8°E,26,2026-08-19,P
8°E,26,2026-08-20,P
8°E,26,2026-08-21,F
8°E,26,2026-08-22,P
8°E,26,2026-08-24,F
8°E,26,2026-08-25,P
8°E,26,2026-08-26,P
8°E,26,2026-08-27,F
8°E,26,2026-08-28,P
8°E,26,2026-08-31,P
8°E,27,2026-05-04,P
8°E,27,2026-05-05,P
8°E,27,2026-05-06,P
8°E,27,2026-05-07,F
8°E,27,2026-05-08,P
8°E,27,2026-05-11,P
8°E,27,2026-05-12,P
8°E,27,2026-05-13,P
8°E,27,2026-05-14,P
8°E,27,2026-05-15,P
8°E,27,2026-05-18,P
8°E,27,2026-05-19,P
8°E,27,2026-05-20,P
8°E,27,2026-05-21,F
8°E,27,2026-05-22,P
8°E,27,2026-05-25,P
8°E,27,2026-05-26,P
8°E,27,2026-05-27,P
8°E,27,2026-05-28,P
8°E,27,2026-05-29,F
8°E,27,2026-06-01,P
8°E,27,2026-06-02,P
8°E,27,2026-06-03,P
8°E,27,2026-06-08,P
8°E,27,2026-06-09,P
8°E,27,2026-06-10,P
8°E,27,2026-06-11,P
8°E,27,2026-06-12,P
8°E,27,2026-06-15,P
8°E,27,2026-06-16,P
8°E,27,2026-06-17,P
8°E,27,2026-06-18,P
8°E,27,2026-06-19,P
8°E,27,2026-06-22,P
8°E,27,2026-06-23,P
8°E,27,2026-06-24,F
8°E,27,2026-06-25,P
8°E,27,2026-06-26,P
8°E,27,2026-06-29,P
8°E,27,2026-06-30,P
8°E,27,2026-07-01,P
8°E,27,2026-07-02,F
8°E,27,2026-07-03,P
8°E,27,2026-07-28,P
8°E,27,2026-07-29,P
8°E,27,2026-07-30,P
8°E,27,2026-07-31,P
8°E,27,2026-08-03,P
8°E,27,2026-08-04,P
8°E,27,2026-08-05,P
8°E,27,2026-08-06,P
8°E,27,2026-08-07,P
8°E,27,2026-08-10,P
8°E,27,2026-08-11,P
8°E,27,2026-08-12,F
8°E,27,2026-08-13,P
8°E,27,2026-08-14,F
8°E,27,2026-08-17,P
8°E,27,2026-08-18,P
8°E,27,2026-08-19,P
8°E,27,2026-08-20,F
8°E,27,2026-08-21,F
8°E,27,2026-08-22,P
8°E,27,2026-08-24,P
8°E,27,2026-08-25,P
8°E,27,2026-08-26,P
8°E,27,2026-08-27,F
8°E,27,2026-08-28,P
8°E,27,2026-08-31,P
8°E,28,2026-05-04,F
8°E,28,2026-05-05,P
8°E,28,2026-05-06,P
8°E,28,2026-05-07,F
8°E,28,2026-05-08,F
8°E,28,2026-05-11,F
8°E,28,2026-05-12,P
8°E,28,2026-05-13,F
8°E,28,2026-05-14,P
8°E,28,2026-05-15,P
8°E,28,2026-05-18,P
8°E,28,2026-05-19,F
8°E,28,2026-05-20,F
8°E,28,2026-05-21,F
8°E,28,2026-05-22,F
8°E,28,2026-05-25,F
8°E,28,2026-05-26,F
8°E,28,2026-05-27,F
8°E,28,2026-05-28,F
8°E,28,2026-05-29,F
8°E,28,2026-06-01,F
8°E,28,2026-06-02,F
8°E,28,2026-06-03,F
8°E,28,2026-06-08,F
8°E,28,2026-06-09,F
8°E,28,2026-06-10,F
8°E,28,2026-06-11,F
8°E,28,2026-06-12,F
8°E,28,2026-06-15,F
8°E,28,2026-06-16,F
8°E,28,2026-06-17,F
8°E,28,2026-06-18,F
8°E,28,2026-06-19,F
8°E,28,2026-06-22,F
8°E,28,2026-06-23,F
8°E,28,2026-06-24,F
8°E,28,2026-06-25,F
8°E,28,2026-06-26,F
8°E,28,2026-06-29,-
8°E,28,2026-06-30,-
8°E,28,2026-07-01,-
8°E,28,2026-07-02,-
8°E,28,2026-07-03,-
8°E,28,2026-07-28,-
8°E,28,2026-07-29,-
8°E,28,2026-07-30,-
8°E,28,2026-07-31,-
8°E,28,2026-08-03,-
8°E,28,2026-08-04,-
8°E,28,2026-08-05,-
8°E,28,2026-08-06,-
8°E,28,2026-08-07,-
8°E,28,2026-08-10,-
8°E,28,2026-08-11,-
8°E,28,2026-08-12,-
8°E,28,2026-08-13,-
8°E,28,2026-08-14,-
8°E,28,2026-08-17,-
8°E,28,2026-08-18,-
8°E,28,2026-08-19,-
8°E,28,2026-08-20,-
8°E,28,2026-08-21,-
8°E,28,2026-08-22,-
8°E,28,2026-08-24,-
8°E,28,2026-08-25,-
8°E,28,2026-08-26,-
8°E,28,2026-08-27,-
8°E,28,2026-08-28,-
8°E,28,2026-08-31,
8°E,29,2026-05-04,F
8°E,29,2026-05-05,P
8°E,29,2026-05-06,P
8°E,29,2026-05-07,P
8°E,29,2026-05-08,P
8°E,29,2026-05-11,P
8°E,29,2026-05-12,P
8°E,29,2026-05-13,P
8°E,29,2026-05-14,P
8°E,29,2026-05-15,P
8°E,29,2026-05-18,P
8°E,29,2026-05-19,P
8°E,29,2026-05-20,P
8°E,29,2026-05-21,P
8°E,29,2026-05-22,P
8°E,29,2026-05-25,P
8°E,29,2026-05-26,P
8°E,29,2026-05-27,P
8°E,29,2026-05-28,P
8°E,29,2026-05-29,P
8°E,29,2026-06-01,F
8°E,29,2026-06-02,F
8°E,29,2026-06-03,F
8°E,29,2026-06-08,P
8°E,29,2026-06-09,P
8°E,29,2026-06-10,F
8°E,29,2026-06-11,P
8°E,29,2026-06-12,F
8°E,29,2026-06-15,F
8°E,29,2026-06-16,P
8°E,29,2026-06-17,P
8°E,29,2026-06-18,P
8°E,29,2026-06-19,P
8°E,29,2026-06-22,P
8°E,29,2026-06-23,P
8°E,29,2026-06-24,F
8°E,29,2026-06-25,P
8°E,29,2026-06-26,F
8°E,29,2026-06-29,P
8°E,29,2026-06-30,P
8°E,29,2026-07-01,P
8°E,29,2026-07-02,P
8°E,29,2026-07-03,P
8°E,29,2026-07-28,P
8°E,29,2026-07-29,P
8°E,29,2026-07-30,P
8°E,29,2026-07-31,P
8°E,29,2026-08-03,P
8°E,29,2026-08-04,P
8°E,29,2026-08-05,P
8°E,29,2026-08-06,P
8°E,29,2026-08-07,P
8°E,29,2026-08-10,P
8°E,29,2026-08-11,F
8°E,29,2026-08-12,P
8°E,29,2026-08-13,P
8°E,29,2026-08-14,F
8°E,29,2026-08-17,F
8°E,29,2026-08-18,F
8°E,29,2026-08-19,P
8°E,29,2026-08-20,P
8°E,29,2026-08-21,P
8°E,29,2026-08-22,P
8°E,29,2026-08-24,P
8°E,29,2026-08-25,P
8°E,29,2026-08-26,P
8°E,29,2026-08-27,F
8°E,29,2026-08-28,P
8°E,29,2026-08-31,F
8°E,30,2026-05-04,F
8°E,30,2026-05-05,P
8°E,30,2026-05-06,P
8°E,30,2026-05-07,P
8°E,30,2026-05-08,P
8°E,30,2026-05-11,P
8°E,30,2026-05-12,P
8°E,30,2026-05-13,F
8°E,30,2026-05-14,P
8°E,30,2026-05-15,P
8°E,30,2026-05-18,F
8°E,30,2026-05-19,F
8°E,30,2026-05-20,F
8°E,30,2026-05-21,F
8°E,30,2026-05-22,F
8°E,30,2026-05-25,P
8°E,30,2026-05-26,P
8°E,30,2026-05-27,F
8°E,30,2026-05-28,P
8°E,30,2026-05-29,F
8°E,30,2026-06-01,F
8°E,30,2026-06-02,F
8°E,30,2026-06-03,F
8°E,30,2026-06-08,P
8°E,30,2026-06-09,P
8°E,30,2026-06-10,F
8°E,30,2026-06-11,F
8°E,30,2026-06-12,F
8°E,30,2026-06-15,F
8°E,30,2026-06-16,P
8°E,30,2026-06-17,P
8°E,30,2026-06-18,P
8°E,30,2026-06-19,P
8°E,30,2026-06-22,P
8°E,30,2026-06-23,P
8°E,30,2026-06-24,P
8°E,30,2026-06-25,P
8°E,30,2026-06-26,P
8°E,30,2026-06-29,F
8°E,30,2026-06-30,P
8°E,30,2026-07-01,P
8°E,30,2026-07-02,F
8°E,30,2026-07-03,P
8°E,30,2026-07-28,P
8°E,30,2026-07-29,P
8°E,30,2026-07-30,P
8°E,30,2026-07-31,P
8°E,30,2026-08-03,P
8°E,30,2026-08-04,P
8°E,30,2026-08-05,P
8°E,30,2026-08-06,P
8°E,30,2026-08-07,P
8°E,30,2026-08-10,F
8°E,30,2026-08-11,F
8°E,30,2026-08-12,F
8°E,30,2026-08-13,F
8°E,30,2026-08-14,P
8°E,30,2026-08-17,P
8°E,30,2026-08-18,P
8°E,30,2026-08-19,P
8°E,30,2026-08-20,P
8°E,30,2026-08-21,P
8°E,30,2026-08-22,P
8°E,30,2026-08-24,P
8°E,30,2026-08-25,P
8°E,30,2026-08-26,P
8°E,30,2026-08-27,P
8°E,30,2026-08-28,P
8°E,30,2026-08-31,P
8°E,31,2026-05-04,
8°E,31,2026-05-05,
8°E,31,2026-05-06,
8°E,31,2026-05-07,
8°E,31,2026-05-08,
8°E,31,2026-05-11,
8°E,31,2026-05-12,
8°E,31,2026-05-13,
8°E,31,2026-05-14,
8°E,31,2026-05-15,
8°E,31,2026-05-18,
8°E,31,2026-05-19,
8°E,31,2026-05-20,
8°E,31,2026-05-21,
8°E,31,2026-05-22,
8°E,31,2026-05-25,
8°E,31,2026-05-26,
8°E,31,2026-05-27,
8°E,31,2026-05-28,
8°E,31,2026-05-29,
8°E,31,2026-06-01,
8°E,31,2026-06-02,
8°E,31,2026-06-03,
8°E,31,2026-06-08,
8°E,31,2026-06-09,
8°E,31,2026-06-10,
8°E,31,2026-06-11,
8°E,31,2026-06-12,
8°E,31,2026-06-15,P
8°E,31,2026-06-16,P
8°E,31,2026-06-17,P
8°E,31,2026-06-18,F
8°E,31,2026-06-19,F
8°E,31,2026-06-22,P
8°E,31,2026-06-23,P
8°E,31,2026-06-24,F
8°E,31,2026-06-25,F
8°E,31,2026-06-26,P
8°E,31,2026-06-29,F
8°E,31,2026-06-30,P
8°E,31,2026-07-01,F
8°E,31,2026-07-02,F
8°E,31,2026-07-03,P
8°E,31,2026-07-28,P
8°E,31,2026-07-29,P
8°E,31,2026-07-30,F
8°E,31,2026-07-31,P
8°E,31,2026-08-03,P
8°E,31,2026-08-04,P
8°E,31,2026-08-05,P
8°E,31,2026-08-06,F
8°E,31,2026-08-07,P
8°E,31,2026-08-10,P
8°E,31,2026-08-11,F
8°E,31,2026-08-12,P
8°E,31,2026-08-13,P
8°E,31,2026-08-14,P
8°E,31,2026-08-17,P
8°E,31,2026-08-18,P
8°E,31,2026-08-19,P
8°E,31,2026-08-20,F
8°E,31,2026-08-21,P
8°E,31,2026-08-22,P
8°E,31,2026-08-24,F
8°E,31,2026-08-25,P
8°E,31,2026-08-26,F
8°E,31,2026-08-27,P
8°E,31,2026-08-28,P
8°E,31,2026-08-31,P
9°A,2,2026-05-04,F
9°A,2,2026-05-05,P
9°A,2,2026-05-06,P
9°A,2,2026-05-07,P
9°A,2,2026-05-08,P
9°A,2,2026-05-11,F
9°A,2,2026-05-12,P
9°A,2,2026-05-13,P
9°A,2,2026-05-14,P
9°A,2,2026-05-15,P
9°A,2,2026-05-18,P
9°A,2,2026-05-19,F
9°A,2,2026-05-20,P
9°A,2,2026-05-21,P
9°A,2,2026-05-22,P
9°A,2,2026-05-25,F
9°A,2,2026-05-26,P
9°A,2,2026-05-27,P
9°A,2,2026-05-28,P
9°A,2,2026-05-29,P
9°A,2,2026-06-01,P
9°A,2,2026-06-02,P
9°A,2,2026-06-03,F
9°A,2,2026-06-08,P
9°A,2,2026-06-09,P
9°A,2,2026-06-10,P
9°A,2,2026-06-11,P
9°A,2,2026-06-12,F
9°A,2,2026-06-15,F
9°A,2,2026-06-16,P
9°A,2,2026-06-17,P
9°A,2,2026-06-18,P
9°A,2,2026-06-19,F
9°A,2,2026-06-22,P
9°A,2,2026-06-23,P
9°A,2,2026-06-24,F
9°A,2,2026-06-25,P
9°A,2,2026-06-26,P
9°A,2,2026-06-29,F
9°A,2,2026-06-30,F
9°A,2,2026-07-01,F
9°A,2,2026-07-02,P
9°A,2,2026-07-03,P
9°A,2,2026-07-28,P
9°A,2,2026-07-29,P
9°A,2,2026-07-30,P
9°A,2,2026-07-31,F
9°A,2,2026-08-03,P
9°A,2,2026-08-04,P
9°A,2,2026-08-05,P
9°A,2,2026-08-06,F
9°A,2,2026-08-07,F
9°A,2,2026-08-10,P
9°A,2,2026-08-11,P
9°A,2,2026-08-12,P
9°A,2,2026-08-13,F
9°A,2,2026-08-14,P
9°A,2,2026-08-17,P
9°A,2,2026-08-18,P
9°A,2,2026-08-19,F
9°A,2,2026-08-20,P
9°A,2,2026-08-21,P
9°A,2,2026-08-22,P
9°A,2,2026-08-24,P
9°A,2,2026-08-25,P
9°A,2,2026-08-26,F
9°A,2,2026-08-27,P
9°A,2,2026-08-28,P
9°A,2,2026-08-31,P
9°A,2,2026-08-01,P
9°A,3,2026-05-04,F
9°A,3,2026-05-05,F
9°A,3,2026-05-06,P
9°A,3,2026-05-07,P
9°A,3,2026-05-08,P
9°A,3,2026-05-11,P
9°A,3,2026-05-12,P
9°A,3,2026-05-13,P
9°A,3,2026-05-14,P
9°A,3,2026-05-15,P
9°A,3,2026-05-18,P
9°A,3,2026-05-19,P
9°A,3,2026-05-20,P
9°A,3,2026-05-21,P
9°A,3,2026-05-22,P
9°A,3,2026-05-25,F
9°A,3,2026-05-26,P
9°A,3,2026-05-27,P
9°A,3,2026-05-28,P
9°A,3,2026-05-29,P
9°A,3,2026-06-01,P
9°A,3,2026-06-02,P
9°A,3,2026-06-03,P
9°A,3,2026-06-08,P
9°A,3,2026-06-09,P
9°A,3,2026-06-10,P
9°A,3,2026-06-11,P
9°A,3,2026-06-12,P
9°A,3,2026-06-15,P
9°A,3,2026-06-16,F
9°A,3,2026-06-17,P
9°A,3,2026-06-18,P
9°A,3,2026-06-19,P
9°A,3,2026-06-22,P
9°A,3,2026-06-23,P
9°A,3,2026-06-24,F
9°A,3,2026-06-25,P
9°A,3,2026-06-26,P
9°A,3,2026-06-29,P
9°A,3,2026-06-30,F
9°A,3,2026-07-01,P
9°A,3,2026-07-02,P
9°A,3,2026-07-03,P
9°A,3,2026-07-28,P
9°A,3,2026-07-29,P
9°A,3,2026-07-30,P
9°A,3,2026-07-31,P
9°A,3,2026-08-03,P
9°A,3,2026-08-04,P
9°A,3,2026-08-05,F
9°A,3,2026-08-06,P
9°A,3,2026-08-07,F
9°A,3,2026-08-10,P
9°A,3,2026-08-11,P
9°A,3,2026-08-12,P
9°A,3,2026-08-13,P
9°A,3,2026-08-14,P
9°A,3,2026-08-17,P
9°A,3,2026-08-18,P
9°A,3,2026-08-19,P
9°A,3,2026-08-20,P
9°A,3,2026-08-21,P
9°A,3,2026-08-22,P
9°A,3,2026-08-24,P
9°A,3,2026-08-25,P
9°A,3,2026-08-26,P
9°A,3,2026-08-27,P
9°A,3,2026-08-28,F
9°A,3,2026-08-31,P
9°A,3,2026-08-01,F
9°A,4,2026-05-04,F
9°A,4,2026-05-05,P
9°A,4,2026-05-06,P
9°A,4,2026-05-07,P
9°A,4,2026-05-08,F
9°A,4,2026-05-11,P
9°A,4,2026-05-12,P
9°A,4,2026-05-13,P
9°A,4,2026-05-14,P
9°A,4,2026-05-15,P
9°A,4,2026-05-18,P
9°A,4,2026-05-19,P
9°A,4,2026-05-20,P
9°A,4,2026-05-21,P
9°A,4,2026-05-22,P
9°A,4,2026-05-25,F
9°A,4,2026-05-26,F
9°A,4,2026-05-27,P
9°A,4,2026-05-28,P
9°A,4,2026-05-29,P
9°A,4,2026-06-01,P
9°A,4,2026-06-02,P
9°A,4,2026-06-03,P
9°A,4,2026-06-08,P
9°A,4,2026-06-09,P
9°A,4,2026-06-10,P
9°A,4,2026-06-11,P
9°A,4,2026-06-12,P
9°A,4,2026-06-15,P
9°A,4,2026-06-16,P
9°A,4,2026-06-17,P
9°A,4,2026-06-18,P
9°A,4,2026-06-19,P
9°A,4,2026-06-22,P
9°A,4,2026-06-23,F
9°A,4,2026-06-24,F
9°A,4,2026-06-25,P
9°A,4,2026-06-26,P
9°A,4,2026-06-29,P
9°A,4,2026-06-30,P
9°A,4,2026-07-01,F
9°A,4,2026-07-02,P
9°A,4,2026-07-03,P
9°A,4,2026-07-28,P
9°A,4,2026-07-29,P
9°A,4,2026-07-30,P
9°A,4,2026-07-31,P
9°A,4,2026-08-03,P
9°A,4,2026-08-04,P
9°A,4,2026-08-05,P
9°A,4,2026-08-06,F
9°A,4,2026-08-07,P
9°A,4,2026-08-10,P
9°A,4,2026-08-11,F
9°A,4,2026-08-12,P
9°A,4,2026-08-13,P
9°A,4,2026-08-14,P
9°A,4,2026-08-17,F
9°A,4,2026-08-18,F
9°A,4,2026-08-19,P
9°A,4,2026-08-20,P
9°A,4,2026-08-21,P
9°A,4,2026-08-22,P
9°A,4,2026-08-24,P
9°A,4,2026-08-25,P
9°A,4,2026-08-26,F
9°A,4,2026-08-27,P
9°A,4,2026-08-28,F
9°A,4,2026-08-31,P
9°A,4,2026-08-01,P
9°A,5,2026-05-04,P
9°A,5,2026-05-05,P
9°A,5,2026-05-06,P
9°A,5,2026-05-07,P
9°A,5,2026-05-08,P
9°A,5,2026-05-11,P
9°A,5,2026-05-12,P
9°A,5,2026-05-13,P
9°A,5,2026-05-14,P
9°A,5,2026-05-15,F
9°A,5,2026-05-18,F
9°A,5,2026-05-19,P
9°A,5,2026-05-20,P
9°A,5,2026-05-21,P
9°A,5,2026-05-22,P
9°A,5,2026-05-25,P
9°A,5,2026-05-26,P
9°A,5,2026-05-27,P
9°A,5,2026-05-28,P
9°A,5,2026-05-29,P
9°A,5,2026-06-01,P
9°A,5,2026-06-02,P
9°A,5,2026-06-03,P
9°A,5,2026-06-08,F
9°A,5,2026-06-09,F
9°A,5,2026-06-10,F
9°A,5,2026-06-11,F
9°A,5,2026-06-12,F
9°A,5,2026-06-15,P
9°A,5,2026-06-16,P
9°A,5,2026-06-17,P
9°A,5,2026-06-18,P
9°A,5,2026-06-19,P
9°A,5,2026-06-22,P
9°A,5,2026-06-23,P
9°A,5,2026-06-24,P
9°A,5,2026-06-25,P
9°A,5,2026-06-26,P
9°A,5,2026-06-29,P
9°A,5,2026-06-30,P
9°A,5,2026-07-01,F
9°A,5,2026-07-02,P
9°A,5,2026-07-03,P
9°A,5,2026-07-28,P
9°A,5,2026-07-29,P
9°A,5,2026-07-30,P
9°A,5,2026-07-31,P
9°A,5,2026-08-03,P
9°A,5,2026-08-04,P
9°A,5,2026-08-05,F
9°A,5,2026-08-06,P
9°A,5,2026-08-07,F
9°A,5,2026-08-10,P
9°A,5,2026-08-11,P
9°A,5,2026-08-12,P
9°A,5,2026-08-13,P
9°A,5,2026-08-14,F
9°A,5,2026-08-17,P
9°A,5,2026-08-18,P
9°A,5,2026-08-19,F
9°A,5,2026-08-20,P
9°A,5,2026-08-21,P
9°A,5,2026-08-22,P
9°A,5,2026-08-24,P
9°A,5,2026-08-25,P
9°A,5,2026-08-26,F
9°A,5,2026-08-27,P
9°A,5,2026-08-28,F
9°A,5,2026-08-31,P
9°A,5,2026-08-01,P
9°A,6,2026-05-04,F
9°A,6,2026-05-05,P
9°A,6,2026-05-06,P
9°A,6,2026-05-07,F
9°A,6,2026-05-08,F
9°A,6,2026-05-11,P
9°A,6,2026-05-12,P
9°A,6,2026-05-13,P
9°A,6,2026-05-14,F
9°A,6,2026-05-15,P
9°A,6,2026-05-18,P
9°A,6,2026-05-19,P
9°A,6,2026-05-20,F
9°A,6,2026-05-21,P
9°A,6,2026-05-22,F
9°A,6,2026-05-25,P
9°A,6,2026-05-26,P
9°A,6,2026-05-27,F
9°A,6,2026-05-28,P
9°A,6,2026-05-29,F
9°A,6,2026-06-01,F
9°A,6,2026-06-02,P
9°A,6,2026-06-03,F
9°A,6,2026-06-08,P
9°A,6,2026-06-09,F
9°A,6,2026-06-10,P
9°A,6,2026-06-11,P
9°A,6,2026-06-12,F
9°A,6,2026-06-15,F
9°A,6,2026-06-16,P
9°A,6,2026-06-17,F
9°A,6,2026-06-18,P
9°A,6,2026-06-19,F
9°A,6,2026-06-22,P
9°A,6,2026-06-23,P
9°A,6,2026-06-24,F
9°A,6,2026-06-25,P
9°A,6,2026-06-26,P
9°A,6,2026-06-29,F
9°A,6,2026-06-30,F
9°A,6,2026-07-01,P
9°A,6,2026-07-02,P
9°A,6,2026-07-03,P
9°A,6,2026-07-28,F
9°A,6,2026-07-29,P
9°A,6,2026-07-30,P
9°A,6,2026-07-31,F
9°A,6,2026-08-03,P
9°A,6,2026-08-04,P
9°A,6,2026-08-05,P
9°A,6,2026-08-06,F
9°A,6,2026-08-07,F
9°A,6,2026-08-10,P
9°A,6,2026-08-11,F
9°A,6,2026-08-12,P
9°A,6,2026-08-13,F
9°A,6,2026-08-14,P
9°A,6,2026-08-17,F
9°A,6,2026-08-18,P
9°A,6,2026-08-19,F
9°A,6,2026-08-20,P
9°A,6,2026-08-21,P
9°A,6,2026-08-22,P
9°A,6,2026-08-24,P
9°A,6,2026-08-25,P
9°A,6,2026-08-26,F
9°A,6,2026-08-27,P
9°A,6,2026-08-28,P
9°A,6,2026-08-31,P
9°A,6,2026-08-01,P
9°A,7,2026-05-04,F
9°A,7,2026-05-05,P
9°A,7,2026-05-06,P
9°A,7,2026-05-07,P
9°A,7,2026-05-08,F
9°A,7,2026-05-11,P
9°A,7,2026-05-12,P
9°A,7,2026-05-13,P
9°A,7,2026-05-14,P
9°A,7,2026-05-15,P
9°A,7,2026-05-18,P
9°A,7,2026-05-19,P
9°A,7,2026-05-20,P
9°A,7,2026-05-21,P
9°A,7,2026-05-22,F
9°A,7,2026-05-25,P
9°A,7,2026-05-26,P
9°A,7,2026-05-27,P
9°A,7,2026-05-28,P
9°A,7,2026-05-29,P
9°A,7,2026-06-01,P
9°A,7,2026-06-02,P
9°A,7,2026-06-03,P
9°A,7,2026-06-08,P
9°A,7,2026-06-09,P
9°A,7,2026-06-10,P
9°A,7,2026-06-11,P
9°A,7,2026-06-12,P
9°A,7,2026-06-15,P
9°A,7,2026-06-16,P
9°A,7,2026-06-17,P
9°A,7,2026-06-18,P
9°A,7,2026-06-19,P
9°A,7,2026-06-22,P
9°A,7,2026-06-23,P
9°A,7,2026-06-24,P
9°A,7,2026-06-25,P
9°A,7,2026-06-26,P
9°A,7,2026-06-29,P
9°A,7,2026-06-30,P
9°A,7,2026-07-01,P
9°A,7,2026-07-02,P
9°A,7,2026-07-03,P
9°A,7,2026-07-28,P
9°A,7,2026-07-29,P
9°A,7,2026-07-30,P
9°A,7,2026-07-31,P
9°A,7,2026-08-03,P
9°A,7,2026-08-04,P
9°A,7,2026-08-05,P
9°A,7,2026-08-06,F
9°A,7,2026-08-07,P
9°A,7,2026-08-10,P
9°A,7,2026-08-11,P
9°A,7,2026-08-12,P
9°A,7,2026-08-13,P
9°A,7,2026-08-14,P
9°A,7,2026-08-17,P
9°A,7,2026-08-18,P
9°A,7,2026-08-19,P
9°A,7,2026-08-20,P
9°A,7,2026-08-21,P
9°A,7,2026-08-22,P
9°A,7,2026-08-24,P
9°A,7,2026-08-25,P
9°A,7,2026-08-26,F
9°A,7,2026-08-27,P
9°A,7,2026-08-28,F
9°A,7,2026-08-31,P
9°A,7,2026-08-01,P
9°A,8,2026-05-04,P
9°A,8,2026-05-05,F
9°A,8,2026-05-06,P
9°A,8,2026-05-07,P
9°A,8,2026-05-08,F
9°A,8,2026-05-11,F
9°A,8,2026-05-12,P
9°A,8,2026-05-13,F
9°A,8,2026-05-14,P
9°A,8,2026-05-15,F
9°A,8,2026-05-18,F
9°A,8,2026-05-19,P
9°A,8,2026-05-20,P
9°A,8,2026-05-21,F
9°A,8,2026-05-22,F
9°A,8,2026-05-25,P
9°A,8,2026-05-26,F
9°A,8,2026-05-27,P
9°A,8,2026-05-28,F
9°A,8,2026-05-29,F
9°A,8,2026-06-01,P
9°A,8,2026-06-02,P
9°A,8,2026-06-03,F
9°A,8,2026-06-08,F
9°A,8,2026-06-09,F
9°A,8,2026-06-10,F
9°A,8,2026-06-11,F
9°A,8,2026-06-12,F
9°A,8,2026-06-15,F
9°A,8,2026-06-16,P
9°A,8,2026-06-17,F
9°A,8,2026-06-18,F
9°A,8,2026-06-19,F
9°A,8,2026-06-22,F
9°A,8,2026-06-23,P
9°A,8,2026-06-24,F
9°A,8,2026-06-25,F
9°A,8,2026-06-26,P
9°A,8,2026-06-29,P
9°A,8,2026-06-30,F
9°A,8,2026-07-01,F
9°A,8,2026-07-02,P
9°A,8,2026-07-03,P
9°A,8,2026-07-28,F
9°A,8,2026-07-29,F
9°A,8,2026-07-30,F
9°A,8,2026-07-31,F
9°A,8,2026-08-03,P
9°A,8,2026-08-04,F
9°A,8,2026-08-05,F
9°A,8,2026-08-06,F
9°A,8,2026-08-07,F
9°A,8,2026-08-10,P
9°A,8,2026-08-11,F
9°A,8,2026-08-12,P
9°A,8,2026-08-13,P
9°A,8,2026-08-14,F
9°A,8,2026-08-17,F
9°A,8,2026-08-18,F
9°A,8,2026-08-19,F
9°A,8,2026-08-20,F
9°A,8,2026-08-21,F
9°A,8,2026-08-22,F
9°A,8,2026-08-24,F
9°A,8,2026-08-25,F
9°A,8,2026-08-26,F
9°A,8,2026-08-27,F
9°A,8,2026-08-28,F
9°A,8,2026-08-31,F
9°A,8,2026-08-01,F
9°A,9,2026-05-04,F
9°A,9,2026-05-05,P
9°A,9,2026-05-06,P
9°A,9,2026-05-07,P
9°A,9,2026-05-08,P
9°A,9,2026-05-11,F
9°A,9,2026-05-12,P
9°A,9,2026-05-13,P
9°A,9,2026-05-14,P
9°A,9,2026-05-15,P
9°A,9,2026-05-18,P
9°A,9,2026-05-19,P
9°A,9,2026-05-20,P
9°A,9,2026-05-21,F
9°A,9,2026-05-22,F
9°A,9,2026-05-25,P
9°A,9,2026-05-26,P
9°A,9,2026-05-27,P
9°A,9,2026-05-28,P
9°A,9,2026-05-29,P
9°A,9,2026-06-01,P
9°A,9,2026-06-02,P
9°A,9,2026-06-03,F
9°A,9,2026-06-08,P
9°A,9,2026-06-09,P
9°A,9,2026-06-10,P
9°A,9,2026-06-11,F
9°A,9,2026-06-12,P
9°A,9,2026-06-15,F
9°A,9,2026-06-16,P
9°A,9,2026-06-17,P
9°A,9,2026-06-18,P
9°A,9,2026-06-19,F
9°A,9,2026-06-22,P
9°A,9,2026-06-23,P
9°A,9,2026-06-24,F
9°A,9,2026-06-25,P
9°A,9,2026-06-26,P
9°A,9,2026-06-29,F
9°A,9,2026-06-30,F
9°A,9,2026-07-01,F
9°A,9,2026-07-02,P
9°A,9,2026-07-03,P
9°A,9,2026-07-28,P
9°A,9,2026-07-29,P
9°A,9,2026-07-30,P
9°A,9,2026-07-31,F
9°A,9,2026-08-03,P
9°A,9,2026-08-04,P
9°A,9,2026-08-05,P
9°A,9,2026-08-06,F
9°A,9,2026-08-07,F
9°A,9,2026-08-10,P
9°A,9,2026-08-11,F
9°A,9,2026-08-12,P
9°A,9,2026-08-13,P
9°A,9,2026-08-14,P
9°A,9,2026-08-17,P
9°A,9,2026-08-18,P
9°A,9,2026-08-19,F
9°A,9,2026-08-20,P
9°A,9,2026-08-21,P
9°A,9,2026-08-22,P
9°A,9,2026-08-24,P
9°A,9,2026-08-25,F
9°A,9,2026-08-26,F
9°A,9,2026-08-27,P
9°A,9,2026-08-28,P
9°A,9,2026-08-31,P
9°A,9,2026-08-01,P
9°A,10,2026-05-04,F
9°A,10,2026-05-05,F
9°A,10,2026-05-06,P
9°A,10,2026-05-07,F
9°A,10,2026-05-08,F
9°A,10,2026-05-11,F
9°A,10,2026-05-12,P
9°A,10,2026-05-13,P
9°A,10,2026-05-14,P
9°A,10,2026-05-15,P
9°A,10,2026-05-18,F
9°A,10,2026-05-19,P
9°A,10,2026-05-20,F
9°A,10,2026-05-21,F
9°A,10,2026-05-22,P
9°A,10,2026-05-25,F
9°A,10,2026-05-26,F
9°A,10,2026-05-27,P
9°A,10,2026-05-28,F
9°A,10,2026-05-29,F
9°A,10,2026-06-01,F
9°A,10,2026-06-02,P
9°A,10,2026-06-03,F
9°A,10,2026-06-08,P
9°A,10,2026-06-09,F
9°A,10,2026-06-10,F
9°A,10,2026-06-11,P
9°A,10,2026-06-12,F
9°A,10,2026-06-15,P
9°A,10,2026-06-16,F
9°A,10,2026-06-17,P
9°A,10,2026-06-18,P
9°A,10,2026-06-19,P
9°A,10,2026-06-22,P
9°A,10,2026-06-23,P
9°A,10,2026-06-24,F
9°A,10,2026-06-25,P
9°A,10,2026-06-26,F
9°A,10,2026-06-29,F
9°A,10,2026-06-30,F
9°A,10,2026-07-01,P
9°A,10,2026-07-02,P
9°A,10,2026-07-03,P
9°A,10,2026-07-28,F
9°A,10,2026-07-29,P
9°A,10,2026-07-30,F
9°A,10,2026-07-31,F
9°A,10,2026-08-03,F
9°A,10,2026-08-04,F
9°A,10,2026-08-05,P
9°A,10,2026-08-06,F
9°A,10,2026-08-07,F
9°A,10,2026-08-10,P
9°A,10,2026-08-11,F
9°A,10,2026-08-12,P
9°A,10,2026-08-13,P
9°A,10,2026-08-14,F
9°A,10,2026-08-17,F
9°A,10,2026-08-18,P
9°A,10,2026-08-19,P
9°A,10,2026-08-20,P
9°A,10,2026-08-21,F
9°A,10,2026-08-22,P
9°A,10,2026-08-24,P
9°A,10,2026-08-25,P
9°A,10,2026-08-26,F
9°A,10,2026-08-27,P
9°A,10,2026-08-28,F
9°A,10,2026-08-31,F
9°A,10,2026-08-01,F
9°A,11,2026-05-04,F
9°A,11,2026-05-05,P
9°A,11,2026-05-06,P
9°A,11,2026-05-07,F
9°A,11,2026-05-08,P
9°A,11,2026-05-11,P
9°A,11,2026-05-12,P
9°A,11,2026-05-13,P
9°A,11,2026-05-14,P
9°A,11,2026-05-15,F
9°A,11,2026-05-18,F
9°A,11,2026-05-19,P
9°A,11,2026-05-20,P
9°A,11,2026-05-21,F
9°A,11,2026-05-22,P
9°A,11,2026-05-25,P
9°A,11,2026-05-26,P
9°A,11,2026-05-27,P
9°A,11,2026-05-28,F
9°A,11,2026-05-29,P
9°A,11,2026-06-01,F
9°A,11,2026-06-02,P
9°A,11,2026-06-03,P
9°A,11,2026-06-08,P
9°A,11,2026-06-09,P
9°A,11,2026-06-10,P
9°A,11,2026-06-11,P
9°A,11,2026-06-12,P
9°A,11,2026-06-15,P
9°A,11,2026-06-16,F
9°A,11,2026-06-17,P
9°A,11,2026-06-18,P
9°A,11,2026-06-19,P
9°A,11,2026-06-22,F
9°A,11,2026-06-23,P
9°A,11,2026-06-24,P
9°A,11,2026-06-25,P
9°A,11,2026-06-26,F
9°A,11,2026-06-29,P
9°A,11,2026-06-30,P
9°A,11,2026-07-01,P
9°A,11,2026-07-02,P
9°A,11,2026-07-03,P
9°A,11,2026-07-28,F
9°A,11,2026-07-29,P
9°A,11,2026-07-30,P
9°A,11,2026-07-31,P
9°A,11,2026-08-03,F
9°A,11,2026-08-04,F
9°A,11,2026-08-05,F
9°A,11,2026-08-06,F
9°A,11,2026-08-07,F
9°A,11,2026-08-10,F
9°A,11,2026-08-11,F
9°A,11,2026-08-12,F
9°A,11,2026-08-13,F
9°A,11,2026-08-14,F
9°A,11,2026-08-17,P
9°A,11,2026-08-18,F
9°A,11,2026-08-19,F
9°A,11,2026-08-20,F
9°A,11,2026-08-21,F
9°A,11,2026-08-22,F
9°A,11,2026-08-24,P
9°A,11,2026-08-25,P
9°A,11,2026-08-26,P
9°A,11,2026-08-27,P
9°A,11,2026-08-28,P
9°A,11,2026-08-31,P
9°A,11,2026-08-01,P
9°A,12,2026-05-04,-
9°A,12,2026-05-05,-
9°A,12,2026-05-06,-
9°A,12,2026-05-07,-
9°A,12,2026-05-08,-
9°A,12,2026-05-11,-
9°A,12,2026-05-12,-
9°A,12,2026-05-13,-
9°A,12,2026-05-14,-
9°A,12,2026-05-15,-
9°A,12,2026-05-18,-
9°A,12,2026-05-19,-
9°A,12,2026-05-20,-
9°A,12,2026-05-21,-
9°A,12,2026-05-22,-
9°A,12,2026-05-25,-
9°A,12,2026-05-26,-
9°A,12,2026-05-27,-
9°A,12,2026-05-28,-
9°A,12,2026-05-29,-
9°A,12,2026-06-01,-
9°A,12,2026-06-02,-
9°A,12,2026-06-03,-
9°A,12,2026-06-08,-
9°A,12,2026-06-09,-
9°A,12,2026-06-10,-
9°A,12,2026-06-11,-
9°A,12,2026-06-12,-
9°A,12,2026-06-15,-
9°A,12,2026-06-16,-
9°A,12,2026-06-17,-
9°A,12,2026-06-18,-
9°A,12,2026-06-19,-
9°A,12,2026-06-22,-
9°A,12,2026-06-23,-
9°A,12,2026-06-24,-
9°A,12,2026-06-25,-
9°A,12,2026-06-26,-
9°A,12,2026-06-29,-
9°A,12,2026-06-30,-
9°A,12,2026-07-01,-
9°A,12,2026-07-02,-
9°A,12,2026-07-03,-
9°A,12,2026-07-28,-
9°A,12,2026-07-29,-
9°A,12,2026-07-30,-
9°A,12,2026-07-31,-
9°A,12,2026-08-03,-
9°A,12,2026-08-04,-
9°A,12,2026-08-05,-
9°A,12,2026-08-06,-
9°A,12,2026-08-07,-
9°A,12,2026-08-10,-
9°A,12,2026-08-11,-
9°A,12,2026-08-12,-
9°A,12,2026-08-13,-
9°A,12,2026-08-14,-
9°A,12,2026-08-17,-
9°A,12,2026-08-18,-
9°A,12,2026-08-19,-
9°A,12,2026-08-20,-
9°A,12,2026-08-21,-
9°A,12,2026-08-22,-
9°A,12,2026-08-24,-
9°A,12,2026-08-25,-
9°A,12,2026-08-26,-
9°A,12,2026-08-27,-
9°A,12,2026-08-28,-
9°A,12,2026-08-31,-
9°A,13,2026-05-04,P
9°A,13,2026-05-05,F
9°A,13,2026-05-06,P
9°A,13,2026-05-07,P
9°A,13,2026-05-08,P
9°A,13,2026-05-11,P
9°A,13,2026-05-12,P
9°A,13,2026-05-13,P
9°A,13,2026-05-14,P
9°A,13,2026-05-15,P
9°A,13,2026-05-18,P
9°A,13,2026-05-19,F
9°A,13,2026-05-20,P
9°A,13,2026-05-21,P
9°A,13,2026-05-22,F
9°A,13,2026-05-25,F
9°A,13,2026-05-26,P
9°A,13,2026-05-27,P
9°A,13,2026-05-28,P
9°A,13,2026-05-29,P
9°A,13,2026-06-01,P
9°A,13,2026-06-02,P
9°A,13,2026-06-03,P
9°A,13,2026-06-08,P
9°A,13,2026-06-09,P
9°A,13,2026-06-10,P
9°A,13,2026-06-11,P
9°A,13,2026-06-12,P
9°A,13,2026-06-15,P
9°A,13,2026-06-16,F
9°A,13,2026-06-17,P
9°A,13,2026-06-18,P
9°A,13,2026-06-19,P
9°A,13,2026-06-22,P
9°A,13,2026-06-23,P
9°A,13,2026-06-24,F
9°A,13,2026-06-25,P
9°A,13,2026-06-26,F
9°A,13,2026-06-29,P
9°A,13,2026-06-30,P
9°A,13,2026-07-01,P
9°A,13,2026-07-02,P
9°A,13,2026-07-03,P
9°A,13,2026-07-28,F
9°A,13,2026-07-29,P
9°A,13,2026-07-30,F
9°A,13,2026-07-31,P
9°A,13,2026-08-03,P
9°A,13,2026-08-04,P
9°A,13,2026-08-05,P
9°A,13,2026-08-06,P
9°A,13,2026-08-07,F
9°A,13,2026-08-10,P
9°A,13,2026-08-11,F
9°A,13,2026-08-12,P
9°A,13,2026-08-13,P
9°A,13,2026-08-14,P
9°A,13,2026-08-17,P
9°A,13,2026-08-18,P
9°A,13,2026-08-19,P
9°A,13,2026-08-20,P
9°A,13,2026-08-21,P
9°A,13,2026-08-22,P
9°A,13,2026-08-24,P
9°A,13,2026-08-25,F
9°A,13,2026-08-26,F
9°A,13,2026-08-27,P
9°A,13,2026-08-28,F
9°A,13,2026-08-31,P
9°A,13,2026-08-01,P
9°A,14,2026-05-04,P
9°A,14,2026-05-05,P
9°A,14,2026-05-06,P
9°A,14,2026-05-07,P
9°A,14,2026-05-08,P
9°A,14,2026-05-11,P
9°A,14,2026-05-12,P
9°A,14,2026-05-13,P
9°A,14,2026-05-14,P
9°A,14,2026-05-15,P
9°A,14,2026-05-18,P
9°A,14,2026-05-19,P
9°A,14,2026-05-20,P
9°A,14,2026-05-21,P
9°A,14,2026-05-22,P
9°A,14,2026-05-25,P
9°A,14,2026-05-26,P
9°A,14,2026-05-27,P
9°A,14,2026-05-28,P
9°A,14,2026-05-29,P
9°A,14,2026-06-01,P
9°A,14,2026-06-02,P
9°A,14,2026-06-03,P
9°A,14,2026-06-08,P
9°A,14,2026-06-09,P
9°A,14,2026-06-10,P
9°A,14,2026-06-11,P
9°A,14,2026-06-12,P
9°A,14,2026-06-15,P
9°A,14,2026-06-16,P
9°A,14,2026-06-17,P
9°A,14,2026-06-18,P
9°A,14,2026-06-19,P
9°A,14,2026-06-22,P
9°A,14,2026-06-23,P
9°A,14,2026-06-24,P
9°A,14,2026-06-25,P
9°A,14,2026-06-26,P
9°A,14,2026-06-29,P
9°A,14,2026-06-30,P
9°A,14,2026-07-01,P
9°A,14,2026-07-02,P
9°A,14,2026-07-03,P
9°A,14,2026-07-28,P
9°A,14,2026-07-29,P
9°A,14,2026-07-30,P
9°A,14,2026-07-31,P
9°A,14,2026-08-03,P
9°A,14,2026-08-04,P
9°A,14,2026-08-05,P
9°A,14,2026-08-06,P
9°A,14,2026-08-07,F
9°A,14,2026-08-10,P
9°A,14,2026-08-11,P
9°A,14,2026-08-12,P
9°A,14,2026-08-13,P
9°A,14,2026-08-14,P
9°A,14,2026-08-17,P
9°A,14,2026-08-18,P
9°A,14,2026-08-19,P
9°A,14,2026-08-20,P
9°A,14,2026-08-21,P
9°A,14,2026-08-22,P
9°A,14,2026-08-24,P
9°A,14,2026-08-25,P
9°A,14,2026-08-26,P
9°A,14,2026-08-27,P
9°A,14,2026-08-28,P
9°A,14,2026-08-31,F
9°A,14,2026-08-01,P
9°A,15,2026-05-04,F
9°A,15,2026-05-05,F
9°A,15,2026-05-06,P
9°A,15,2026-05-07,F
9°A,15,2026-05-08,P
9°A,15,2026-05-11,P
9°A,15,2026-05-12,P
9°A,15,2026-05-13,P
9°A,15,2026-05-14,P
9°A,15,2026-05-15,F
9°A,15,2026-05-18,P
9°A,15,2026-05-19,P
9°A,15,2026-05-20,P
9°A,15,2026-05-21,F
9°A,15,2026-05-22,P
9°A,15,2026-05-25,P
9°A,15,2026-05-26,P
9°A,15,2026-05-27,P
9°A,15,2026-05-28,P
9°A,15,2026-05-29,P
9°A,15,2026-06-01,P
9°A,15,2026-06-02,P
9°A,15,2026-06-03,F
9°A,15,2026-06-08,P
9°A,15,2026-06-09,P
9°A,15,2026-06-10,P
9°A,15,2026-06-11,P
9°A,15,2026-06-12,P
9°A,15,2026-06-15,F
9°A,15,2026-06-16,P
9°A,15,2026-06-17,P
9°A,15,2026-06-18,P
9°A,15,2026-06-19,F
9°A,15,2026-06-22,P
9°A,15,2026-06-23,P
9°A,15,2026-06-24,F
9°A,15,2026-06-25,P
9°A,15,2026-06-26,P
9°A,15,2026-06-29,F
9°A,15,2026-06-30,F
9°A,15,2026-07-01,P
9°A,15,2026-07-02,P
9°A,15,2026-07-03,P
9°A,15,2026-07-28,P
9°A,15,2026-07-29,P
9°A,15,2026-07-30,P
9°A,15,2026-07-31,F
9°A,15,2026-08-03,P
9°A,15,2026-08-04,P
9°A,15,2026-08-05,F
9°A,15,2026-08-06,P
9°A,15,2026-08-07,F
9°A,15,2026-08-10,P
9°A,15,2026-08-11,P
9°A,15,2026-08-12,P
9°A,15,2026-08-13,P
9°A,15,2026-08-14,F
9°A,15,2026-08-17,P
9°A,15,2026-08-18,F
9°A,15,2026-08-19,P
9°A,15,2026-08-20,P
9°A,15,2026-08-21,F
9°A,15,2026-08-22,P
9°A,15,2026-08-24,P
9°A,15,2026-08-25,P
9°A,15,2026-08-26,P
9°A,15,2026-08-27,P
9°A,15,2026-08-28,P
9°A,15,2026-08-31,P
9°A,15,2026-08-01,P
9°A,16,2026-05-04,F
9°A,16,2026-05-05,P
9°A,16,2026-05-06,P
9°A,16,2026-05-07,F
9°A,16,2026-05-08,F
9°A,16,2026-05-11,F
9°A,16,2026-05-12,P
9°A,16,2026-05-13,P
9°A,16,2026-05-14,P
9°A,16,2026-05-15,P
9°A,16,2026-05-18,P
9°A,16,2026-05-19,P
9°A,16,2026-05-20,P
9°A,16,2026-05-21,P
9°A,16,2026-05-22,P
9°A,16,2026-05-25,F
9°A,16,2026-05-26,P
9°A,16,2026-05-27,P
9°A,16,2026-05-28,P
9°A,16,2026-05-29,P
9°A,16,2026-06-01,P
9°A,16,2026-06-02,P
9°A,16,2026-06-03,P
9°A,16,2026-06-08,P
9°A,16,2026-06-09,P
9°A,16,2026-06-10,P
9°A,16,2026-06-11,F
9°A,16,2026-06-12,P
9°A,16,2026-06-15,P
9°A,16,2026-06-16,P
9°A,16,2026-06-17,P
9°A,16,2026-06-18,P
9°A,16,2026-06-19,P
9°A,16,2026-06-22,P
9°A,16,2026-06-23,P
9°A,16,2026-06-24,P
9°A,16,2026-06-25,P
9°A,16,2026-06-26,P
9°A,16,2026-06-29,P
9°A,16,2026-06-30,P
9°A,16,2026-07-01,P
9°A,16,2026-07-02,P
9°A,16,2026-07-03,P
9°A,16,2026-07-28,F
9°A,16,2026-07-29,P
9°A,16,2026-07-30,P
9°A,16,2026-07-31,P
9°A,16,2026-08-03,F
9°A,16,2026-08-04,P
9°A,16,2026-08-05,P
9°A,16,2026-08-06,F
9°A,16,2026-08-07,F
9°A,16,2026-08-10,P
9°A,16,2026-08-11,P
9°A,16,2026-08-12,P
9°A,16,2026-08-13,F
9°A,16,2026-08-14,P
9°A,16,2026-08-17,P
9°A,16,2026-08-18,F
9°A,16,2026-08-19,P
9°A,16,2026-08-20,P
9°A,16,2026-08-21,P
9°A,16,2026-08-22,P
9°A,16,2026-08-24,P
9°A,16,2026-08-25,P
9°A,16,2026-08-26,F
9°A,16,2026-08-27,P
9°A,16,2026-08-28,P
9°A,16,2026-08-31,F
9°A,16,2026-08-01,P
9°A,17,2026-05-04,F
9°A,17,2026-05-05,P
9°A,17,2026-05-06,P
9°A,17,2026-05-07,P
9°A,17,2026-05-08,P
9°A,17,2026-05-11,P
9°A,17,2026-05-12,P
9°A,17,2026-05-13,P
9°A,17,2026-05-14,P
9°A,17,2026-05-15,P
9°A,17,2026-05-18,P
9°A,17,2026-05-19,F
9°A,17,2026-05-20,P
9°A,17,2026-05-21,P
9°A,17,2026-05-22,P
9°A,17,2026-05-25,P
9°A,17,2026-05-26,P
9°A,17,2026-05-27,P
9°A,17,2026-05-28,P
9°A,17,2026-05-29,F
9°A,17,2026-06-01,P
9°A,17,2026-06-02,P
9°A,17,2026-06-03,P
9°A,17,2026-06-08,P
9°A,17,2026-06-09,P
9°A,17,2026-06-10,P
9°A,17,2026-06-11,P
9°A,17,2026-06-12,P
9°A,17,2026-06-15,P
9°A,17,2026-06-16,P
9°A,17,2026-06-17,P
9°A,17,2026-06-18,P
9°A,17,2026-06-19,P
9°A,17,2026-06-22,P
9°A,17,2026-06-23,P
9°A,17,2026-06-24,P
9°A,17,2026-06-25,P
9°A,17,2026-06-26,F
9°A,17,2026-06-29,P
9°A,17,2026-06-30,P
9°A,17,2026-07-01,P
9°A,17,2026-07-02,P
9°A,17,2026-07-03,P
9°A,17,2026-07-28,F
9°A,17,2026-07-29,P
9°A,17,2026-07-30,P
9°A,17,2026-07-31,P
9°A,17,2026-08-03,P
9°A,17,2026-08-04,P
9°A,17,2026-08-05,P
9°A,17,2026-08-06,F
9°A,17,2026-08-07,F
9°A,17,2026-08-10,P
9°A,17,2026-08-11,F
9°A,17,2026-08-12,P
9°A,17,2026-08-13,P
9°A,17,2026-08-14,P
9°A,17,2026-08-17,P
9°A,17,2026-08-18,P
9°A,17,2026-08-19,P
9°A,17,2026-08-20,P
9°A,17,2026-08-21,P
9°A,17,2026-08-22,P
9°A,17,2026-08-24,P
9°A,17,2026-08-25,P
9°A,17,2026-08-26,F
9°A,17,2026-08-27,P
9°A,17,2026-08-28,F
9°A,17,2026-08-31,P
9°A,17,2026-08-01,F
9°A,18,2026-05-04,F
9°A,18,2026-05-05,P
9°A,18,2026-05-06,P
9°A,18,2026-05-07,P
9°A,18,2026-05-08,P
9°A,18,2026-05-11,P
9°A,18,2026-05-12,P
9°A,18,2026-05-13,P
9°A,18,2026-05-14,P
9°A,18,2026-05-15,P
9°A,18,2026-05-18,P
9°A,18,2026-05-19,P
9°A,18,2026-05-20,P
9°A,18,2026-05-21,P
9°A,18,2026-05-22,P
9°A,18,2026-05-25,P
9°A,18,2026-05-26,P
9°A,18,2026-05-27,P
9°A,18,2026-05-28,P
9°A,18,2026-05-29,P
9°A,18,2026-06-01,P
9°A,18,2026-06-02,P
9°A,18,2026-06-03,P
9°A,18,2026-06-08,P
9°A,18,2026-06-09,P
9°A,18,2026-06-10,P
9°A,18,2026-06-11,P
9°A,18,2026-06-12,P
9°A,18,2026-06-15,F
9°A,18,2026-06-16,P
9°A,18,2026-06-17,P
9°A,18,2026-06-18,P
9°A,18,2026-06-19,P
9°A,18,2026-06-22,P
9°A,18,2026-06-23,P
9°A,18,2026-06-24,P
9°A,18,2026-06-25,P
9°A,18,2026-06-26,P
9°A,18,2026-06-29,F
9°A,18,2026-06-30,P
9°A,18,2026-07-01,P
9°A,18,2026-07-02,P
9°A,18,2026-07-03,P
9°A,18,2026-07-28,P
9°A,18,2026-07-29,P
9°A,18,2026-07-30,P
9°A,18,2026-07-31,P
9°A,18,2026-08-03,P
9°A,18,2026-08-04,F
9°A,18,2026-08-05,P
9°A,18,2026-08-06,P
9°A,18,2026-08-07,P
9°A,18,2026-08-10,F
9°A,18,2026-08-11,P
9°A,18,2026-08-12,P
9°A,18,2026-08-13,P
9°A,18,2026-08-14,P
9°A,18,2026-08-17,P
9°A,18,2026-08-18,P
9°A,18,2026-08-19,P
9°A,18,2026-08-20,P
9°A,18,2026-08-21,P
9°A,18,2026-08-22,P
9°A,18,2026-08-24,F
9°A,18,2026-08-25,P
9°A,18,2026-08-26,P
9°A,18,2026-08-27,P
9°A,18,2026-08-28,F
9°A,18,2026-08-31,P
9°A,18,2026-08-01,P
9°A,19,2026-05-04,F
9°A,19,2026-05-05,P
9°A,19,2026-05-06,P
9°A,19,2026-05-07,P
9°A,19,2026-05-08,P
9°A,19,2026-05-11,P
9°A,19,2026-05-12,P
9°A,19,2026-05-13,P
9°A,19,2026-05-14,P
9°A,19,2026-05-15,P
9°A,19,2026-05-18,P
9°A,19,2026-05-19,P
9°A,19,2026-05-20,F
9°A,19,2026-05-21,P
9°A,19,2026-05-22,P
9°A,19,2026-05-25,P
9°A,19,2026-05-26,P
9°A,19,2026-05-27,F
9°A,19,2026-05-28,P
9°A,19,2026-05-29,P
9°A,19,2026-06-01,P
9°A,19,2026-06-02,F
9°A,19,2026-06-03,P
9°A,19,2026-06-08,F
9°A,19,2026-06-09,F
9°A,19,2026-06-10,P
9°A,19,2026-06-11,P
9°A,19,2026-06-12,P
9°A,19,2026-06-15,P
9°A,19,2026-06-16,P
9°A,19,2026-06-17,F
9°A,19,2026-06-18,F
9°A,19,2026-06-19,F
9°A,19,2026-06-22,P
9°A,19,2026-06-23,F
9°A,19,2026-06-24,F
9°A,19,2026-06-25,F
9°A,19,2026-06-26,P
9°A,19,2026-06-29,P
9°A,19,2026-06-30,F
9°A,19,2026-07-01,F
9°A,19,2026-07-02,P
9°A,19,2026-07-03,P
9°A,19,2026-07-28,P
9°A,19,2026-07-29,P
9°A,19,2026-07-30,P
9°A,19,2026-07-31,P
9°A,19,2026-08-03,P
9°A,19,2026-08-04,P
9°A,19,2026-08-05,P
9°A,19,2026-08-06,P
9°A,19,2026-08-07,F
9°A,19,2026-08-10,P
9°A,19,2026-08-11,P
9°A,19,2026-08-12,P
9°A,19,2026-08-13,P
9°A,19,2026-08-14,P
9°A,19,2026-08-17,P
9°A,19,2026-08-18,P
9°A,19,2026-08-19,P
9°A,19,2026-08-20,P
9°A,19,2026-08-21,P
9°A,19,2026-08-22,P
9°A,19,2026-08-24,P
9°A,19,2026-08-25,P
9°A,19,2026-08-26,F
9°A,19,2026-08-27,P
9°A,19,2026-08-28,F
9°A,19,2026-08-31,F
9°A,19,2026-08-01,F
9°A,20,2026-05-04,F
9°A,20,2026-05-05,P
9°A,20,2026-05-06,P
9°A,20,2026-05-07,P
9°A,20,2026-05-08,P
9°A,20,2026-05-11,P
9°A,20,2026-05-12,P
9°A,20,2026-05-13,P
9°A,20,2026-05-14,P
9°A,20,2026-05-15,F
9°A,20,2026-05-18,P
9°A,20,2026-05-19,P
9°A,20,2026-05-20,P
9°A,20,2026-05-21,P
9°A,20,2026-05-22,F
9°A,20,2026-05-25,F
9°A,20,2026-05-26,F
9°A,20,2026-05-27,F
9°A,20,2026-05-28,F
9°A,20,2026-05-29,F
9°A,20,2026-06-01,P
9°A,20,2026-06-02,P
9°A,20,2026-06-03,P
9°A,20,2026-06-08,P
9°A,20,2026-06-09,P
9°A,20,2026-06-10,P
9°A,20,2026-06-11,P
9°A,20,2026-06-12,P
9°A,20,2026-06-15,P
9°A,20,2026-06-16,P
9°A,20,2026-06-17,P
9°A,20,2026-06-18,P
9°A,20,2026-06-19,P
9°A,20,2026-06-22,P
9°A,20,2026-06-23,P
9°A,20,2026-06-24,P
9°A,20,2026-06-25,P
9°A,20,2026-06-26,P
9°A,20,2026-06-29,P
9°A,20,2026-06-30,P
9°A,20,2026-07-01,P
9°A,20,2026-07-02,P
9°A,20,2026-07-03,P
9°A,20,2026-07-28,P
9°A,20,2026-07-29,P
9°A,20,2026-07-30,P
9°A,20,2026-07-31,P
9°A,20,2026-08-03,P
9°A,20,2026-08-04,P
9°A,20,2026-08-05,P
9°A,20,2026-08-06,F
9°A,20,2026-08-07,P
9°A,20,2026-08-10,P
9°A,20,2026-08-11,P
9°A,20,2026-08-12,P
9°A,20,2026-08-13,P
9°A,20,2026-08-14,P
9°A,20,2026-08-17,P
9°A,20,2026-08-18,P
9°A,20,2026-08-19,P
9°A,20,2026-08-20,P
9°A,20,2026-08-21,P
9°A,20,2026-08-22,P
9°A,20,2026-08-24,P
9°A,20,2026-08-25,P
9°A,20,2026-08-26,F
9°A,20,2026-08-27,P
9°A,20,2026-08-28,F
9°A,20,2026-08-31,P
9°A,20,2026-08-01,P
9°A,21,2026-05-04,F
9°A,21,2026-05-05,P
9°A,21,2026-05-06,P
9°A,21,2026-05-07,P
9°A,21,2026-05-08,P
9°A,21,2026-05-11,P
9°A,21,2026-05-12,P
9°A,21,2026-05-13,P
9°A,21,2026-05-14,P
9°A,21,2026-05-15,F
9°A,21,2026-05-18,P
9°A,21,2026-05-19,F
9°A,21,2026-05-20,P
9°A,21,2026-05-21,P
9°A,21,2026-05-22,F
9°A,21,2026-05-25,P
9°A,21,2026-05-26,P
9°A,21,2026-05-27,F
9°A,21,2026-05-28,P
9°A,21,2026-05-29,F
9°A,21,2026-06-01,P
9°A,21,2026-06-02,P
9°A,21,2026-06-03,F
9°A,21,2026-06-08,P
9°A,21,2026-06-09,F
9°A,21,2026-06-10,P
9°A,21,2026-06-11,P
9°A,21,2026-06-12,F
9°A,21,2026-06-15,F
9°A,21,2026-06-16,P
9°A,21,2026-06-17,P
9°A,21,2026-06-18,F
9°A,21,2026-06-19,P
9°A,21,2026-06-22,P
9°A,21,2026-06-23,P
9°A,21,2026-06-24,F
9°A,21,2026-06-25,P
9°A,21,2026-06-26,F
9°A,21,2026-06-29,F
9°A,21,2026-06-30,P
9°A,21,2026-07-01,F
9°A,21,2026-07-02,P
9°A,21,2026-07-03,P
9°A,21,2026-07-28,P
9°A,21,2026-07-29,P
9°A,21,2026-07-30,F
9°A,21,2026-07-31,F
9°A,21,2026-08-03,P
9°A,21,2026-08-04,P
9°A,21,2026-08-05,F
9°A,21,2026-08-06,P
9°A,21,2026-08-07,F
9°A,21,2026-08-10,F
9°A,21,2026-08-11,P
9°A,21,2026-08-12,P
9°A,21,2026-08-13,P
9°A,21,2026-08-14,F
9°A,21,2026-08-17,P
9°A,21,2026-08-18,P
9°A,21,2026-08-19,P
9°A,21,2026-08-20,F
9°A,21,2026-08-21,F
9°A,21,2026-08-22,P
9°A,21,2026-08-24,P
9°A,21,2026-08-25,P
9°A,21,2026-08-26,P
9°A,21,2026-08-27,P
9°A,21,2026-08-28,F
9°A,21,2026-08-31,F
9°A,21,2026-08-01,P
9°A,22,2026-05-04,F
9°A,22,2026-05-05,F
9°A,22,2026-05-06,P
9°A,22,2026-05-07,P
9°A,22,2026-05-08,F
9°A,22,2026-05-11,P
9°A,22,2026-05-12,P
9°A,22,2026-05-13,F
9°A,22,2026-05-14,P
9°A,22,2026-05-15,P
9°A,22,2026-05-18,P
9°A,22,2026-05-19,F
9°A,22,2026-05-20,P
9°A,22,2026-05-21,P
9°A,22,2026-05-22,F
9°A,22,2026-05-25,F
9°A,22,2026-05-26,P
9°A,22,2026-05-27,P
9°A,22,2026-05-28,F
9°A,22,2026-05-29,P
9°A,22,2026-06-01,P
9°A,22,2026-06-02,P
9°A,22,2026-06-03,F
9°A,22,2026-06-08,P
9°A,22,2026-06-09,F
9°A,22,2026-06-10,P
9°A,22,2026-06-11,P
9°A,22,2026-06-12,F
9°A,22,2026-06-15,F
9°A,22,2026-06-16,P
9°A,22,2026-06-17,F
9°A,22,2026-06-18,P
9°A,22,2026-06-19,P
9°A,22,2026-06-22,P
9°A,22,2026-06-23,P
9°A,22,2026-06-24,F
9°A,22,2026-06-25,P
9°A,22,2026-06-26,F
9°A,22,2026-06-29,F
9°A,22,2026-06-30,F
9°A,22,2026-07-01,F
9°A,22,2026-07-02,P
9°A,22,2026-07-03,P
9°A,22,2026-07-28,F
9°A,22,2026-07-29,P
9°A,22,2026-07-30,P
9°A,22,2026-07-31,F
9°A,22,2026-08-03,F
9°A,22,2026-08-04,P
9°A,22,2026-08-05,F
9°A,22,2026-08-06,P
9°A,22,2026-08-07,F
9°A,22,2026-08-10,F
9°A,22,2026-08-11,P
9°A,22,2026-08-12,F
9°A,22,2026-08-13,F
9°A,22,2026-08-14,F
9°A,22,2026-08-17,P
9°A,22,2026-08-18,P
9°A,22,2026-08-19,F
9°A,22,2026-08-20,F
9°A,22,2026-08-21,P
9°A,22,2026-08-22,P
9°A,22,2026-08-24,F
9°A,22,2026-08-25,P
9°A,22,2026-08-26,F
9°A,22,2026-08-27,P
9°A,22,2026-08-28,F
9°A,22,2026-08-31,F
9°A,22,2026-08-01,F
9°A,23,2026-05-04,F
9°A,23,2026-05-05,P
9°A,23,2026-05-06,P
9°A,23,2026-05-07,P
9°A,23,2026-05-08,P
9°A,23,2026-05-11,P
9°A,23,2026-05-12,P
9°A,23,2026-05-13,P
9°A,23,2026-05-14,P
9°A,23,2026-05-15,P
9°A,23,2026-05-18,P
9°A,23,2026-05-19,P
9°A,23,2026-05-20,P
9°A,23,2026-05-21,P
9°A,23,2026-05-22,P
9°A,23,2026-05-25,P
9°A,23,2026-05-26,P
9°A,23,2026-05-27,F
9°A,23,2026-05-28,P
9°A,23,2026-05-29,P
9°A,23,2026-06-01,P
9°A,23,2026-06-02,P
9°A,23,2026-06-03,P
9°A,23,2026-06-08,P
9°A,23,2026-06-09,P
9°A,23,2026-06-10,P
9°A,23,2026-06-11,P
9°A,23,2026-06-12,P
9°A,23,2026-06-15,F
9°A,23,2026-06-16,F
9°A,23,2026-06-17,P
9°A,23,2026-06-18,P
9°A,23,2026-06-19,P
9°A,23,2026-06-22,P
9°A,23,2026-06-23,P
9°A,23,2026-06-24,P
9°A,23,2026-06-25,P
9°A,23,2026-06-26,P
9°A,23,2026-06-29,P
9°A,23,2026-06-30,P
9°A,23,2026-07-01,P
9°A,23,2026-07-02,P
9°A,23,2026-07-03,P
9°A,23,2026-07-28,P
9°A,23,2026-07-29,P
9°A,23,2026-07-30,P
9°A,23,2026-07-31,P
9°A,23,2026-08-03,P
9°A,23,2026-08-04,P
9°A,23,2026-08-05,P
9°A,23,2026-08-06,P
9°A,23,2026-08-07,F
9°A,23,2026-08-10,P
9°A,23,2026-08-11,P
9°A,23,2026-08-12,P
9°A,23,2026-08-13,P
9°A,23,2026-08-14,P
9°A,23,2026-08-17,P
9°A,23,2026-08-18,P
9°A,23,2026-08-19,P
9°A,23,2026-08-20,P
9°A,23,2026-08-21,P
9°A,23,2026-08-22,P
9°A,23,2026-08-24,P
9°A,23,2026-08-25,F
9°A,23,2026-08-26,P
9°A,23,2026-08-27,P
9°A,23,2026-08-28,P
9°A,23,2026-08-31,P
9°A,23,2026-08-01,P
9°A,24,2026-05-04,P
9°A,24,2026-05-05,F
9°A,24,2026-05-06,P
9°A,24,2026-05-07,P
9°A,24,2026-05-08,P
9°A,24,2026-05-11,P
9°A,24,2026-05-12,P
9°A,24,2026-05-13,P
9°A,24,2026-05-14,P
9°A,24,2026-05-15,P
9°A,24,2026-05-18,P
9°A,24,2026-05-19,P
9°A,24,2026-05-20,P
9°A,24,2026-05-21,P
9°A,24,2026-05-22,P
9°A,24,2026-05-25,P
9°A,24,2026-05-26,P
9°A,24,2026-05-27,P
9°A,24,2026-05-28,P
9°A,24,2026-05-29,P
9°A,24,2026-06-01,P
9°A,24,2026-06-02,P
9°A,24,2026-06-03,P
9°A,24,2026-06-08,P
9°A,24,2026-06-09,P
9°A,24,2026-06-10,P
9°A,24,2026-06-11,P
9°A,24,2026-06-12,P
9°A,24,2026-06-15,P
9°A,24,2026-06-16,F
9°A,24,2026-06-17,P
9°A,24,2026-06-18,P
9°A,24,2026-06-19,P
9°A,24,2026-06-22,P
9°A,24,2026-06-23,P
9°A,24,2026-06-24,F
9°A,24,2026-06-25,P
9°A,24,2026-06-26,P
9°A,24,2026-06-29,P
9°A,24,2026-06-30,F
9°A,24,2026-07-01,P
9°A,24,2026-07-02,P
9°A,24,2026-07-03,P
9°A,24,2026-07-28,P
9°A,24,2026-07-29,P
9°A,24,2026-07-30,P
9°A,24,2026-07-31,P
9°A,24,2026-08-03,P
9°A,24,2026-08-04,P
9°A,24,2026-08-05,P
9°A,24,2026-08-06,P
9°A,24,2026-08-07,F
9°A,24,2026-08-10,P
9°A,24,2026-08-11,P
9°A,24,2026-08-12,P
9°A,24,2026-08-13,P
9°A,24,2026-08-14,P
9°A,24,2026-08-17,P
9°A,24,2026-08-18,P
9°A,24,2026-08-19,P
9°A,24,2026-08-20,P
9°A,24,2026-08-21,P
9°A,24,2026-08-22,P
9°A,24,2026-08-24,P
9°A,24,2026-08-25,P
9°A,24,2026-08-26,F
9°A,24,2026-08-27,P
9°A,24,2026-08-28,F
9°A,24,2026-08-31,P
9°A,24,2026-08-01,P
9°A,25,2026-05-04,F
9°A,25,2026-05-05,P
9°A,25,2026-05-06,P
9°A,25,2026-05-07,P
9°A,25,2026-05-08,P
9°A,25,2026-05-11,P
9°A,25,2026-05-12,P
9°A,25,2026-05-13,P
9°A,25,2026-05-14,P
9°A,25,2026-05-15,P
9°A,25,2026-05-18,P
9°A,25,2026-05-19,F
9°A,25,2026-05-20,P
9°A,25,2026-05-21,P
9°A,25,2026-05-22,F
9°A,25,2026-05-25,F
9°A,25,2026-05-26,P
9°A,25,2026-05-27,P
9°A,25,2026-05-28,P
9°A,25,2026-05-29,F
9°A,25,2026-06-01,P
9°A,25,2026-06-02,P
9°A,25,2026-06-03,F
9°A,25,2026-06-08,P
9°A,25,2026-06-09,F
9°A,25,2026-06-10,P
9°A,25,2026-06-11,P
9°A,25,2026-06-12,F
9°A,25,2026-06-15,F
9°A,25,2026-06-16,P
9°A,25,2026-06-17,F
9°A,25,2026-06-18,P
9°A,25,2026-06-19,P
9°A,25,2026-06-22,P
9°A,25,2026-06-23,P
9°A,25,2026-06-24,F
9°A,25,2026-06-25,P
9°A,25,2026-06-26,F
9°A,25,2026-06-29,P
9°A,25,2026-06-30,P
9°A,25,2026-07-01,F
9°A,25,2026-07-02,P
9°A,25,2026-07-03,P
9°A,25,2026-07-28,F
9°A,25,2026-07-29,P
9°A,25,2026-07-30,P
9°A,25,2026-07-31,F
9°A,25,2026-08-03,P
9°A,25,2026-08-04,P
9°A,25,2026-08-05,P
9°A,25,2026-08-06,F
9°A,25,2026-08-07,F
9°A,25,2026-08-10,P
9°A,25,2026-08-11,P
9°A,25,2026-08-12,P
9°A,25,2026-08-13,P
9°A,25,2026-08-14,F
9°A,25,2026-08-17,P
9°A,25,2026-08-18,P
9°A,25,2026-08-19,P
9°A,25,2026-08-20,F
9°A,25,2026-08-21,P
9°A,25,2026-08-22,P
9°A,25,2026-08-24,P
9°A,25,2026-08-25,P
9°A,25,2026-08-26,P
9°A,25,2026-08-27,P
9°A,25,2026-08-28,P
9°A,25,2026-08-31,P
9°A,25,2026-08-01,P
9°A,26,2026-05-04,F
9°A,26,2026-05-05,F
9°A,26,2026-05-06,P
9°A,26,2026-05-07,P
9°A,26,2026-05-08,F
9°A,26,2026-05-11,F
9°A,26,2026-05-12,P
9°A,26,2026-05-13,P
9°A,26,2026-05-14,F
9°A,26,2026-05-15,P
9°A,26,2026-05-18,P
9°A,26,2026-05-19,P
9°A,26,2026-05-20,P
9°A,26,2026-05-21,P
9°A,26,2026-05-22,P
9°A,26,2026-05-25,P
9°A,26,2026-05-26,P
9°A,26,2026-05-27,P
9°A,26,2026-05-28,P
9°A,26,2026-05-29,P
9°A,26,2026-06-01,F
9°A,26,2026-06-02,P
9°A,26,2026-06-03,P
9°A,26,2026-06-08,P
9°A,26,2026-06-09,P
9°A,26,2026-06-10,P
9°A,26,2026-06-11,P
9°A,26,2026-06-12,P
9°A,26,2026-06-15,F
9°A,26,2026-06-16,P
9°A,26,2026-06-17,P
9°A,26,2026-06-18,P
9°A,26,2026-06-19,P
9°A,26,2026-06-22,P
9°A,26,2026-06-23,P
9°A,26,2026-06-24,F
9°A,26,2026-06-25,P
9°A,26,2026-06-26,P
9°A,26,2026-06-29,F
9°A,26,2026-06-30,F
9°A,26,2026-07-01,F
9°A,26,2026-07-02,P
9°A,26,2026-07-03,P
9°A,26,2026-07-28,P
9°A,26,2026-07-29,P
9°A,26,2026-07-30,P
9°A,26,2026-07-31,F
9°A,26,2026-08-03,P
9°A,26,2026-08-04,P
9°A,26,2026-08-05,P
9°A,26,2026-08-06,P
9°A,26,2026-08-07,F
9°A,26,2026-08-10,P
9°A,26,2026-08-11,F
9°A,26,2026-08-12,P
9°A,26,2026-08-13,P
9°A,26,2026-08-14,P
9°A,26,2026-08-17,F
9°A,26,2026-08-18,P
9°A,26,2026-08-19,P
9°A,26,2026-08-20,P
9°A,26,2026-08-21,P
9°A,26,2026-08-22,P
9°A,26,2026-08-24,P
9°A,26,2026-08-25,P
9°A,26,2026-08-26,F
9°A,26,2026-08-27,P
9°A,26,2026-08-28,F
9°A,26,2026-08-31,P
9°A,26,2026-08-01,P
9°A,27,2026-05-04,P
9°A,27,2026-05-05,F
9°A,27,2026-05-06,P
9°A,27,2026-05-07,P
9°A,27,2026-05-08,F
9°A,27,2026-05-11,P
9°A,27,2026-05-12,P
9°A,27,2026-05-13,P
9°A,27,2026-05-14,P
9°A,27,2026-05-15,F
9°A,27,2026-05-18,P
9°A,27,2026-05-19,F
9°A,27,2026-05-20,P
9°A,27,2026-05-21,P
9°A,27,2026-05-22,P
9°A,27,2026-05-25,P
9°A,27,2026-05-26,P
9°A,27,2026-05-27,P
9°A,27,2026-05-28,P
9°A,27,2026-05-29,P
9°A,27,2026-06-01,P
9°A,27,2026-06-02,P
9°A,27,2026-06-03,F
9°A,27,2026-06-08,P
9°A,27,2026-06-09,P
9°A,27,2026-06-10,P
9°A,27,2026-06-11,P
9°A,27,2026-06-12,P
9°A,27,2026-06-15,P
9°A,27,2026-06-16,F
9°A,27,2026-06-17,P
9°A,27,2026-06-18,P
9°A,27,2026-06-19,F
9°A,27,2026-06-22,F
9°A,27,2026-06-23,F
9°A,27,2026-06-24,P
9°A,27,2026-06-25,P
9°A,27,2026-06-26,P
9°A,27,2026-06-29,F
9°A,27,2026-06-30,P
9°A,27,2026-07-01,P
9°A,27,2026-07-02,P
9°A,27,2026-07-03,P
9°A,27,2026-07-28,P
9°A,27,2026-07-29,P
9°A,27,2026-07-30,P
9°A,27,2026-07-31,P
9°A,27,2026-08-03,F
9°A,27,2026-08-04,P
9°A,27,2026-08-05,P
9°A,27,2026-08-06,P
9°A,27,2026-08-07,F
9°A,27,2026-08-10,P
9°A,27,2026-08-11,F
9°A,27,2026-08-12,P
9°A,27,2026-08-13,F
9°A,27,2026-08-14,P
9°A,27,2026-08-17,P
9°A,27,2026-08-18,P
9°A,27,2026-08-19,P
9°A,27,2026-08-20,P
9°A,27,2026-08-21,P
9°A,27,2026-08-22,P
9°A,27,2026-08-24,P
9°A,27,2026-08-25,P
9°A,27,2026-08-26,F
9°A,27,2026-08-27,P
9°A,27,2026-08-28,F
9°A,27,2026-08-31,F
9°A,27,2026-08-01,P
9°A,28,2026-05-04,F
9°A,28,2026-05-05,P
9°A,28,2026-05-06,P
9°A,28,2026-05-07,P
9°A,28,2026-05-08,P
9°A,28,2026-05-11,P
9°A,28,2026-05-12,P
9°A,28,2026-05-13,P
9°A,28,2026-05-14,P
9°A,28,2026-05-15,F
9°A,28,2026-05-18,P
9°A,28,2026-05-19,P
9°A,28,2026-05-20,P
9°A,28,2026-05-21,P
9°A,28,2026-05-22,P
9°A,28,2026-05-25,P
9°A,28,2026-05-26,F
9°A,28,2026-05-27,P
9°A,28,2026-05-28,P
9°A,28,2026-05-29,P
9°A,28,2026-06-01,F
9°A,28,2026-06-02,P
9°A,28,2026-06-03,P
9°A,28,2026-06-08,P
9°A,28,2026-06-09,P
9°A,28,2026-06-10,P
9°A,28,2026-06-11,P
9°A,28,2026-06-12,P
9°A,28,2026-06-15,F
9°A,28,2026-06-16,P
9°A,28,2026-06-17,P
9°A,28,2026-06-18,P
9°A,28,2026-06-19,P
9°A,28,2026-06-22,P
9°A,28,2026-06-23,P
9°A,28,2026-06-24,P
9°A,28,2026-06-25,P
9°A,28,2026-06-26,F
9°A,28,2026-06-29,F
9°A,28,2026-06-30,P
9°A,28,2026-07-01,P
9°A,28,2026-07-02,P
9°A,28,2026-07-03,P
9°A,28,2026-07-28,F
9°A,28,2026-07-29,F
9°A,28,2026-07-30,F
9°A,28,2026-07-31,F
9°A,28,2026-08-03,P
9°A,28,2026-08-04,P
9°A,28,2026-08-05,P
9°A,28,2026-08-06,P
9°A,28,2026-08-07,F
9°A,28,2026-08-10,F
9°A,28,2026-08-11,P
9°A,28,2026-08-12,P
9°A,28,2026-08-13,F
9°A,28,2026-08-14,F
9°A,28,2026-08-17,P
9°A,28,2026-08-18,P
9°A,28,2026-08-19,F
9°A,28,2026-08-20,P
9°A,28,2026-08-21,P
9°A,28,2026-08-22,P
9°A,28,2026-08-24,P
9°A,28,2026-08-25,P
9°A,28,2026-08-26,P
9°A,28,2026-08-27,P
9°A,28,2026-08-28,F
9°A,28,2026-08-31,P
9°A,28,2026-08-01,P
9°A,29,2026-05-04,F
9°A,29,2026-05-05,P
9°A,29,2026-05-06,P
9°A,29,2026-05-07,P
9°A,29,2026-05-08,P
9°A,29,2026-05-11,P
9°A,29,2026-05-12,P
9°A,29,2026-05-13,P
9°A,29,2026-05-14,P
9°A,29,2026-05-15,P
9°A,29,2026-05-18,P
9°A,29,2026-05-19,P
9°A,29,2026-05-20,P
9°A,29,2026-05-21,P
9°A,29,2026-05-22,P
9°A,29,2026-05-25,P
9°A,29,2026-05-26,P
9°A,29,2026-05-27,P
9°A,29,2026-05-28,F
9°A,29,2026-05-29,P
9°A,29,2026-06-01,P
9°A,29,2026-06-02,P
9°A,29,2026-06-03,P
9°A,29,2026-06-08,P
9°A,29,2026-06-09,P
9°A,29,2026-06-10,P
9°A,29,2026-06-11,P
9°A,29,2026-06-12,P
9°A,29,2026-06-15,P
9°A,29,2026-06-16,P
9°A,29,2026-06-17,P
9°A,29,2026-06-18,P
9°A,29,2026-06-19,P
9°A,29,2026-06-22,P
9°A,29,2026-06-23,P
9°A,29,2026-06-24,P
9°A,29,2026-06-25,P
9°A,29,2026-06-26,P
9°A,29,2026-06-29,P
9°A,29,2026-06-30,P
9°A,29,2026-07-01,P
9°A,29,2026-07-02,P
9°A,29,2026-07-03,P
9°A,29,2026-07-28,P
9°A,29,2026-07-29,P
9°A,29,2026-07-30,P
9°A,29,2026-07-31,P
9°A,29,2026-08-03,P
9°A,29,2026-08-04,P
9°A,29,2026-08-05,P
9°A,29,2026-08-06,P
9°A,29,2026-08-07,F
9°A,29,2026-08-10,F
9°A,29,2026-08-11,P
9°A,29,2026-08-12,P
9°A,29,2026-08-13,P
9°A,29,2026-08-14,P
9°A,29,2026-08-17,P
9°A,29,2026-08-18,F
9°A,29,2026-08-19,P
9°A,29,2026-08-20,P
9°A,29,2026-08-21,P
9°A,29,2026-08-22,P
9°A,29,2026-08-24,P
9°A,29,2026-08-25,P
9°A,29,2026-08-26,P
9°A,29,2026-08-27,P
9°A,29,2026-08-28,P
9°A,29,2026-08-31,F
9°A,29,2026-08-01,P
9°A,30,2026-05-04,P
9°A,30,2026-05-05,F
9°A,30,2026-05-06,P
9°A,30,2026-05-07,P
9°A,30,2026-05-08,P
9°A,30,2026-05-11,F
9°A,30,2026-05-12,P
9°A,30,2026-05-13,P
9°A,30,2026-05-14,P
9°A,30,2026-05-15,F
9°A,30,2026-05-18,P
9°A,30,2026-05-19,P
9°A,30,2026-05-20,P
9°A,30,2026-05-21,P
9°A,30,2026-05-22,F
9°A,30,2026-05-25,F
9°A,30,2026-05-26,F
9°A,30,2026-05-27,P
9°A,30,2026-05-28,P
9°A,30,2026-05-29,P
9°A,30,2026-06-01,F
9°A,30,2026-06-02,P
9°A,30,2026-06-03,P
9°A,30,2026-06-08,P
9°A,30,2026-06-09,P
9°A,30,2026-06-10,F
9°A,30,2026-06-11,P
9°A,30,2026-06-12,F
9°A,30,2026-06-15,P
9°A,30,2026-06-16,P
9°A,30,2026-06-17,P
9°A,30,2026-06-18,P
9°A,30,2026-06-19,P
9°A,30,2026-06-22,P
9°A,30,2026-06-23,P
9°A,30,2026-06-24,P
9°A,30,2026-06-25,P
9°A,30,2026-06-26,F
9°A,30,2026-06-29,F
9°A,30,2026-06-30,P
9°A,30,2026-07-01,P
9°A,30,2026-07-02,P
9°A,30,2026-07-03,P
9°A,30,2026-07-28,P
9°A,30,2026-07-29,P
9°A,30,2026-07-30,F
9°A,30,2026-07-31,P
9°A,30,2026-08-03,P
9°A,30,2026-08-04,P
9°A,30,2026-08-05,P
9°A,30,2026-08-06,P
9°A,30,2026-08-07,P
9°A,30,2026-08-10,F
9°A,30,2026-08-11,P
9°A,30,2026-08-12,P
9°A,30,2026-08-13,P
9°A,30,2026-08-14,F
9°A,30,2026-08-17,P
9°A,30,2026-08-18,P
9°A,30,2026-08-19,P
9°A,30,2026-08-20,P
9°A,30,2026-08-21,P
9°A,30,2026-08-22,P
9°A,30,2026-08-24,F
9°A,30,2026-08-25,P
9°A,30,2026-08-26,P
9°A,30,2026-08-27,P
9°A,30,2026-08-28,F
9°A,30,2026-08-31,P
9°A,30,2026-08-01,P
9°A,31,2026-05-04,-
9°A,31,2026-05-05,-
9°A,31,2026-05-06,-
9°A,31,2026-05-07,-
9°A,31,2026-05-08,-
9°A,31,2026-05-11,-
9°A,31,2026-05-12,-
9°A,31,2026-05-13,-
9°A,31,2026-05-14,-
9°A,31,2026-05-15,-
9°A,31,2026-05-18,-
9°A,31,2026-05-19,-
9°A,31,2026-05-20,-
9°A,31,2026-05-21,-
9°A,31,2026-05-22,-
9°A,31,2026-05-25,-
9°A,31,2026-05-26,-
9°A,31,2026-05-27,-
9°A,31,2026-05-28,-
9°A,31,2026-05-29,-
9°A,31,2026-06-01,-
9°A,31,2026-06-02,-
9°A,31,2026-06-03,-
9°A,31,2026-06-08,-
9°A,31,2026-06-09,-
9°A,31,2026-06-10,-
9°A,31,2026-06-11,-
9°A,31,2026-06-12,-
9°A,31,2026-06-15,-
9°A,31,2026-06-16,-
9°A,31,2026-06-17,-
9°A,31,2026-06-18,-
9°A,31,2026-06-19,-
9°A,31,2026-06-22,-
9°A,31,2026-06-23,-
9°A,31,2026-06-24,-
9°A,31,2026-06-25,-
9°A,31,2026-06-26,-
9°A,31,2026-06-29,-
9°A,31,2026-06-30,-
9°A,31,2026-07-01,-
9°A,31,2026-07-02,-
9°A,31,2026-07-03,-
9°A,31,2026-07-28,P
9°A,31,2026-07-29,P
9°A,31,2026-07-30,P
9°A,31,2026-07-31,P
9°A,31,2026-08-03,P
9°A,31,2026-08-04,P
9°A,31,2026-08-05,P
9°A,31,2026-08-06,P
9°A,31,2026-08-07,P
9°A,31,2026-08-10,P
9°A,31,2026-08-11,P
9°A,31,2026-08-12,P
9°A,31,2026-08-13,P
9°A,31,2026-08-14,F
9°A,31,2026-08-17,P
9°A,31,2026-08-18,P
9°A,31,2026-08-19,P
9°A,31,2026-08-20,P
9°A,31,2026-08-21,P
9°A,31,2026-08-22,P
9°A,31,2026-08-24,P
9°A,31,2026-08-25,P
9°A,31,2026-08-26,P
9°A,31,2026-08-27,P
9°A,31,2026-08-28,P
9°A,31,2026-08-31,P
9°A,31,2026-08-01,F
9°B,2,2026-05-04,P
9°B,2,2026-05-05,P
9°B,2,2026-05-06,P
9°B,2,2026-05-07,P
9°B,2,2026-05-08,P
9°B,2,2026-05-11,P
9°B,2,2026-05-12,P
9°B,2,2026-05-13,F
9°B,2,2026-05-14,P
9°B,2,2026-05-15,P
9°B,2,2026-05-18,P
9°B,2,2026-05-19,P
9°B,2,2026-05-20,F
9°B,2,2026-05-21,P
9°B,2,2026-05-22,F
9°B,2,2026-05-25,P
9°B,2,2026-05-26,P
9°B,2,2026-05-27,P
9°B,2,2026-05-28,P
9°B,2,2026-05-29,P
9°B,2,2026-06-01,P
9°B,2,2026-06-02,P
9°B,2,2026-06-03,P
9°B,2,2026-06-08,P
9°B,2,2026-06-09,P
9°B,2,2026-06-10,P
9°B,2,2026-06-11,P
9°B,2,2026-06-12,P
9°B,2,2026-06-15,P
9°B,2,2026-06-16,P
9°B,2,2026-06-17,P
9°B,2,2026-06-18,P
9°B,2,2026-06-19,P
9°B,2,2026-06-22,P
9°B,2,2026-06-23,P
9°B,2,2026-06-24,F
9°B,2,2026-06-25,P
9°B,2,2026-06-26,P
9°B,2,2026-06-29,P
9°B,2,2026-06-30,F
9°B,2,2026-07-01,F
9°B,2,2026-07-02,F
9°B,2,2026-07-03,P
9°B,2,2026-07-28,P
9°B,2,2026-07-29,P
9°B,2,2026-07-30,F
9°B,2,2026-07-31,F
9°B,2,2026-08-03,P
9°B,2,2026-08-04,P
9°B,2,2026-08-05,P
9°B,2,2026-08-06,P
9°B,2,2026-08-07,F
9°B,2,2026-08-10,P
9°B,2,2026-08-11,P
9°B,2,2026-08-12,P
9°B,2,2026-08-13,P
9°B,2,2026-08-14,P
9°B,2,2026-08-17,P
9°B,2,2026-08-18,P
9°B,2,2026-08-19,P
9°B,2,2026-08-20,P
9°B,2,2026-08-21,P
9°B,2,2026-08-22,P
9°B,2,2026-08-24,F
9°B,2,2026-08-25,P
9°B,2,2026-08-26,P
9°B,2,2026-08-27,P
9°B,2,2026-08-28,P
9°B,2,2026-08-31,F
9°B,2,2026-08-01,P
9°B,3,2026-05-04,P
9°B,3,2026-05-05,P
9°B,3,2026-05-06,P
9°B,3,2026-05-07,P
9°B,3,2026-05-08,P
9°B,3,2026-05-11,P
9°B,3,2026-05-12,P
9°B,3,2026-05-13,P
9°B,3,2026-05-14,P
9°B,3,2026-05-15,F
9°B,3,2026-05-18,P
9°B,3,2026-05-19,P
9°B,3,2026-05-20,P
9°B,3,2026-05-21,P
9°B,3,2026-05-22,P
9°B,3,2026-05-25,P
9°B,3,2026-05-26,P
9°B,3,2026-05-27,P
9°B,3,2026-05-28,P
9°B,3,2026-05-29,P
9°B,3,2026-06-01,P
9°B,3,2026-06-02,P
9°B,3,2026-06-03,P
9°B,3,2026-06-08,P
9°B,3,2026-06-09,P
9°B,3,2026-06-10,P
9°B,3,2026-06-11,P
9°B,3,2026-06-12,F
9°B,3,2026-06-15,P
9°B,3,2026-06-16,P
9°B,3,2026-06-17,P
9°B,3,2026-06-18,P
9°B,3,2026-06-19,P
9°B,3,2026-06-22,P
9°B,3,2026-06-23,P
9°B,3,2026-06-24,F
9°B,3,2026-06-25,P
9°B,3,2026-06-26,P
9°B,3,2026-06-29,P
9°B,3,2026-06-30,F
9°B,3,2026-07-01,F
9°B,3,2026-07-02,F
9°B,3,2026-07-03,P
9°B,3,2026-07-28,F
9°B,3,2026-07-29,F
9°B,3,2026-07-30,F
9°B,3,2026-07-31,F
9°B,3,2026-08-03,P
9°B,3,2026-08-04,P
9°B,3,2026-08-05,P
9°B,3,2026-08-06,P
9°B,3,2026-08-07,P
9°B,3,2026-08-10,P
9°B,3,2026-08-11,P
9°B,3,2026-08-12,P
9°B,3,2026-08-13,P
9°B,3,2026-08-14,F
9°B,3,2026-08-17,P
9°B,3,2026-08-18,P
9°B,3,2026-08-19,P
9°B,3,2026-08-20,P
9°B,3,2026-08-21,P
9°B,3,2026-08-22,P
9°B,3,2026-08-24,P
9°B,3,2026-08-25,P
9°B,3,2026-08-26,P
9°B,3,2026-08-27,P
9°B,3,2026-08-28,P
9°B,3,2026-08-31,P
9°B,3,2026-08-01,P
9°B,4,2026-05-04,P
9°B,4,2026-05-05,P
9°B,4,2026-05-06,P
9°B,4,2026-05-07,P
9°B,4,2026-05-08,P
9°B,4,2026-05-11,P
9°B,4,2026-05-12,P
9°B,4,2026-05-13,P
9°B,4,2026-05-14,P
9°B,4,2026-05-15,P
9°B,4,2026-05-18,P
9°B,4,2026-05-19,P
9°B,4,2026-05-20,P
9°B,4,2026-05-21,P
9°B,4,2026-05-22,P
9°B,4,2026-05-25,P
9°B,4,2026-05-26,P
9°B,4,2026-05-27,P
9°B,4,2026-05-28,P
9°B,4,2026-05-29,F
9°B,4,2026-06-01,P
9°B,4,2026-06-02,P
9°B,4,2026-06-03,P
9°B,4,2026-06-08,P
9°B,4,2026-06-09,P
9°B,4,2026-06-10,P
9°B,4,2026-06-11,P
9°B,4,2026-06-12,P
9°B,4,2026-06-15,P
9°B,4,2026-06-16,P
9°B,4,2026-06-17,P
9°B,4,2026-06-18,P
9°B,4,2026-06-19,P
9°B,4,2026-06-22,P
9°B,4,2026-06-23,F
9°B,4,2026-06-24,F
9°B,4,2026-06-25,P
9°B,4,2026-06-26,P
9°B,4,2026-06-29,P
9°B,4,2026-06-30,P
9°B,4,2026-07-01,F
9°B,4,2026-07-02,F
9°B,4,2026-07-03,P
9°B,4,2026-07-28,P
9°B,4,2026-07-29,P
9°B,4,2026-07-30,P
9°B,4,2026-07-31,P
9°B,4,2026-08-03,P
9°B,4,2026-08-04,P
9°B,4,2026-08-05,P
9°B,4,2026-08-06,P
9°B,4,2026-08-07,P
9°B,4,2026-08-10,P
9°B,4,2026-08-11,P
9°B,4,2026-08-12,P
9°B,4,2026-08-13,P
9°B,4,2026-08-14,F
9°B,4,2026-08-17,P
9°B,4,2026-08-18,P
9°B,4,2026-08-19,P
9°B,4,2026-08-20,P
9°B,4,2026-08-21,P
9°B,4,2026-08-22,P
9°B,4,2026-08-24,P
9°B,4,2026-08-25,P
9°B,4,2026-08-26,P
9°B,4,2026-08-27,P
9°B,4,2026-08-28,P
9°B,4,2026-08-31,P
9°B,4,2026-08-01,F
9°B,5,2026-05-04,P
9°B,5,2026-05-05,P
9°B,5,2026-05-06,P
9°B,5,2026-05-07,P
9°B,5,2026-05-08,F
9°B,5,2026-05-11,P
9°B,5,2026-05-12,P
9°B,5,2026-05-13,P
9°B,5,2026-05-14,P
9°B,5,2026-05-15,F
9°B,5,2026-05-18,P
9°B,5,2026-05-19,P
9°B,5,2026-05-20,P
9°B,5,2026-05-21,P
9°B,5,2026-05-22,P
9°B,5,2026-05-25,P
9°B,5,2026-05-26,P
9°B,5,2026-05-27,P
9°B,5,2026-05-28,P
9°B,5,2026-05-29,P
9°B,5,2026-06-01,P
9°B,5,2026-06-02,P
9°B,5,2026-06-03,F
9°B,5,2026-06-08,P
9°B,5,2026-06-09,P
9°B,5,2026-06-10,P
9°B,5,2026-06-11,P
9°B,5,2026-06-12,P
9°B,5,2026-06-15,F
9°B,5,2026-06-16,P
9°B,5,2026-06-17,P
9°B,5,2026-06-18,P
9°B,5,2026-06-19,F
9°B,5,2026-06-22,F
9°B,5,2026-06-23,P
9°B,5,2026-06-24,F
9°B,5,2026-06-25,P
9°B,5,2026-06-26,P
9°B,5,2026-06-29,P
9°B,5,2026-06-30,F
9°B,5,2026-07-01,F
9°B,5,2026-07-02,F
9°B,5,2026-07-03,P
9°B,5,2026-07-28,F
9°B,5,2026-07-29,P
9°B,5,2026-07-30,P
9°B,5,2026-07-31,P
9°B,5,2026-08-03,P
9°B,5,2026-08-04,F
9°B,5,2026-08-05,P
9°B,5,2026-08-06,F
9°B,5,2026-08-07,F
9°B,5,2026-08-10,P
9°B,5,2026-08-11,F
9°B,5,2026-08-12,P
9°B,5,2026-08-13,P
9°B,5,2026-08-14,F
9°B,5,2026-08-17,P
9°B,5,2026-08-18,P
9°B,5,2026-08-19,P
9°B,5,2026-08-20,P
9°B,5,2026-08-21,P
9°B,5,2026-08-22,P
9°B,5,2026-08-24,P
9°B,5,2026-08-25,P
9°B,5,2026-08-26,P
9°B,5,2026-08-27,P
9°B,5,2026-08-28,P
9°B,5,2026-08-31,P
9°B,5,2026-08-01,P
9°B,6,2026-05-04,-
9°B,6,2026-05-05,-
9°B,6,2026-05-06,-
9°B,6,2026-05-07,-
9°B,6,2026-05-08,-
9°B,6,2026-05-11,-
9°B,6,2026-05-12,-
9°B,6,2026-05-13,-
9°B,6,2026-05-14,-
9°B,6,2026-05-15,-
9°B,6,2026-05-18,-
9°B,6,2026-05-19,-
9°B,6,2026-05-20,-
9°B,6,2026-05-21,-
9°B,6,2026-05-22,-
9°B,6,2026-05-25,-
9°B,6,2026-05-26,-
9°B,6,2026-05-28,-
9°B,6,2026-05-29,-
9°B,6,2026-06-01,-
9°B,6,2026-06-02,-
9°B,6,2026-06-03,-
9°B,6,2026-06-08,-
9°B,6,2026-06-09,-
9°B,6,2026-06-10,-
9°B,6,2026-06-11,-
9°B,6,2026-06-12,-
9°B,6,2026-06-15,-
9°B,6,2026-06-16,-
9°B,6,2026-06-17,-
9°B,6,2026-06-18,-
9°B,6,2026-06-19,-
9°B,6,2026-06-22,-
9°B,6,2026-06-23,-
9°B,6,2026-06-24,-
9°B,6,2026-06-25,-
9°B,6,2026-06-26,-
9°B,6,2026-06-29,-
9°B,6,2026-06-30,-
9°B,6,2026-07-01,-
9°B,6,2026-07-02,-
9°B,6,2026-07-03,-
9°B,6,2026-07-28,-
9°B,6,2026-07-29,-
9°B,6,2026-07-30,-
9°B,6,2026-07-31,-
9°B,6,2026-08-03,-
9°B,6,2026-08-04,-
9°B,6,2026-08-05,-
9°B,6,2026-08-06,-
9°B,6,2026-08-07,-
9°B,6,2026-08-10,-
9°B,6,2026-08-11,-
9°B,6,2026-08-12,-
9°B,6,2026-08-13,-
9°B,6,2026-08-14,-
9°B,6,2026-08-17,-
9°B,6,2026-08-18,-
9°B,6,2026-08-19,-
9°B,6,2026-08-20,-
9°B,6,2026-08-21,-
9°B,6,2026-08-22,-
9°B,6,2026-08-24,-
9°B,6,2026-08-25,-
9°B,6,2026-08-26,-
9°B,6,2026-08-27,-
9°B,6,2026-08-28,-
9°B,6,2026-08-31,-
9°B,7,2026-05-04,P
9°B,7,2026-05-05,P
9°B,7,2026-05-06,P
9°B,7,2026-05-07,P
9°B,7,2026-05-08,P
9°B,7,2026-05-11,P
9°B,7,2026-05-12,P
9°B,7,2026-05-13,P
9°B,7,2026-05-14,P
9°B,7,2026-05-15,F
9°B,7,2026-05-18,P
9°B,7,2026-05-19,P
9°B,7,2026-05-20,P
9°B,7,2026-05-21,P
9°B,7,2026-05-22,P
9°B,7,2026-05-25,P
9°B,7,2026-05-26,P
9°B,7,2026-05-27,P
9°B,7,2026-05-28,P
9°B,7,2026-05-29,F
9°B,7,2026-06-01,P
9°B,7,2026-06-02,P
9°B,7,2026-06-03,P
9°B,7,2026-06-08,F
9°B,7,2026-06-09,P
9°B,7,2026-06-10,P
9°B,7,2026-06-11,P
9°B,7,2026-06-12,P
9°B,7,2026-06-15,P
9°B,7,2026-06-16,P
9°B,7,2026-06-17,P
9°B,7,2026-06-18,P
9°B,7,2026-06-19,F
9°B,7,2026-06-22,P
9°B,7,2026-06-23,P
9°B,7,2026-06-24,F
9°B,7,2026-06-25,P
9°B,7,2026-06-26,P
9°B,7,2026-06-29,F
9°B,7,2026-06-30,P
9°B,7,2026-07-01,F
9°B,7,2026-07-02,F
9°B,7,2026-07-03,P
9°B,7,2026-07-28,P
9°B,7,2026-07-29,F
9°B,7,2026-07-30,P
9°B,7,2026-07-31,P
9°B,7,2026-08-03,P
9°B,7,2026-08-04,P
9°B,7,2026-08-05,P
9°B,7,2026-08-06,P
9°B,7,2026-08-07,F
9°B,7,2026-08-10,P
9°B,7,2026-08-11,P
9°B,7,2026-08-12,P
9°B,7,2026-08-13,F
9°B,7,2026-08-14,P
9°B,7,2026-08-17,P
9°B,7,2026-08-18,P
9°B,7,2026-08-19,P
9°B,7,2026-08-20,F
9°B,7,2026-08-21,P
9°B,7,2026-08-22,P
9°B,7,2026-08-24,F
9°B,7,2026-08-25,P
9°B,7,2026-08-26,P
9°B,7,2026-08-27,P
9°B,7,2026-08-28,F
9°B,7,2026-08-31,F
9°B,7,2026-08-01,F
9°B,8,2026-05-04,P
9°B,8,2026-05-05,P
9°B,8,2026-05-06,P
9°B,8,2026-05-07,P
9°B,8,2026-05-08,P
9°B,8,2026-05-11,P
9°B,8,2026-05-12,P
9°B,8,2026-05-13,P
9°B,8,2026-05-14,F
9°B,8,2026-05-15,P
9°B,8,2026-05-18,P
9°B,8,2026-05-19,P
9°B,8,2026-05-20,P
9°B,8,2026-05-21,P
9°B,8,2026-05-22,P
9°B,8,2026-05-25,P
9°B,8,2026-05-26,P
9°B,8,2026-05-27,P
9°B,8,2026-05-28,F
9°B,8,2026-05-29,F
9°B,8,2026-06-01,P
9°B,8,2026-06-02,P
9°B,8,2026-06-03,P
9°B,8,2026-06-08,P
9°B,8,2026-06-09,P
9°B,8,2026-06-10,P
9°B,8,2026-06-11,P
9°B,8,2026-06-12,P
9°B,8,2026-06-15,P
9°B,8,2026-06-16,F
9°B,8,2026-06-17,P
9°B,8,2026-06-18,P
9°B,8,2026-06-19,P
9°B,8,2026-06-22,P
9°B,8,2026-06-23,P
9°B,8,2026-06-24,F
9°B,8,2026-06-25,P
9°B,8,2026-06-26,P
9°B,8,2026-06-29,P
9°B,8,2026-06-30,F
9°B,8,2026-07-01,F
9°B,8,2026-07-02,F
9°B,8,2026-07-03,P
9°B,8,2026-07-28,F
9°B,8,2026-07-29,P
9°B,8,2026-07-30,P
9°B,8,2026-07-31,F
9°B,8,2026-08-03,P
9°B,8,2026-08-04,P
9°B,8,2026-08-05,P
9°B,8,2026-08-06,F
9°B,8,2026-08-07,F
9°B,8,2026-08-10,P
9°B,8,2026-08-11,P
9°B,8,2026-08-12,P
9°B,8,2026-08-13,P
9°B,8,2026-08-14,F
9°B,8,2026-08-17,P
9°B,8,2026-08-18,P
9°B,8,2026-08-19,P
9°B,8,2026-08-20,P
9°B,8,2026-08-21,P
9°B,8,2026-08-22,P
9°B,8,2026-08-24,P
9°B,8,2026-08-25,P
9°B,8,2026-08-26,P
9°B,8,2026-08-27,P
9°B,8,2026-08-28,P
9°B,8,2026-08-31,F
9°B,8,2026-08-01,P
9°B,9,2026-05-04,P
9°B,9,2026-05-05,F
9°B,9,2026-05-06,P
9°B,9,2026-05-07,P
9°B,9,2026-05-08,P
9°B,9,2026-05-11,P
9°B,9,2026-05-12,P
9°B,9,2026-05-13,F
9°B,9,2026-05-14,P
9°B,9,2026-05-15,P
9°B,9,2026-05-18,F
9°B,9,2026-05-19,P
9°B,9,2026-05-20,F
9°B,9,2026-05-21,P
9°B,9,2026-05-22,P
9°B,9,2026-05-25,P
9°B,9,2026-05-26,P
9°B,9,2026-05-27,F
9°B,9,2026-05-28,P
9°B,9,2026-05-29,P
9°B,9,2026-06-01,P
9°B,9,2026-06-02,P
9°B,9,2026-06-03,F
9°B,9,2026-06-08,P
9°B,9,2026-06-09,P
9°B,9,2026-06-10,P
9°B,9,2026-06-11,F
9°B,9,2026-06-12,P
9°B,9,2026-06-15,P
9°B,9,2026-06-16,P
9°B,9,2026-06-17,F
9°B,9,2026-06-18,P
9°B,9,2026-06-19,P
9°B,9,2026-06-22,P
9°B,9,2026-06-23,P
9°B,9,2026-06-24,F
9°B,9,2026-06-25,P
9°B,9,2026-06-26,P
9°B,9,2026-06-29,F
9°B,9,2026-06-30,P
9°B,9,2026-07-01,P
9°B,9,2026-07-02,F
9°B,9,2026-07-03,P
9°B,9,2026-07-28,P
9°B,9,2026-07-29,P
9°B,9,2026-07-30,F
9°B,9,2026-07-31,P
9°B,9,2026-08-03,P
9°B,9,2026-08-04,P
9°B,9,2026-08-05,P
9°B,9,2026-08-06,F
9°B,9,2026-08-07,P
9°B,9,2026-08-10,F
9°B,9,2026-08-11,P
9°B,9,2026-08-12,P
9°B,9,2026-08-13,P
9°B,9,2026-08-14,P
9°B,9,2026-08-17,F
9°B,9,2026-08-18,P
9°B,9,2026-08-19,P
9°B,9,2026-08-20,F
9°B,9,2026-08-21,P
9°B,9,2026-08-22,P
9°B,9,2026-08-24,P
9°B,9,2026-08-25,P
9°B,9,2026-08-26,P
9°B,9,2026-08-27,P
9°B,9,2026-08-28,P
9°B,9,2026-08-31,P
9°B,9,2026-08-01,P
9°B,10,2026-05-04,P
9°B,10,2026-05-05,P
9°B,10,2026-05-06,P
9°B,10,2026-05-07,P
9°B,10,2026-05-08,P
9°B,10,2026-05-11,P
9°B,10,2026-05-12,P
9°B,10,2026-05-13,P
9°B,10,2026-05-14,P
9°B,10,2026-05-15,P
9°B,10,2026-05-18,P
9°B,10,2026-05-19,F
9°B,10,2026-05-20,P
9°B,10,2026-05-21,P
9°B,10,2026-05-22,P
9°B,10,2026-05-25,P
9°B,10,2026-05-26,P
9°B,10,2026-05-27,P
9°B,10,2026-05-28,P
9°B,10,2026-05-29,P
9°B,10,2026-06-01,F
9°B,10,2026-06-02,P
9°B,10,2026-06-03,P
9°B,10,2026-06-08,P
9°B,10,2026-06-09,P
9°B,10,2026-06-10,P
9°B,10,2026-06-11,P
9°B,10,2026-06-12,P
9°B,10,2026-06-15,P
9°B,10,2026-06-16,P
9°B,10,2026-06-17,P
9°B,10,2026-06-18,P
9°B,10,2026-06-19,P
9°B,10,2026-06-22,P
9°B,10,2026-06-23,P
9°B,10,2026-06-24,F
9°B,10,2026-06-25,P
9°B,10,2026-06-26,P
9°B,10,2026-06-29,P
9°B,10,2026-06-30,P
9°B,10,2026-07-01,P
9°B,10,2026-07-02,F
9°B,10,2026-07-03,P
9°B,10,2026-07-28,P
9°B,10,2026-07-29,P
9°B,10,2026-07-30,P
9°B,10,2026-07-31,P
9°B,10,2026-08-03,P
9°B,10,2026-08-04,P
9°B,10,2026-08-05,P
9°B,10,2026-08-06,P
9°B,10,2026-08-07,F
9°B,10,2026-08-10,F
9°B,10,2026-08-11,P
9°B,10,2026-08-12,P
9°B,10,2026-08-13,P
9°B,10,2026-08-14,F
9°B,10,2026-08-17,P
9°B,10,2026-08-18,P
9°B,10,2026-08-19,P
9°B,10,2026-08-20,P
9°B,10,2026-08-21,P
9°B,10,2026-08-22,P
9°B,10,2026-08-24,P
9°B,10,2026-08-25,P
9°B,10,2026-08-26,P
9°B,10,2026-08-27,P
9°B,10,2026-08-28,P
9°B,10,2026-08-31,P
9°B,10,2026-08-01,P
9°B,11,2026-05-04,P
9°B,11,2026-05-05,P
9°B,11,2026-05-06,P
9°B,11,2026-05-07,P
9°B,11,2026-05-08,P
9°B,11,2026-05-11,P
9°B,11,2026-05-12,P
9°B,11,2026-05-13,P
9°B,11,2026-05-14,P
9°B,11,2026-05-15,P
9°B,11,2026-05-18,P
9°B,11,2026-05-19,P
9°B,11,2026-05-20,P
9°B,11,2026-05-21,P
9°B,11,2026-05-22,P
9°B,11,2026-05-25,P
9°B,11,2026-05-26,P
9°B,11,2026-05-27,P
9°B,11,2026-05-28,P
9°B,11,2026-05-29,P
9°B,11,2026-06-01,P
9°B,11,2026-06-02,P
9°B,11,2026-06-03,P
9°B,11,2026-06-08,P
9°B,11,2026-06-09,P
9°B,11,2026-06-10,P
9°B,11,2026-06-11,F
9°B,11,2026-06-12,P
9°B,11,2026-06-15,P
9°B,11,2026-06-16,P
9°B,11,2026-06-17,P
9°B,11,2026-06-18,P
9°B,11,2026-06-19,P
9°B,11,2026-06-22,P
9°B,11,2026-06-23,P
9°B,11,2026-06-24,P
9°B,11,2026-06-25,P
9°B,11,2026-06-26,P
9°B,11,2026-06-29,P
9°B,11,2026-06-30,P
9°B,11,2026-07-01,F
9°B,11,2026-07-02,F
9°B,11,2026-07-03,P
9°B,11,2026-07-28,F
9°B,11,2026-07-29,F
9°B,11,2026-07-30,F
9°B,11,2026-07-31,F
9°B,11,2026-08-03,P
9°B,11,2026-08-04,F
9°B,11,2026-08-05,P
9°B,11,2026-08-06,P
9°B,11,2026-08-07,F
9°B,11,2026-08-10,P
9°B,11,2026-08-11,P
9°B,11,2026-08-12,P
9°B,11,2026-08-13,P
9°B,11,2026-08-14,F
9°B,11,2026-08-17,F
9°B,11,2026-08-18,P
9°B,11,2026-08-19,P
9°B,11,2026-08-20,P
9°B,11,2026-08-21,P
9°B,11,2026-08-22,P
9°B,11,2026-08-24,P
9°B,11,2026-08-25,F
9°B,11,2026-08-26,P
9°B,11,2026-08-27,P
9°B,11,2026-08-28,P
9°B,11,2026-08-31,P
9°B,11,2026-08-01,P
9°B,12,2026-05-04,P
9°B,12,2026-05-05,P
9°B,12,2026-05-06,P
9°B,12,2026-05-07,P
9°B,12,2026-05-08,P
9°B,12,2026-05-11,P
9°B,12,2026-05-12,P
9°B,12,2026-05-13,P
9°B,12,2026-05-14,P
9°B,12,2026-05-15,P
9°B,12,2026-05-18,P
9°B,12,2026-05-19,P
9°B,12,2026-05-20,P
9°B,12,2026-05-21,P
9°B,12,2026-05-22,P
9°B,12,2026-05-25,P
9°B,12,2026-05-26,P
9°B,12,2026-05-27,P
9°B,12,2026-05-28,P
9°B,12,2026-05-29,P
9°B,12,2026-06-01,P
9°B,12,2026-06-02,P
9°B,12,2026-06-03,P
9°B,12,2026-06-08,P
9°B,12,2026-06-09,P
9°B,12,2026-06-10,P
9°B,12,2026-06-11,P
9°B,12,2026-06-12,P
9°B,12,2026-06-15,P
9°B,12,2026-06-16,P
9°B,12,2026-06-17,P
9°B,12,2026-06-18,P
9°B,12,2026-06-19,P
9°B,12,2026-06-22,P
9°B,12,2026-06-23,P
9°B,12,2026-06-24,P
9°B,12,2026-06-25,P
9°B,12,2026-06-26,P
9°B,12,2026-06-29,P
9°B,12,2026-06-30,P
9°B,12,2026-07-01,F
9°B,12,2026-07-02,F
9°B,12,2026-07-03,P
9°B,12,2026-07-28,P
9°B,12,2026-07-29,P
9°B,12,2026-07-30,P
9°B,12,2026-07-31,P
9°B,12,2026-08-03,P
9°B,12,2026-08-04,P
9°B,12,2026-08-05,P
9°B,12,2026-08-06,P
9°B,12,2026-08-07,F
9°B,12,2026-08-10,P
9°B,12,2026-08-11,P
9°B,12,2026-08-12,P
9°B,12,2026-08-13,P
9°B,12,2026-08-14,F
9°B,12,2026-08-17,P
9°B,12,2026-08-18,P
9°B,12,2026-08-19,P
9°B,12,2026-08-20,P
9°B,12,2026-08-21,P
9°B,12,2026-08-22,P
9°B,12,2026-08-24,P
9°B,12,2026-08-25,P
9°B,12,2026-08-26,P
9°B,12,2026-08-27,P
9°B,12,2026-08-28,P
9°B,12,2026-08-31,P
9°B,12,2026-08-01,F
9°B,13,2026-05-04,P
9°B,13,2026-05-05,F
9°B,13,2026-05-06,P
9°B,13,2026-05-07,P
9°B,13,2026-05-08,P
9°B,13,2026-05-11,P
9°B,13,2026-05-12,P
9°B,13,2026-05-13,P
9°B,13,2026-05-14,P
9°B,13,2026-05-15,P
9°B,13,2026-05-18,P
9°B,13,2026-05-19,P
9°B,13,2026-05-20,P
9°B,13,2026-05-21,P
9°B,13,2026-05-22,P
9°B,13,2026-05-25,P
9°B,13,2026-05-26,P
9°B,13,2026-05-27,P
9°B,13,2026-05-28,P
9°B,13,2026-05-29,P
9°B,13,2026-06-01,F
9°B,13,2026-06-02,P
9°B,13,2026-06-03,F
9°B,13,2026-06-08,P
9°B,13,2026-06-09,P
9°B,13,2026-06-10,P
9°B,13,2026-06-11,F
9°B,13,2026-06-12,P
9°B,13,2026-06-15,P
9°B,13,2026-06-16,P
9°B,13,2026-06-17,P
9°B,13,2026-06-18,P
9°B,13,2026-06-19,P
9°B,13,2026-06-22,P
9°B,13,2026-06-23,P
9°B,13,2026-06-24,F
9°B,13,2026-06-25,P
9°B,13,2026-06-26,P
9°B,13,2026-06-29,P
9°B,13,2026-06-30,P
9°B,13,2026-07-01,F
9°B,13,2026-07-02,F
9°B,13,2026-07-03,P
9°B,13,2026-07-28,P
9°B,13,2026-07-29,P
9°B,13,2026-07-30,F
9°B,13,2026-07-31,P
9°B,13,2026-08-03,P
9°B,13,2026-08-04,P
9°B,13,2026-08-05,P
9°B,13,2026-08-06,F
9°B,13,2026-08-07,P
9°B,13,2026-08-10,F
9°B,13,2026-08-11,P
9°B,13,2026-08-12,P
9°B,13,2026-08-13,F
9°B,13,2026-08-14,P
9°B,13,2026-08-17,P
9°B,13,2026-08-18,P
9°B,13,2026-08-19,P
9°B,13,2026-08-20,P
9°B,13,2026-08-21,P
9°B,13,2026-08-22,P
9°B,13,2026-08-24,P
9°B,13,2026-08-25,P
9°B,13,2026-08-26,P
9°B,13,2026-08-27,P
9°B,13,2026-08-28,P
9°B,13,2026-08-31,F
9°B,13,2026-08-01,P
9°B,14,2026-05-04,P
9°B,14,2026-05-05,P
9°B,14,2026-05-06,P
9°B,14,2026-05-07,P
9°B,14,2026-05-08,P
9°B,14,2026-05-11,P
9°B,14,2026-05-12,P
9°B,14,2026-05-13,P
9°B,14,2026-05-14,P
9°B,14,2026-05-15,F
9°B,14,2026-05-18,P
9°B,14,2026-05-19,P
9°B,14,2026-05-20,P
9°B,14,2026-05-21,P
9°B,14,2026-05-22,F
9°B,14,2026-05-25,P
9°B,14,2026-05-26,P
9°B,14,2026-05-27,P
9°B,14,2026-05-28,F
9°B,14,2026-05-29,F
9°B,14,2026-06-01,P
9°B,14,2026-06-02,F
9°B,14,2026-06-03,F
9°B,14,2026-06-08,P
9°B,14,2026-06-09,P
9°B,14,2026-06-10,P
9°B,14,2026-06-11,P
9°B,14,2026-06-12,P
9°B,14,2026-06-15,P
9°B,14,2026-06-16,P
9°B,14,2026-06-17,P
9°B,14,2026-06-18,P
9°B,14,2026-06-19,P
9°B,14,2026-06-22,P
9°B,14,2026-06-23,P
9°B,14,2026-06-24,F
9°B,14,2026-06-25,P
9°B,14,2026-06-26,P
9°B,14,2026-06-29,P
9°B,14,2026-06-30,F
9°B,14,2026-07-01,F
9°B,14,2026-07-02,F
9°B,14,2026-07-03,P
9°B,14,2026-07-28,F
9°B,14,2026-07-29,F
9°B,14,2026-07-30,F
9°B,14,2026-07-31,F
9°B,14,2026-08-03,P
9°B,14,2026-08-04,F
9°B,14,2026-08-05,P
9°B,14,2026-08-06,P
9°B,14,2026-08-07,F
9°B,14,2026-08-10,F
9°B,14,2026-08-11,P
9°B,14,2026-08-12,P
9°B,14,2026-08-13,F
9°B,14,2026-08-14,F
9°B,14,2026-08-17,P
9°B,14,2026-08-18,F
9°B,14,2026-08-19,P
9°B,14,2026-08-20,F
9°B,14,2026-08-21,P
9°B,14,2026-08-22,P
9°B,14,2026-08-24,P
9°B,14,2026-08-25,F
9°B,14,2026-08-26,P
9°B,14,2026-08-27,P
9°B,14,2026-08-28,P
9°B,14,2026-08-31,F
9°B,14,2026-08-01,F
9°B,15,2026-05-04,P
9°B,15,2026-05-05,P
9°B,15,2026-05-06,P
9°B,15,2026-05-07,P
9°B,15,2026-05-08,P
9°B,15,2026-05-11,F
9°B,15,2026-05-12,P
9°B,15,2026-05-13,P
9°B,15,2026-05-14,P
9°B,15,2026-05-15,P
9°B,15,2026-05-18,P
9°B,15,2026-05-19,P
9°B,15,2026-05-20,F
9°B,15,2026-05-21,P
9°B,15,2026-05-22,P
9°B,15,2026-05-25,F
9°B,15,2026-05-26,P
9°B,15,2026-05-27,P
9°B,15,2026-05-28,P
9°B,15,2026-05-29,P
9°B,15,2026-06-01,F
9°B,15,2026-06-02,P
9°B,15,2026-06-03,F
9°B,15,2026-06-08,P
9°B,15,2026-06-09,P
9°B,15,2026-06-10,P
9°B,15,2026-06-11,P
9°B,15,2026-06-12,F
9°B,15,2026-06-15,P
9°B,15,2026-06-16,P
9°B,15,2026-06-17,F
9°B,15,2026-06-18,P
9°B,15,2026-06-19,P
9°B,15,2026-06-22,F
9°B,15,2026-06-23,P
9°B,15,2026-06-24,F
9°B,15,2026-06-25,P
9°B,15,2026-06-26,P
9°B,15,2026-06-29,P
9°B,15,2026-06-30,P
9°B,15,2026-07-01,F
9°B,15,2026-07-02,F
9°B,15,2026-07-03,P
9°B,15,2026-07-28,P
9°B,15,2026-07-29,P
9°B,15,2026-07-30,F
9°B,15,2026-07-31,P
9°B,15,2026-08-03,P
9°B,15,2026-08-04,P
9°B,15,2026-08-05,P
9°B,15,2026-08-06,P
9°B,15,2026-08-07,F
9°B,15,2026-08-10,P
9°B,15,2026-08-11,P
9°B,15,2026-08-12,P
9°B,15,2026-08-13,P
9°B,15,2026-08-14,F
9°B,15,2026-08-17,P
9°B,15,2026-08-18,P
9°B,15,2026-08-19,P
9°B,15,2026-08-20,P
9°B,15,2026-08-21,F
9°B,15,2026-08-22,P
9°B,15,2026-08-24,P
9°B,15,2026-08-25,P
9°B,15,2026-08-26,P
9°B,15,2026-08-27,P
9°B,15,2026-08-28,P
9°B,15,2026-08-31,P
9°B,15,2026-08-01,P
9°B,16,2026-05-04,P
9°B,16,2026-05-05,F
9°B,16,2026-05-06,P
9°B,16,2026-05-07,P
9°B,16,2026-05-08,P
9°B,16,2026-05-11,P
9°B,16,2026-05-12,P
9°B,16,2026-05-13,P
9°B,16,2026-05-14,P
9°B,16,2026-05-15,P
9°B,16,2026-05-18,P
9°B,16,2026-05-19,P
9°B,16,2026-05-20,P
9°B,16,2026-05-21,P
9°B,16,2026-05-22,P
9°B,16,2026-05-25,P
9°B,16,2026-05-26,P
9°B,16,2026-05-27,P
9°B,16,2026-05-28,P
9°B,16,2026-05-29,P
9°B,16,2026-06-01,P
9°B,16,2026-06-02,P
9°B,16,2026-06-03,P
9°B,16,2026-06-08,P
9°B,16,2026-06-09,P
9°B,16,2026-06-10,P
9°B,16,2026-06-11,P
9°B,16,2026-06-12,P
9°B,16,2026-06-15,P
9°B,16,2026-06-16,F
9°B,16,2026-06-17,F
9°B,16,2026-06-18,F
9°B,16,2026-06-19,F
9°B,16,2026-06-22,P
9°B,16,2026-06-23,P
9°B,16,2026-06-24,F
9°B,16,2026-06-25,P
9°B,16,2026-06-26,P
9°B,16,2026-06-29,P
9°B,16,2026-06-30,F
9°B,16,2026-07-01,P
9°B,16,2026-07-02,F
9°B,16,2026-07-03,P
9°B,16,2026-07-28,F
9°B,16,2026-07-29,P
9°B,16,2026-07-30,F
9°B,16,2026-07-31,P
9°B,16,2026-08-03,P
9°B,16,2026-08-04,P
9°B,16,2026-08-05,P
9°B,16,2026-08-06,P
9°B,16,2026-08-07,F
9°B,16,2026-08-10,P
9°B,16,2026-08-11,P
9°B,16,2026-08-12,P
9°B,16,2026-08-13,P
9°B,16,2026-08-14,P
9°B,16,2026-08-17,P
9°B,16,2026-08-18,P
9°B,16,2026-08-19,P
9°B,16,2026-08-20,P
9°B,16,2026-08-21,P
9°B,16,2026-08-22,P
9°B,16,2026-08-24,P
9°B,16,2026-08-25,P
9°B,16,2026-08-26,P
9°B,16,2026-08-27,P
9°B,16,2026-08-28,P
9°B,16,2026-08-31,F
9°B,16,2026-08-01,P
9°B,17,2026-05-04,P
9°B,17,2026-05-05,P
9°B,17,2026-05-06,P
9°B,17,2026-05-07,P
9°B,17,2026-05-08,P
9°B,17,2026-05-11,F
9°B,17,2026-05-12,P
9°B,17,2026-05-13,P
9°B,17,2026-05-14,P
9°B,17,2026-05-15,F
9°B,17,2026-05-18,P
9°B,17,2026-05-19,P
9°B,17,2026-05-20,P
9°B,17,2026-05-21,P
9°B,17,2026-05-22,P
9°B,17,2026-05-25,P
9°B,17,2026-05-26,P
9°B,17,2026-05-27,P
9°B,17,2026-05-28,P
9°B,17,2026-05-29,P
9°B,17,2026-06-01,P
9°B,17,2026-06-02,P
9°B,17,2026-06-03,P
9°B,17,2026-06-08,P
9°B,17,2026-06-09,P
9°B,17,2026-06-10,F
9°B,17,2026-06-11,P
9°B,17,2026-06-12,F
9°B,17,2026-06-15,P
9°B,17,2026-06-16,P
9°B,17,2026-06-17,P
9°B,17,2026-06-18,F
9°B,17,2026-06-19,P
9°B,17,2026-06-22,P
9°B,17,2026-06-23,P
9°B,17,2026-06-24,F
9°B,17,2026-06-25,P
9°B,17,2026-06-26,P
9°B,17,2026-06-29,P
9°B,17,2026-06-30,F
9°B,17,2026-07-01,F
9°B,17,2026-07-02,F
9°B,17,2026-07-03,P
9°B,17,2026-07-28,F
9°B,17,2026-07-29,F
9°B,17,2026-07-30,F
9°B,17,2026-07-31,F
9°B,17,2026-08-03,P
9°B,17,2026-08-04,P
9°B,17,2026-08-05,P
9°B,17,2026-08-06,P
9°B,17,2026-08-07,P
9°B,17,2026-08-10,F
9°B,17,2026-08-11,P
9°B,17,2026-08-12,P
9°B,17,2026-08-13,P
9°B,17,2026-08-14,F
9°B,17,2026-08-17,P
9°B,17,2026-08-18,F
9°B,17,2026-08-19,P
9°B,17,2026-08-20,F
9°B,17,2026-08-21,P
9°B,17,2026-08-22,P
9°B,17,2026-08-24,P
9°B,17,2026-08-25,P
9°B,17,2026-08-26,P
9°B,17,2026-08-27,P
9°B,17,2026-08-28,P
9°B,17,2026-08-31,P
9°B,17,2026-08-01,F
9°B,18,2026-05-04,P
9°B,18,2026-05-05,P
9°B,18,2026-05-06,P
9°B,18,2026-05-07,P
9°B,18,2026-05-08,P
9°B,18,2026-05-11,P
9°B,18,2026-05-12,P
9°B,18,2026-05-13,P
9°B,18,2026-05-14,F
9°B,18,2026-05-15,F
9°B,18,2026-05-18,P
9°B,18,2026-05-19,P
9°B,18,2026-05-20,P
9°B,18,2026-05-21,P
9°B,18,2026-05-22,P
9°B,18,2026-05-25,P
9°B,18,2026-05-26,P
9°B,18,2026-05-27,P
9°B,18,2026-05-28,F
9°B,18,2026-05-29,P
9°B,18,2026-06-01,P
9°B,18,2026-06-02,P
9°B,18,2026-06-03,P
9°B,18,2026-06-08,P
9°B,18,2026-06-09,P
9°B,18,2026-06-10,P
9°B,18,2026-06-11,P
9°B,18,2026-06-12,P
9°B,18,2026-06-15,P
9°B,18,2026-06-16,P
9°B,18,2026-06-17,P
9°B,18,2026-06-18,P
9°B,18,2026-06-19,P
9°B,18,2026-06-22,P
9°B,18,2026-06-23,P
9°B,18,2026-06-24,F
9°B,18,2026-06-25,P
9°B,18,2026-06-26,P
9°B,18,2026-06-29,P
9°B,18,2026-06-30,F
9°B,18,2026-07-01,F
9°B,18,2026-07-02,F
9°B,18,2026-07-03,P
9°B,18,2026-07-28,F
9°B,18,2026-07-29,P
9°B,18,2026-07-30,P
9°B,18,2026-07-31,F
9°B,18,2026-08-03,P
9°B,18,2026-08-04,P
9°B,18,2026-08-05,P
9°B,18,2026-08-06,F
9°B,18,2026-08-07,F
9°B,18,2026-08-10,P
9°B,18,2026-08-11,P
9°B,18,2026-08-12,P
9°B,18,2026-08-13,P
9°B,18,2026-08-14,P
9°B,18,2026-08-17,P
9°B,18,2026-08-18,P
9°B,18,2026-08-19,P
9°B,18,2026-08-20,P
9°B,18,2026-08-21,P
9°B,18,2026-08-22,P
9°B,18,2026-08-24,P
9°B,18,2026-08-25,P
9°B,18,2026-08-26,P
9°B,18,2026-08-27,P
9°B,18,2026-08-28,P
9°B,18,2026-08-31,F
9°B,18,2026-08-01,P
9°B,19,2026-05-04,P
9°B,19,2026-05-05,F
9°B,19,2026-05-06,P
9°B,19,2026-05-07,P
9°B,19,2026-05-08,F
9°B,19,2026-05-11,P
9°B,19,2026-05-12,P
9°B,19,2026-05-13,P
9°B,19,2026-05-14,F
9°B,19,2026-05-15,P
9°B,19,2026-05-18,F
9°B,19,2026-05-19,P
9°B,19,2026-05-20,P
9°B,19,2026-05-21,P
9°B,19,2026-05-22,F
9°B,19,2026-05-25,F
9°B,19,2026-05-26,F
9°B,19,2026-05-27,F
9°B,19,2026-05-28,P
9°B,19,2026-05-29,F
9°B,19,2026-06-01,F
9°B,19,2026-06-02,F
9°B,19,2026-06-03,F
9°B,19,2026-06-08,P
9°B,19,2026-06-09,P
9°B,19,2026-06-10,F
9°B,19,2026-06-11,P
9°B,19,2026-06-12,F
9°B,19,2026-06-15,F
9°B,19,2026-06-16,P
9°B,19,2026-06-17,P
9°B,19,2026-06-18,F
9°B,19,2026-06-19,P
9°B,19,2026-06-22,P
9°B,19,2026-06-23,P
9°B,19,2026-06-24,F
9°B,19,2026-06-25,F
9°B,19,2026-06-26,F
9°B,19,2026-06-29,F
9°B,19,2026-06-30,F
9°B,19,2026-07-01,F
9°B,19,2026-07-02,F
9°B,19,2026-07-03,P
9°B,19,2026-07-28,F
9°B,19,2026-07-29,F
9°B,19,2026-07-30,P
9°B,19,2026-07-31,F
9°B,19,2026-08-03,P
9°B,19,2026-08-04,P
9°B,19,2026-08-05,P
9°B,19,2026-08-06,P
9°B,19,2026-08-07,F
9°B,19,2026-08-10,F
9°B,19,2026-08-11,F
9°B,19,2026-08-12,P
9°B,19,2026-08-13,F
9°B,19,2026-08-14,F
9°B,19,2026-08-17,P
9°B,19,2026-08-18,P
9°B,19,2026-08-19,P
9°B,19,2026-08-20,F
9°B,19,2026-08-21,P
9°B,19,2026-08-22,P
9°B,19,2026-08-24,P
9°B,19,2026-08-25,F
9°B,19,2026-08-26,P
9°B,19,2026-08-27,P
9°B,19,2026-08-28,F
9°B,19,2026-08-31,F
9°B,19,2026-08-01,P
9°B,20,2026-05-04,P
9°B,20,2026-05-05,P
9°B,20,2026-05-06,P
9°B,20,2026-05-07,F
9°B,20,2026-05-08,F
9°B,20,2026-05-11,P
9°B,20,2026-05-12,P
9°B,20,2026-05-13,P
9°B,20,2026-05-14,F
9°B,20,2026-05-15,F
9°B,20,2026-05-18,P
9°B,20,2026-05-19,P
9°B,20,2026-05-20,F
9°B,20,2026-05-21,P
9°B,20,2026-05-22,F
9°B,20,2026-05-25,F
9°B,20,2026-05-26,P
9°B,20,2026-05-27,F
9°B,20,2026-05-28,P
9°B,20,2026-05-29,F
9°B,20,2026-06-01,F
9°B,20,2026-06-02,P
9°B,20,2026-06-03,F
9°B,20,2026-06-08,P
9°B,20,2026-06-09,P
9°B,20,2026-06-10,F
9°B,20,2026-06-11,P
9°B,20,2026-06-12,P
9°B,20,2026-06-15,P
9°B,20,2026-06-16,P
9°B,20,2026-06-17,P
9°B,20,2026-06-18,P
9°B,20,2026-06-19,P
9°B,20,2026-06-22,P
9°B,20,2026-06-23,P
9°B,20,2026-06-24,F
9°B,20,2026-06-25,P
9°B,20,2026-06-26,F
9°B,20,2026-06-29,P
9°B,20,2026-06-30,P
9°B,20,2026-07-01,P
9°B,20,2026-07-02,F
9°B,20,2026-07-03,P
9°B,20,2026-07-28,P
9°B,20,2026-07-29,P
9°B,20,2026-07-30,F
9°B,20,2026-07-31,F
9°B,20,2026-08-03,P
9°B,20,2026-08-04,P
9°B,20,2026-08-05,P
9°B,20,2026-08-06,P
9°B,20,2026-08-07,F
9°B,20,2026-08-10,P
9°B,20,2026-08-11,F
9°B,20,2026-08-12,P
9°B,20,2026-08-13,F
9°B,20,2026-08-14,P
9°B,20,2026-08-17,P
9°B,20,2026-08-18,F
9°B,20,2026-08-19,P
9°B,20,2026-08-20,P
9°B,20,2026-08-21,F
9°B,20,2026-08-22,P
9°B,20,2026-08-24,P
9°B,20,2026-08-25,F
9°B,20,2026-08-26,P
9°B,20,2026-08-27,P
9°B,20,2026-08-28,F
9°B,20,2026-08-31,P
9°B,20,2026-08-01,P
9°B,21,2026-05-04,P
9°B,21,2026-05-05,P
9°B,21,2026-05-06,P
9°B,21,2026-05-07,P
9°B,21,2026-05-08,P
9°B,21,2026-05-11,F
9°B,21,2026-05-12,P
9°B,21,2026-05-13,P
9°B,21,2026-05-14,P
9°B,21,2026-05-15,P
9°B,21,2026-05-18,F
9°B,21,2026-05-19,P
9°B,21,2026-05-20,P
9°B,21,2026-05-21,P
9°B,21,2026-05-22,P
9°B,21,2026-05-25,P
9°B,21,2026-05-26,P
9°B,21,2026-05-27,P
9°B,21,2026-05-28,P
9°B,21,2026-05-29,P
9°B,21,2026-06-01,P
9°B,21,2026-06-02,P
9°B,21,2026-06-03,F
9°B,21,2026-06-08,F
9°B,21,2026-06-09,P
9°B,21,2026-06-10,P
9°B,21,2026-06-11,P
9°B,21,2026-06-12,P
9°B,21,2026-06-15,P
9°B,21,2026-06-16,P
9°B,21,2026-06-17,F
9°B,21,2026-06-18,P
9°B,21,2026-06-19,P
9°B,21,2026-06-22,P
9°B,21,2026-06-23,P
9°B,21,2026-06-24,P
9°B,21,2026-06-25,P
9°B,21,2026-06-26,F
9°B,21,2026-06-29,P
9°B,21,2026-06-30,P
9°B,21,2026-07-01,P
9°B,21,2026-07-02,F
9°B,21,2026-07-03,P
9°B,21,2026-07-28,P
9°B,21,2026-07-29,P
9°B,21,2026-07-30,P
9°B,21,2026-07-31,P
9°B,21,2026-08-03,P
9°B,21,2026-08-04,P
9°B,21,2026-08-05,P
9°B,21,2026-08-06,P
9°B,21,2026-08-07,F
9°B,21,2026-08-10,P
9°B,21,2026-08-11,P
9°B,21,2026-08-12,P
9°B,21,2026-08-13,P
9°B,21,2026-08-14,F
9°B,21,2026-08-17,F
9°B,21,2026-08-18,P
9°B,21,2026-08-19,P
9°B,21,2026-08-20,P
9°B,21,2026-08-21,P
9°B,21,2026-08-22,P
9°B,21,2026-08-24,P
9°B,21,2026-08-25,P
9°B,21,2026-08-26,F
9°B,21,2026-08-27,P
9°B,21,2026-08-28,P
9°B,21,2026-08-31,F
9°B,21,2026-08-01,P
9°B,22,2026-05-04,P
9°B,22,2026-05-05,F
9°B,22,2026-05-06,P
9°B,22,2026-05-07,P
9°B,22,2026-05-08,P
9°B,22,2026-05-11,F
9°B,22,2026-05-12,P
9°B,22,2026-05-13,P
9°B,22,2026-05-14,P
9°B,22,2026-05-15,F
9°B,22,2026-05-18,P
9°B,22,2026-05-19,F
9°B,22,2026-05-20,P
9°B,22,2026-05-21,P
9°B,22,2026-05-22,F
9°B,22,2026-05-25,F
9°B,22,2026-05-26,P
9°B,22,2026-05-27,P
9°B,22,2026-05-28,P
9°B,22,2026-05-29,F
9°B,22,2026-06-01,F
9°B,22,2026-06-02,F
9°B,22,2026-06-03,F
9°B,22,2026-06-08,P
9°B,22,2026-06-09,F
9°B,22,2026-06-10,P
9°B,22,2026-06-11,F
9°B,22,2026-06-12,F
9°B,22,2026-06-15,P
9°B,22,2026-06-16,P
9°B,22,2026-06-17,P
9°B,22,2026-06-18,P
9°B,22,2026-06-19,P
9°B,22,2026-06-22,P
9°B,22,2026-06-23,P
9°B,22,2026-06-24,F
9°B,22,2026-06-25,P
9°B,22,2026-06-26,F
9°B,22,2026-06-29,P
9°B,22,2026-06-30,F
9°B,22,2026-07-01,P
9°B,22,2026-07-02,F
9°B,22,2026-07-03,P
9°B,22,2026-07-28,P
9°B,22,2026-07-29,P
9°B,22,2026-07-30,F
9°B,22,2026-07-31,P
9°B,22,2026-08-03,P
9°B,22,2026-08-04,P
9°B,22,2026-08-05,P
9°B,22,2026-08-06,P
9°B,22,2026-08-07,F
9°B,22,2026-08-10,P
9°B,22,2026-08-11,P
9°B,22,2026-08-12,F
9°B,22,2026-08-13,F
9°B,22,2026-08-14,F
9°B,22,2026-08-17,F
9°B,22,2026-08-18,P
9°B,22,2026-08-19,P
9°B,22,2026-08-20,P
9°B,22,2026-08-21,F
9°B,22,2026-08-22,P
9°B,22,2026-08-24,P
9°B,22,2026-08-25,P
9°B,22,2026-08-26,F
9°B,22,2026-08-27,P
9°B,22,2026-08-28,F
9°B,22,2026-08-31,P
9°B,22,2026-08-01,P
9°B,23,2026-05-04,P
9°B,23,2026-05-05,F
9°B,23,2026-05-06,P
9°B,23,2026-05-07,F
9°B,23,2026-05-08,-
9°B,23,2026-05-11,-
9°B,23,2026-05-12,-
9°B,23,2026-05-13,-
9°B,23,2026-05-14,-
9°B,23,2026-05-15,-
9°B,23,2026-05-18,-
9°B,23,2026-05-19,-
9°B,23,2026-05-20,-
9°B,23,2026-05-21,-
9°B,23,2026-05-22,-
9°B,23,2026-05-25,-
9°B,23,2026-05-26,-
9°B,23,2026-05-27,-
9°B,23,2026-05-28,-
9°B,23,2026-05-29,-
9°B,23,2026-06-01,-
9°B,23,2026-06-02,-
9°B,23,2026-06-03,-
9°B,23,2026-06-08,-
9°B,23,2026-06-09,-
9°B,23,2026-06-10,-
9°B,23,2026-06-11,-
9°B,23,2026-06-12,-
9°B,23,2026-06-15,-
9°B,23,2026-06-16,-
9°B,23,2026-06-17,-
9°B,23,2026-06-18,-
9°B,23,2026-06-19,-
9°B,23,2026-06-22,-
9°B,23,2026-06-23,-
9°B,23,2026-06-24,-
9°B,23,2026-06-25,-
9°B,23,2026-06-26,-
9°B,23,2026-06-29,-
9°B,23,2026-06-30,-
9°B,23,2026-07-01,-
9°B,23,2026-07-02,-
9°B,23,2026-07-03,-
9°B,23,2026-07-28,-
9°B,23,2026-07-29,-
9°B,23,2026-07-30,-
9°B,23,2026-07-31,-
9°B,23,2026-08-03,-
9°B,23,2026-08-04,-
9°B,23,2026-08-05,-
9°B,23,2026-08-06,-
9°B,23,2026-08-07,-
9°B,23,2026-08-10,-
9°B,23,2026-08-11,-
9°B,23,2026-08-12,-
9°B,23,2026-08-13,-
9°B,23,2026-08-14,-
9°B,23,2026-08-17,-
9°B,23,2026-08-18,-
9°B,23,2026-08-19,-
9°B,23,2026-08-20,-
9°B,23,2026-08-21,-
9°B,23,2026-08-22,-
9°B,23,2026-08-24,-
9°B,23,2026-08-25,-
9°B,23,2026-08-26,-
9°B,23,2026-08-27,-
9°B,23,2026-08-28,-
9°B,23,2026-08-31,-
9°B,24,2026-05-04,P
9°B,24,2026-05-05,F
9°B,24,2026-05-06,P
9°B,24,2026-05-07,F
9°B,24,2026-05-08,F
9°B,24,2026-05-11,P
9°B,24,2026-05-12,P
9°B,24,2026-05-13,P
9°B,24,2026-05-14,P
9°B,24,2026-05-15,F
9°B,24,2026-05-18,F
9°B,24,2026-05-19,P
9°B,24,2026-05-20,P
9°B,24,2026-05-21,P
9°B,24,2026-05-22,P
9°B,24,2026-05-25,P
9°B,24,2026-05-26,P
9°B,24,2026-05-27,P
9°B,24,2026-05-28,P
9°B,24,2026-05-29,P
9°B,24,2026-06-01,P
9°B,24,2026-06-02,F
9°B,24,2026-06-03,F
9°B,24,2026-06-08,P
9°B,24,2026-06-09,P
9°B,24,2026-06-10,P
9°B,24,2026-06-11,P
9°B,24,2026-06-12,P
9°B,24,2026-06-15,P
9°B,24,2026-06-16,F
9°B,24,2026-06-17,P
9°B,24,2026-06-18,P
9°B,24,2026-06-19,F
9°B,24,2026-06-22,P
9°B,24,2026-06-23,P
9°B,24,2026-06-24,F
9°B,24,2026-06-25,F
9°B,24,2026-06-26,F
9°B,24,2026-06-29,P
9°B,24,2026-06-30,F
9°B,24,2026-07-01,P
9°B,24,2026-07-02,F
9°B,24,2026-07-03,P
9°B,24,2026-07-28,P
9°B,24,2026-07-29,P
9°B,24,2026-07-30,P
9°B,24,2026-07-31,P
9°B,24,2026-08-03,F
9°B,24,2026-08-04,F
9°B,24,2026-08-05,P
9°B,24,2026-08-06,P
9°B,24,2026-08-07,F
9°B,24,2026-08-10,P
9°B,24,2026-08-11,P
9°B,24,2026-08-12,P
9°B,24,2026-08-13,P
9°B,24,2026-08-14,F
9°B,24,2026-08-17,P
9°B,24,2026-08-18,F
9°B,24,2026-08-19,P
9°B,24,2026-08-20,P
9°B,24,2026-08-21,P
9°B,24,2026-08-22,P
9°B,24,2026-08-24,F
9°B,24,2026-08-25,P
9°B,24,2026-08-26,F
9°B,24,2026-08-27,P
9°B,24,2026-08-28,F
9°B,24,2026-08-31,P
9°B,24,2026-08-01,F
9°B,25,2026-05-04,-
9°B,25,2026-05-05,-
9°B,25,2026-05-06,-
9°B,25,2026-05-07,-
9°B,25,2026-05-08,-
9°B,25,2026-05-11,-
9°B,25,2026-05-12,-
9°B,25,2026-05-13,-
9°B,25,2026-05-14,-
9°B,25,2026-05-15,-
9°B,25,2026-05-18,-
9°B,25,2026-05-19,-
9°B,25,2026-05-20,-
9°B,25,2026-05-21,-
9°B,25,2026-05-22,-
9°B,25,2026-05-25,-
9°B,25,2026-05-26,-
9°B,25,2026-05-28,-
9°B,25,2026-05-29,-
9°B,25,2026-06-01,-
9°B,25,2026-06-02,-
9°B,25,2026-06-03,-
9°B,25,2026-06-08,-
9°B,25,2026-06-09,-
9°B,25,2026-06-10,-
9°B,25,2026-06-11,-
9°B,25,2026-06-12,-
9°B,25,2026-06-15,-
9°B,25,2026-06-16,-
9°B,25,2026-06-17,-
9°B,25,2026-06-18,-
9°B,25,2026-06-19,-
9°B,25,2026-06-22,-
9°B,25,2026-06-23,-
9°B,25,2026-06-24,-
9°B,25,2026-06-25,-
9°B,25,2026-06-26,-
9°B,25,2026-06-29,-
9°B,25,2026-06-30,-
9°B,25,2026-07-01,-
9°B,25,2026-07-02,-
9°B,25,2026-07-03,-
9°B,25,2026-07-28,-
9°B,25,2026-07-29,-
9°B,25,2026-07-30,-
9°B,25,2026-07-31,-
9°B,25,2026-08-03,-
9°B,25,2026-08-04,-
9°B,25,2026-08-05,-
9°B,25,2026-08-06,-
9°B,25,2026-08-07,-
9°B,25,2026-08-10,-
9°B,25,2026-08-11,-
9°B,25,2026-08-12,-
9°B,25,2026-08-13,-
9°B,25,2026-08-14,-
9°B,25,2026-08-17,-
9°B,25,2026-08-18,-
9°B,25,2026-08-19,-
9°B,25,2026-08-20,-
9°B,25,2026-08-21,-
9°B,25,2026-08-22,-
9°B,25,2026-08-24,-
9°B,25,2026-08-25,-
9°B,25,2026-08-26,-
9°B,25,2026-08-27,-
9°B,25,2026-08-28,-
9°B,25,2026-08-31,-
9°B,26,2026-05-04,P
9°B,26,2026-05-05,P
9°B,26,2026-05-06,P
9°B,26,2026-05-07,P
9°B,26,2026-05-08,P
9°B,26,2026-05-11,P
9°B,26,2026-05-12,P
9°B,26,2026-05-13,P
9°B,26,2026-05-14,P
9°B,26,2026-05-15,F
9°B,26,2026-05-18,P
9°B,26,2026-05-19,P
9°B,26,2026-05-20,P
9°B,26,2026-05-21,P
9°B,26,2026-05-22,P
9°B,26,2026-05-25,P
9°B,26,2026-05-26,P
9°B,26,2026-05-27,P
9°B,26,2026-05-28,P
9°B,26,2026-05-29,P
9°B,26,2026-06-01,P
9°B,26,2026-06-02,P
9°B,26,2026-06-03,P
9°B,26,2026-06-08,P
9°B,26,2026-06-09,P
9°B,26,2026-06-10,P
9°B,26,2026-06-11,P
9°B,26,2026-06-12,P
9°B,26,2026-06-15,P
9°B,26,2026-06-16,P
9°B,26,2026-06-17,P
9°B,26,2026-06-18,P
9°B,26,2026-06-19,P
9°B,26,2026-06-22,P
9°B,26,2026-06-23,P
9°B,26,2026-06-24,F
9°B,26,2026-06-25,P
9°B,26,2026-06-26,P
9°B,26,2026-06-29,P
9°B,26,2026-06-30,F
9°B,26,2026-07-01,F
9°B,26,2026-07-02,F
9°B,26,2026-07-03,P
9°B,26,2026-07-28,P
9°B,26,2026-07-29,P
9°B,26,2026-07-30,P
9°B,26,2026-07-31,P
9°B,26,2026-08-03,P
9°B,26,2026-08-04,P
9°B,26,2026-08-05,P
9°B,26,2026-08-06,P
9°B,26,2026-08-07,F
9°B,26,2026-08-10,P
9°B,26,2026-08-11,P
9°B,26,2026-08-12,P
9°B,26,2026-08-13,P
9°B,26,2026-08-14,F
9°B,26,2026-08-17,P
9°B,26,2026-08-18,P
9°B,26,2026-08-19,P
9°B,26,2026-08-20,P
9°B,26,2026-08-21,P
9°B,26,2026-08-22,P
9°B,26,2026-08-24,P
9°B,26,2026-08-25,P
9°B,26,2026-08-26,P
9°B,26,2026-08-27,P
9°B,26,2026-08-28,F
9°B,26,2026-08-31,P
9°B,26,2026-08-01,F
9°B,27,2026-05-04,P
9°B,27,2026-05-05,P
9°B,27,2026-05-06,P
9°B,27,2026-05-07,P
9°B,27,2026-05-08,F
9°B,27,2026-05-11,P
9°B,27,2026-05-12,P
9°B,27,2026-05-13,P
9°B,27,2026-05-14,P
9°B,27,2026-05-15,F
9°B,27,2026-05-18,P
9°B,27,2026-05-19,P
9°B,27,2026-05-20,F
9°B,27,2026-05-21,P
9°B,27,2026-05-22,P
9°B,27,2026-05-25,P
9°B,27,2026-05-26,F
9°B,27,2026-05-27,P
9°B,27,2026-05-28,P
9°B,27,2026-05-29,P
9°B,27,2026-06-01,P
9°B,27,2026-06-02,P
9°B,27,2026-06-03,F
9°B,27,2026-06-08,F
9°B,27,2026-06-09,P
9°B,27,2026-06-10,P
9°B,27,2026-06-11,F
9°B,27,2026-06-12,P
9°B,27,2026-06-15,F
9°B,27,2026-06-16,P
9°B,27,2026-06-17,P
9°B,27,2026-06-18,P
9°B,27,2026-06-19,F
9°B,27,2026-06-22,F
9°B,27,2026-06-23,P
9°B,27,2026-06-24,F
9°B,27,2026-06-25,P
9°B,27,2026-06-26,P
9°B,27,2026-06-29,P
9°B,27,2026-06-30,F
9°B,27,2026-07-01,F
9°B,27,2026-07-02,F
9°B,27,2026-07-03,P
9°B,27,2026-07-28,F
9°B,27,2026-07-29,P
9°B,27,2026-07-30,P
9°B,27,2026-07-31,P
9°B,27,2026-08-03,P
9°B,27,2026-08-04,P
9°B,27,2026-08-05,P
9°B,27,2026-08-06,F
9°B,27,2026-08-07,F
9°B,27,2026-08-10,P
9°B,27,2026-08-11,F
9°B,27,2026-08-12,P
9°B,27,2026-08-13,P
9°B,27,2026-08-14,F
9°B,27,2026-08-17,F
9°B,27,2026-08-18,P
9°B,27,2026-08-19,P
9°B,27,2026-08-20,F
9°B,27,2026-08-21,P
9°B,27,2026-08-22,P
9°B,27,2026-08-24,P
9°B,27,2026-08-25,P
9°B,27,2026-08-26,F
9°B,27,2026-08-27,P
9°B,27,2026-08-28,P
9°B,27,2026-08-31,F
9°B,27,2026-08-01,P
9°B,28,2026-05-04,P
9°B,28,2026-05-05,P
9°B,28,2026-05-06,P
9°B,28,2026-05-07,P
9°B,28,2026-05-08,P
9°B,28,2026-05-11,P
9°B,28,2026-05-12,P
9°B,28,2026-05-13,P
9°B,28,2026-05-14,P
9°B,28,2026-05-15,F
9°B,28,2026-05-18,P
9°B,28,2026-05-19,P
9°B,28,2026-05-20,P
9°B,28,2026-05-21,P
9°B,28,2026-05-22,P
9°B,28,2026-05-25,P
9°B,28,2026-05-26,P
9°B,28,2026-05-27,P
9°B,28,2026-05-28,P
9°B,28,2026-05-29,P
9°B,28,2026-06-01,P
9°B,28,2026-06-02,P
9°B,28,2026-06-03,P
9°B,28,2026-06-08,P
9°B,28,2026-06-09,P
9°B,28,2026-06-10,P
9°B,28,2026-06-11,P
9°B,28,2026-06-12,P
9°B,28,2026-06-15,P
9°B,28,2026-06-16,P
9°B,28,2026-06-17,P
9°B,28,2026-06-18,P
9°B,28,2026-06-19,P
9°B,28,2026-06-22,P
9°B,28,2026-06-23,P
9°B,28,2026-06-24,P
9°B,28,2026-06-25,P
9°B,28,2026-06-26,P
9°B,28,2026-06-29,P
9°B,28,2026-06-30,P
9°B,28,2026-07-01,F
9°B,28,2026-07-02,F
9°B,28,2026-07-03,P
9°B,28,2026-07-28,P
9°B,28,2026-07-29,P
9°B,28,2026-07-30,P
9°B,28,2026-07-31,P
9°B,28,2026-08-03,P
9°B,28,2026-08-04,P
9°B,28,2026-08-05,P
9°B,28,2026-08-06,P
9°B,28,2026-08-07,F
9°B,28,2026-08-10,P
9°B,28,2026-08-11,P
9°B,28,2026-08-12,P
9°B,28,2026-08-13,P
9°B,28,2026-08-14,P
9°B,28,2026-08-17,P
9°B,28,2026-08-18,P
9°B,28,2026-08-19,P
9°B,28,2026-08-20,P
9°B,28,2026-08-21,P
9°B,28,2026-08-22,P
9°B,28,2026-08-24,P
9°B,28,2026-08-25,P
9°B,28,2026-08-26,P
9°B,28,2026-08-27,P
9°B,28,2026-08-28,P
9°B,28,2026-08-31,P
9°B,28,2026-08-01,P
9°B,29,2026-05-04,-
9°B,29,2026-05-05,-
9°B,29,2026-05-06,-
9°B,29,2026-05-07,-
9°B,29,2026-05-08,
9°B,29,2026-05-11,-
9°B,29,2026-05-12,-
9°B,29,2026-05-13,-
9°B,29,2026-05-14,-
9°B,29,2026-05-15,-
9°B,29,2026-05-18,-
9°B,29,2026-05-19,-
9°B,29,2026-05-20,-
9°B,29,2026-05-21,-
9°B,29,2026-05-22,-
9°B,29,2026-05-25,-
9°B,29,2026-05-26,-
9°B,29,2026-05-28,-
9°B,29,2026-05-29,-
9°B,29,2026-06-01,-
9°B,29,2026-06-02,-
9°B,29,2026-06-03,-
9°B,29,2026-06-08,-
9°B,29,2026-06-09,-
9°B,29,2026-06-10,-
9°B,29,2026-06-11,-
9°B,29,2026-06-12,-
9°B,29,2026-06-15,-
9°B,29,2026-06-16,-
9°B,29,2026-06-17,-
9°B,29,2026-06-18,-
9°B,29,2026-06-19,-
9°B,29,2026-06-22,-
9°B,29,2026-06-23,-
9°B,29,2026-06-24,-
9°B,29,2026-06-25,-
9°B,29,2026-06-26,-
9°B,29,2026-06-29,-
9°B,29,2026-06-30,-
9°B,29,2026-07-01,-
9°B,29,2026-07-02,-
9°B,29,2026-07-03,-
9°B,29,2026-07-28,-
9°B,29,2026-07-29,-
9°B,29,2026-07-30,-
9°B,29,2026-07-31,-
9°B,29,2026-08-03,-
9°B,29,2026-08-04,-
9°B,29,2026-08-05,-
9°B,29,2026-08-06,-
9°B,29,2026-08-07,-
9°B,29,2026-08-10,-
9°B,29,2026-08-11,-
9°B,29,2026-08-12,-
9°B,29,2026-08-13,-
9°B,29,2026-08-14,-
9°B,29,2026-08-17,-
9°B,29,2026-08-18,-
9°B,29,2026-08-19,-
9°B,29,2026-08-20,-
9°B,29,2026-08-21,-
9°B,29,2026-08-22,-
9°B,29,2026-08-24,-
9°B,29,2026-08-25,-
9°B,29,2026-08-26,-
9°B,29,2026-08-27,-
9°B,29,2026-08-28,-
9°B,29,2026-08-31,-
9°B,30,2026-05-04,P
9°B,30,2026-05-05,P
9°B,30,2026-05-06,P
9°B,30,2026-05-07,F
9°B,30,2026-05-08,F
9°B,30,2026-05-11,F
9°B,30,2026-05-12,P
9°B,30,2026-05-13,F
9°B,30,2026-05-14,F
9°B,30,2026-05-15,P
9°B,30,2026-05-18,P
9°B,30,2026-05-19,P
9°B,30,2026-05-20,P
9°B,30,2026-05-21,F
9°B,30,2026-05-22,F
9°B,30,2026-05-25,F
9°B,30,2026-05-26,F
9°B,30,2026-05-27,P
9°B,30,2026-05-28,F
9°B,30,2026-05-29,F
9°B,30,2026-06-01,F
9°B,30,2026-06-02,F
9°B,30,2026-06-03,P
9°B,30,2026-06-08,F
9°B,30,2026-06-09,P
9°B,30,2026-06-10,P
9°B,30,2026-06-11,F
9°B,30,2026-06-12,P
9°B,30,2026-06-15,F
9°B,30,2026-06-16,F
9°B,30,2026-06-17,P
9°B,30,2026-06-18,P
9°B,30,2026-06-19,F
9°B,30,2026-06-22,F
9°B,30,2026-06-23,P
9°B,30,2026-06-24,F
9°B,30,2026-06-25,P
9°B,30,2026-06-26,P
9°B,30,2026-06-29,F
9°B,30,2026-06-30,F
9°B,30,2026-07-01,P
9°B,30,2026-07-02,F
9°B,30,2026-07-03,P
9°B,30,2026-07-28,F
9°B,30,2026-07-29,P
9°B,30,2026-07-30,F
9°B,30,2026-07-31,F
9°B,30,2026-08-03,F
9°B,30,2026-08-04,P
9°B,30,2026-08-05,P
9°B,30,2026-08-06,F
9°B,30,2026-08-07,F
9°B,30,2026-08-10,F
9°B,30,2026-08-11,P
9°B,30,2026-08-12,P
9°B,30,2026-08-13,P
9°B,30,2026-08-14,F
9°B,30,2026-08-17,P
9°B,30,2026-08-18,F
9°B,30,2026-08-19,P
9°B,30,2026-08-20,P
9°B,30,2026-08-21,F
9°B,30,2026-08-22,P
9°B,30,2026-08-24,F
9°B,30,2026-08-25,F
9°B,30,2026-08-26,P
9°B,30,2026-08-27,P
9°B,30,2026-08-28,F
9°B,30,2026-08-31,F
9°B,30,2026-08-01,P
9°B,31,2026-05-04,-
9°B,31,2026-05-05,-
9°B,31,2026-05-06,-
9°B,31,2026-05-07,-
9°B,31,2026-05-08,-
9°B,31,2026-05-11,-
9°B,31,2026-05-12,-
9°B,31,2026-05-13,-
9°B,31,2026-05-14,-
9°B,31,2026-05-15,-
9°B,31,2026-05-18,-
9°B,31,2026-05-19,-
9°B,31,2026-05-20,-
9°B,31,2026-05-21,-
9°B,31,2026-05-22,-
9°B,31,2026-05-25,P
9°B,31,2026-05-26,P
9°B,31,2026-05-27,P
9°B,31,2026-05-28,P
9°B,31,2026-05-29,P
9°B,31,2026-06-01,F
9°B,31,2026-06-02,P
9°B,31,2026-06-03,P
9°B,31,2026-06-08,P
9°B,31,2026-06-09,P
9°B,31,2026-06-10,P
9°B,31,2026-06-11,F
9°B,31,2026-06-12,P
9°B,31,2026-06-15,P
9°B,31,2026-06-16,P
9°B,31,2026-06-17,F
9°B,31,2026-06-18,P
9°B,31,2026-06-19,P
9°B,31,2026-06-22,F
9°B,31,2026-06-23,P
9°B,31,2026-06-24,F
9°B,31,2026-06-25,P
9°B,31,2026-06-26,P
9°B,31,2026-06-29,F
9°B,31,2026-06-30,F
9°B,31,2026-07-01,F
9°B,31,2026-07-02,P
9°B,31,2026-07-03,P
9°B,31,2026-07-28,P
9°B,31,2026-07-29,P
9°B,31,2026-07-30,F
9°B,31,2026-07-31,P
9°B,31,2026-08-03,P
9°B,31,2026-08-04,P
9°B,31,2026-08-05,P
9°B,31,2026-08-06,P
9°B,31,2026-08-07,P
9°B,31,2026-08-10,P
9°B,31,2026-08-11,F
9°B,31,2026-08-12,F
9°B,31,2026-08-13,P
9°B,31,2026-08-14,F
9°B,31,2026-08-17,P
9°B,31,2026-08-18,F
9°B,31,2026-08-19,P
9°B,31,2026-08-20,P
9°B,31,2026-08-21,P
9°B,31,2026-08-22,P
9°B,31,2026-08-24,F
9°B,31,2026-08-25,P
9°B,31,2026-08-26,F
9°B,31,2026-08-27,P
9°B,31,2026-08-28,P
9°B,31,2026-08-31,F
9°B,31,2026-08-01,F
9°B,32,2026-05-04,-
9°B,32,2026-05-05,-
9°B,32,2026-05-06,-
9°B,32,2026-05-07,-
9°B,32,2026-05-08,-
9°B,32,2026-05-11,-
9°B,32,2026-05-12,-
9°B,32,2026-05-13,-
9°B,32,2026-05-14,-
9°B,32,2026-05-15,-
9°B,32,2026-05-18,-
9°B,32,2026-05-19,-
9°B,32,2026-05-20,-
9°B,32,2026-05-21,-
9°B,32,2026-05-22,-
9°B,32,2026-05-25,-
9°B,32,2026-05-26,-
9°B,32,2026-05-27,-
9°B,32,2026-05-28,-
9°B,32,2026-05-29,-
9°B,32,2026-06-01,-
9°B,32,2026-06-02,-
9°B,32,2026-06-03,-
9°B,32,2026-06-08,-
9°B,32,2026-06-09,-
9°B,32,2026-06-10,-
9°B,32,2026-06-11,-
9°B,32,2026-06-12,-
9°B,32,2026-06-15,-
9°B,32,2026-06-16,-
9°B,32,2026-06-17,-
9°B,32,2026-06-18,-
9°B,32,2026-06-19,-
9°B,32,2026-06-22,-
9°B,32,2026-06-23,P
9°B,32,2026-06-24,F
9°B,32,2026-06-25,P
9°B,32,2026-06-26,P
9°B,32,2026-06-29,P
9°B,32,2026-06-30,P
9°B,32,2026-07-01,P
9°B,32,2026-07-02,F
9°B,32,2026-07-03,P
9°B,32,2026-07-28,P
9°B,32,2026-07-29,P
9°B,32,2026-07-30,F
9°B,32,2026-07-31,P
9°B,32,2026-08-03,P
9°B,32,2026-08-04,P
9°B,32,2026-08-05,P
9°B,32,2026-08-06,P
9°B,32,2026-08-07,P
9°B,32,2026-08-10,P
9°B,32,2026-08-11,P
9°B,32,2026-08-12,P
9°B,32,2026-08-13,P
9°B,32,2026-08-14,F
9°B,32,2026-08-17,F
9°B,32,2026-08-18,F
9°B,32,2026-08-19,F
9°B,32,2026-08-20,F
9°B,32,2026-08-21,P
9°B,32,2026-08-22,P
9°B,32,2026-08-24,F
9°B,32,2026-08-25,P
9°B,32,2026-08-26,P
9°B,32,2026-08-27,P
9°B,32,2026-08-28,P
9°B,32,2026-08-31,F
9°B,32,2026-08-01,P
9°B,33,2026-05-04,-
9°B,33,2026-05-05,-
9°B,33,2026-05-06,-
9°B,33,2026-05-07,-
9°B,33,2026-05-08,-
9°B,33,2026-05-11,-
9°B,33,2026-05-12,-
9°B,33,2026-05-13,-
9°B,33,2026-05-14,-
9°B,33,2026-05-15,-
9°B,33,2026-05-18,-
9°B,33,2026-05-19,-
9°B,33,2026-05-20,-
9°B,33,2026-05-21,-
9°B,33,2026-05-22,-
9°B,33,2026-05-25,-
9°B,33,2026-05-26,-
9°B,33,2026-05-27,-
9°B,33,2026-05-28,-
9°B,33,2026-05-29,-
9°B,33,2026-06-01,-
9°B,33,2026-06-02,-
9°B,33,2026-06-03,-
9°B,33,2026-06-08,-
9°B,33,2026-06-09,-
9°B,33,2026-06-10,-
9°B,33,2026-06-11,-
9°B,33,2026-06-12,-
9°B,33,2026-06-15,-
9°B,33,2026-06-16,-
9°B,33,2026-06-17,-
9°B,33,2026-06-18,-
9°B,33,2026-06-19,-
9°B,33,2026-06-22,-
9°B,33,2026-06-23,-
9°B,33,2026-06-24,-
9°B,33,2026-06-25,-
9°B,33,2026-06-26,-
9°B,33,2026-06-29,-
9°B,33,2026-06-30,-
9°B,33,2026-07-01,-
9°B,33,2026-07-02,-
9°B,33,2026-07-03,-
9°B,33,2026-07-28,P
9°B,33,2026-07-29,P
9°B,33,2026-07-30,P
9°B,33,2026-07-31,P
9°B,33,2026-08-03,P
9°B,33,2026-08-04,P
9°B,33,2026-08-05,P
9°B,33,2026-08-06,P
9°B,33,2026-08-07,F
9°B,33,2026-08-10,P
9°B,33,2026-08-11,P
9°B,33,2026-08-12,P
9°B,33,2026-08-13,P
9°B,33,2026-08-14,P
9°B,33,2026-08-17,P
9°B,33,2026-08-18,F
9°B,33,2026-08-19,P
9°B,33,2026-08-20,F
9°B,33,2026-08-21,P
9°B,33,2026-08-22,P
9°B,33,2026-08-24,P
9°B,33,2026-08-25,P
9°B,33,2026-08-26,P
9°B,33,2026-08-27,P
9°B,33,2026-08-28,F
9°B,33,2026-08-31,P
9°B,33,2026-08-01,P
9°B,34,2026-05-04,-
9°B,34,2026-05-05,-
9°B,34,2026-05-06,-
9°B,34,2026-05-07,-
9°B,34,2026-05-08,-
9°B,34,2026-05-11,-
9°B,34,2026-05-12,-
9°B,34,2026-05-13,-
9°B,34,2026-05-14,-
9°B,34,2026-05-15,-
9°B,34,2026-05-18,-
9°B,34,2026-05-19,-
9°B,34,2026-05-20,-
9°B,34,2026-05-21,-
9°B,34,2026-05-22,-
9°B,34,2026-05-25,-
9°B,34,2026-05-26,-
9°B,34,2026-05-27,-
9°B,34,2026-05-28,-
9°B,34,2026-05-29,-
9°B,34,2026-06-01,-
9°B,34,2026-06-02,-
9°B,34,2026-06-03,-
9°B,34,2026-06-08,-
9°B,34,2026-06-09,-
9°B,34,2026-06-10,-
9°B,34,2026-06-11,-
9°B,34,2026-06-12,-
9°B,34,2026-06-15,-
9°B,34,2026-06-16,-
9°B,34,2026-06-17,-
9°B,34,2026-06-18,-
9°B,34,2026-06-19,-
9°B,34,2026-06-22,-
9°B,34,2026-06-23,-
9°B,34,2026-06-24,-
9°B,34,2026-06-25,-
9°B,34,2026-06-26,-
9°B,34,2026-06-29,-
9°B,34,2026-06-30,-
9°B,34,2026-07-01,-
9°B,34,2026-07-02,-
9°B,34,2026-07-03,-
9°B,34,2026-07-28,P
9°B,34,2026-07-29,P
9°B,34,2026-07-30,P
9°B,34,2026-07-31,P
9°B,34,2026-08-03,P
9°B,34,2026-08-04,F
9°B,34,2026-08-05,P
9°B,34,2026-08-06,P
9°B,34,2026-08-07,F
9°B,34,2026-08-10,F
9°B,34,2026-08-11,P
9°B,34,2026-08-12,P
9°B,34,2026-08-13,P
9°B,34,2026-08-14,P
9°B,34,2026-08-17,F
9°B,34,2026-08-18,P
9°B,34,2026-08-19,P
9°B,34,2026-08-20,P
9°B,34,2026-08-21,P
9°B,34,2026-08-22,P
9°B,34,2026-08-24,F
9°B,34,2026-08-25,P
9°B,34,2026-08-26,F
9°B,34,2026-08-27,P
9°B,34,2026-08-28,P
9°B,34,2026-08-31,F
9°B,34,2026-08-01,P
9°C,2,2026-05-04,P
9°C,2,2026-05-05,P
9°C,2,2026-05-06,P
9°C,2,2026-05-07,F
9°C,2,2026-05-08,P
9°C,2,2026-05-11,P
9°C,2,2026-05-12,P
9°C,2,2026-05-13,P
9°C,2,2026-05-14,P
9°C,2,2026-05-15,P
9°C,2,2026-05-18,P
9°C,2,2026-05-19,F
9°C,2,2026-05-20,F
9°C,2,2026-05-21,P
9°C,2,2026-05-22,P
9°C,2,2026-05-25,P
9°C,2,2026-05-26,P
9°C,2,2026-05-27,P
9°C,2,2026-05-28,F
9°C,2,2026-05-29,P
9°C,2,2026-06-01,P
9°C,2,2026-06-02,P
9°C,2,2026-06-03,P
9°C,2,2026-06-08,P
9°C,2,2026-06-09,P
9°C,2,2026-06-10,P
9°C,2,2026-06-11,F
9°C,2,2026-06-12,P
9°C,2,2026-06-15,P
9°C,2,2026-06-16,F
9°C,2,2026-06-17,P
9°C,2,2026-06-18,P
9°C,2,2026-06-19,P
9°C,2,2026-06-22,P
9°C,2,2026-06-23,F
9°C,2,2026-06-24,F
9°C,2,2026-06-25,P
9°C,2,2026-06-26,P
9°C,2,2026-06-29,F
9°C,2,2026-06-30,P
9°C,2,2026-07-01,P
9°C,2,2026-07-02,F
9°C,2,2026-07-03,P
9°C,2,2026-07-28,F
9°C,2,2026-07-29,P
9°C,2,2026-07-30,P
9°C,2,2026-07-31,P
9°C,2,2026-08-03,P
9°C,2,2026-08-04,P
9°C,2,2026-08-05,P
9°C,2,2026-08-06,F
9°C,2,2026-08-07,F
9°C,2,2026-08-10,P
9°C,2,2026-08-11,F
9°C,2,2026-08-12,P
9°C,2,2026-08-13,P
9°C,2,2026-08-14,P
9°C,2,2026-08-17,P
9°C,2,2026-08-18,P
9°C,2,2026-08-19,P
9°C,2,2026-08-20,F
9°C,2,2026-08-21,P
9°C,2,2026-08-22,P
9°C,2,2026-08-24,P
9°C,2,2026-08-25,F
9°C,2,2026-08-26,P
9°C,2,2026-08-27,P
9°C,2,2026-08-28,F
9°C,2,2026-08-31,P
9°C,3,2026-05-04,P
9°C,3,2026-05-05,P
9°C,3,2026-05-06,P
9°C,3,2026-05-07,P
9°C,3,2026-05-08,P
9°C,3,2026-05-11,P
9°C,3,2026-05-12,P
9°C,3,2026-05-13,F
9°C,3,2026-05-14,P
9°C,3,2026-05-15,P
9°C,3,2026-05-18,P
9°C,3,2026-05-19,P
9°C,3,2026-05-20,P
9°C,3,2026-05-21,F
9°C,3,2026-05-22,F
9°C,3,2026-05-25,P
9°C,3,2026-05-26,P
9°C,3,2026-05-27,P
9°C,3,2026-05-28,F
9°C,3,2026-05-29,P
9°C,3,2026-06-01,P
9°C,3,2026-06-02,P
9°C,3,2026-06-03,P
9°C,3,2026-06-08,P
9°C,3,2026-06-09,P
9°C,3,2026-06-10,F
9°C,3,2026-06-11,F
9°C,3,2026-06-12,P
9°C,3,2026-06-15,P
9°C,3,2026-06-16,P
9°C,3,2026-06-17,P
9°C,3,2026-06-18,P
9°C,3,2026-06-19,F
9°C,3,2026-06-22,P
9°C,3,2026-06-23,P
9°C,3,2026-06-24,F
9°C,3,2026-06-25,P
9°C,3,2026-06-26,P
9°C,3,2026-06-29,P
9°C,3,2026-06-30,F
9°C,3,2026-07-01,P
9°C,3,2026-07-02,P
9°C,3,2026-07-03,P
9°C,3,2026-07-28,P
9°C,3,2026-07-29,P
9°C,3,2026-07-30,P
9°C,3,2026-07-31,P
9°C,3,2026-08-03,P
9°C,3,2026-08-04,P
9°C,3,2026-08-05,F
9°C,3,2026-08-06,P
9°C,3,2026-08-07,F
9°C,3,2026-08-10,P
9°C,3,2026-08-11,F
9°C,3,2026-08-12,P
9°C,3,2026-08-13,P
9°C,3,2026-08-14,P
9°C,3,2026-08-17,F
9°C,3,2026-08-18,F
9°C,3,2026-08-19,P
9°C,3,2026-08-20,P
9°C,3,2026-08-21,P
9°C,3,2026-08-22,P
9°C,3,2026-08-24,P
9°C,3,2026-08-25,F
9°C,3,2026-08-26,P
9°C,3,2026-08-27,P
9°C,3,2026-08-28,F
9°C,3,2026-08-31,P
9°C,4,2026-05-04,P
9°C,4,2026-05-05,P
9°C,4,2026-05-06,P
9°C,4,2026-05-07,F
9°C,4,2026-05-08,F
9°C,4,2026-05-11,P
9°C,4,2026-05-12,P
9°C,4,2026-05-13,P
9°C,4,2026-05-14,P
9°C,4,2026-05-15,P
9°C,4,2026-05-18,P
9°C,4,2026-05-19,P
9°C,4,2026-05-20,P
9°C,4,2026-05-21,P
9°C,4,2026-05-22,P
9°C,4,2026-05-25,P
9°C,4,2026-05-26,P
9°C,4,2026-05-27,P
9°C,4,2026-05-28,P
9°C,4,2026-05-29,P
9°C,4,2026-06-01,P
9°C,4,2026-06-02,P
9°C,4,2026-06-03,P
9°C,4,2026-06-08,P
9°C,4,2026-06-09,P
9°C,4,2026-06-10,P
9°C,4,2026-06-11,P
9°C,4,2026-06-12,P
9°C,4,2026-06-15,P
9°C,4,2026-06-16,P
9°C,4,2026-06-17,P
9°C,4,2026-06-18,P
9°C,4,2026-06-19,P
9°C,4,2026-06-22,P
9°C,4,2026-06-23,P
9°C,4,2026-06-24,F
9°C,4,2026-06-25,P
9°C,4,2026-06-26,P
9°C,4,2026-06-29,P
9°C,4,2026-06-30,P
9°C,4,2026-07-01,P
9°C,4,2026-07-02,P
9°C,4,2026-07-03,P
9°C,4,2026-07-28,P
9°C,4,2026-07-29,P
9°C,4,2026-07-30,P
9°C,4,2026-07-31,P
9°C,4,2026-08-03,F
9°C,4,2026-08-04,P
9°C,4,2026-08-05,P
9°C,4,2026-08-06,P
9°C,4,2026-08-07,F
9°C,4,2026-08-10,P
9°C,4,2026-08-11,P
9°C,4,2026-08-12,P
9°C,4,2026-08-13,P
9°C,4,2026-08-14,F
9°C,4,2026-08-17,P
9°C,4,2026-08-18,F
9°C,4,2026-08-19,P
9°C,4,2026-08-20,P
9°C,4,2026-08-21,P
9°C,4,2026-08-22,P
9°C,4,2026-08-24,P
9°C,4,2026-08-25,P
9°C,4,2026-08-26,F
9°C,4,2026-08-27,P
9°C,4,2026-08-28,F
9°C,4,2026-08-31,P
9°C,5,2026-05-04,P
9°C,5,2026-05-05,P
9°C,5,2026-05-06,P
9°C,5,2026-05-07,F
9°C,5,2026-05-08,P
9°C,5,2026-05-11,P
9°C,5,2026-05-12,P
9°C,5,2026-05-13,P
9°C,5,2026-05-14,P
9°C,5,2026-05-15,P
9°C,5,2026-05-18,P
9°C,5,2026-05-19,P
9°C,5,2026-05-20,F
9°C,5,2026-05-21,P
9°C,5,2026-05-22,P
9°C,5,2026-05-25,P
9°C,5,2026-05-26,F
9°C,5,2026-05-27,P
9°C,5,2026-05-28,P
9°C,5,2026-05-29,P
9°C,5,2026-06-01,P
9°C,5,2026-06-02,P
9°C,5,2026-06-03,P
9°C,5,2026-06-08,P
9°C,5,2026-06-09,P
9°C,5,2026-06-10,P
9°C,5,2026-06-11,P
9°C,5,2026-06-12,P
9°C,5,2026-06-15,P
9°C,5,2026-06-16,P
9°C,5,2026-06-17,P
9°C,5,2026-06-18,P
9°C,5,2026-06-19,P
9°C,5,2026-06-22,P
9°C,5,2026-06-23,P
9°C,5,2026-06-24,F
9°C,5,2026-06-25,P
9°C,5,2026-06-26,P
9°C,5,2026-06-29,F
9°C,5,2026-06-30,P
9°C,5,2026-07-01,P
9°C,5,2026-07-02,P
9°C,5,2026-07-03,P
9°C,5,2026-07-28,F
9°C,5,2026-07-29,P
9°C,5,2026-07-30,P
9°C,5,2026-07-31,P
9°C,5,2026-08-03,P
9°C,5,2026-08-04,P
9°C,5,2026-08-05,P
9°C,5,2026-08-06,P
9°C,5,2026-08-07,P
9°C,5,2026-08-10,P
9°C,5,2026-08-11,P
9°C,5,2026-08-12,P
9°C,5,2026-08-13,P
9°C,5,2026-08-14,P
9°C,5,2026-08-17,P
9°C,5,2026-08-18,P
9°C,5,2026-08-19,P
9°C,5,2026-08-20,P
9°C,5,2026-08-21,P
9°C,5,2026-08-22,P
9°C,5,2026-08-24,P
9°C,5,2026-08-25,P
9°C,5,2026-08-26,F
9°C,5,2026-08-27,P
9°C,5,2026-08-28,P
9°C,5,2026-08-31,P
9°C,6,2026-05-04,-
9°C,6,2026-05-05,-
9°C,6,2026-05-06,-
9°C,6,2026-05-07,-
9°C,6,2026-05-08,-
9°C,6,2026-05-11,-
9°C,6,2026-05-12,-
9°C,6,2026-05-13,-
9°C,6,2026-05-14,-
9°C,6,2026-05-15,-
9°C,6,2026-05-18,-
9°C,6,2026-05-19,-
9°C,6,2026-05-20,-
9°C,6,2026-05-21,-
9°C,6,2026-05-22,-
9°C,6,2026-05-25,-
9°C,6,2026-05-26,-
9°C,6,2026-05-27,-
9°C,6,2026-05-28,-
9°C,6,2026-05-29,-
9°C,6,2026-06-01,-
9°C,6,2026-06-02,-
9°C,6,2026-06-03,-
9°C,6,2026-06-08,-
9°C,6,2026-06-09,-
9°C,6,2026-06-10,-
9°C,6,2026-06-11,-
9°C,6,2026-06-12,-
9°C,6,2026-06-15,-
9°C,6,2026-06-16,-
9°C,6,2026-06-17,-
9°C,6,2026-06-18,-
9°C,6,2026-06-19,-
9°C,6,2026-06-22,-
9°C,6,2026-06-23,-
9°C,6,2026-06-24,-
9°C,6,2026-06-25,-
9°C,6,2026-06-26,-
9°C,6,2026-06-29,-
9°C,6,2026-06-30,-
9°C,6,2026-07-01,-
9°C,6,2026-07-02,-
9°C,6,2026-07-03,-
9°C,6,2026-07-28,-
9°C,6,2026-07-29,-
9°C,6,2026-07-30,-
9°C,6,2026-07-31,-
9°C,6,2026-08-03,-
9°C,6,2026-08-04,-
9°C,6,2026-08-05,-
9°C,6,2026-08-06,-
9°C,6,2026-08-07,-
9°C,6,2026-08-10,-
9°C,6,2026-08-11,-
9°C,6,2026-08-12,-
9°C,6,2026-08-13,-
9°C,6,2026-08-14,-
9°C,6,2026-08-17,-
9°C,6,2026-08-18,-
9°C,6,2026-08-19,-
9°C,6,2026-08-20,-
9°C,6,2026-08-21,-
9°C,6,2026-08-22,-
9°C,6,2026-08-24,-
9°C,6,2026-08-25,-
9°C,6,2026-08-26,-
9°C,6,2026-08-27,-
9°C,6,2026-08-28,-
9°C,6,2026-08-31,-
9°C,7,2026-05-04,P
9°C,7,2026-05-05,P
9°C,7,2026-05-06,P
9°C,7,2026-05-07,P
9°C,7,2026-05-08,P
9°C,7,2026-05-11,P
9°C,7,2026-05-12,P
9°C,7,2026-05-13,P
9°C,7,2026-05-14,P
9°C,7,2026-05-15,P
9°C,7,2026-05-18,P
9°C,7,2026-05-19,P
9°C,7,2026-05-20,P
9°C,7,2026-05-21,F
9°C,7,2026-05-22,P
9°C,7,2026-05-25,P
9°C,7,2026-05-26,P
9°C,7,2026-05-27,P
9°C,7,2026-05-28,P
9°C,7,2026-05-29,P
9°C,7,2026-06-01,P
9°C,7,2026-06-02,P
9°C,7,2026-06-03,P
9°C,7,2026-06-08,P
9°C,7,2026-06-09,P
9°C,7,2026-06-10,P
9°C,7,2026-06-11,P
9°C,7,2026-06-12,P
9°C,7,2026-06-15,P
9°C,7,2026-06-16,P
9°C,7,2026-06-17,P
9°C,7,2026-06-18,P
9°C,7,2026-06-19,P
9°C,7,2026-06-22,P
9°C,7,2026-06-23,P
9°C,7,2026-06-24,F
9°C,7,2026-06-25,P
9°C,7,2026-06-26,P
9°C,7,2026-06-29,P
9°C,7,2026-06-30,F
9°C,7,2026-07-01,P
9°C,7,2026-07-02,F
9°C,7,2026-07-03,P
9°C,7,2026-07-28,P
9°C,7,2026-07-29,P
9°C,7,2026-07-30,P
9°C,7,2026-07-31,P
9°C,7,2026-08-03,P
9°C,7,2026-08-04,P
9°C,7,2026-08-05,P
9°C,7,2026-08-06,P
9°C,7,2026-08-07,F
9°C,7,2026-08-10,P
9°C,7,2026-08-11,P
9°C,7,2026-08-12,P
9°C,7,2026-08-13,P
9°C,7,2026-08-14,P
9°C,7,2026-08-17,P
9°C,7,2026-08-18,P
9°C,7,2026-08-19,P
9°C,7,2026-08-20,P
9°C,7,2026-08-21,P
9°C,7,2026-08-22,P
9°C,7,2026-08-24,P
9°C,7,2026-08-25,F
9°C,7,2026-08-26,P
9°C,7,2026-08-27,P
9°C,7,2026-08-28,P
9°C,7,2026-08-31,P
9°C,8,2026-05-04,P
9°C,8,2026-05-05,P
9°C,8,2026-05-06,P
9°C,8,2026-05-07,P
9°C,8,2026-05-08,P
9°C,8,2026-05-11,P
9°C,8,2026-05-12,P
9°C,8,2026-05-13,P
9°C,8,2026-05-14,P
9°C,8,2026-05-15,P
9°C,8,2026-05-18,P
9°C,8,2026-05-19,P
9°C,8,2026-05-20,P
9°C,8,2026-05-21,P
9°C,8,2026-05-22,P
9°C,8,2026-05-25,P
9°C,8,2026-05-26,P
9°C,8,2026-05-27,P
9°C,8,2026-05-28,P
9°C,8,2026-05-29,P
9°C,8,2026-06-01,P
9°C,8,2026-06-02,P
9°C,8,2026-06-03,P
9°C,8,2026-06-08,P
9°C,8,2026-06-09,P
9°C,8,2026-06-10,P
9°C,8,2026-06-11,P
9°C,8,2026-06-12,P
9°C,8,2026-06-15,P
9°C,8,2026-06-16,P
9°C,8,2026-06-17,P
9°C,8,2026-06-18,P
9°C,8,2026-06-19,P
9°C,8,2026-06-22,P
9°C,8,2026-06-23,P
9°C,8,2026-06-24,P
9°C,8,2026-06-25,P
9°C,8,2026-06-26,P
9°C,8,2026-06-29,P
9°C,8,2026-06-30,P
9°C,8,2026-07-01,F
9°C,8,2026-07-02,F
9°C,8,2026-07-03,P
9°C,8,2026-07-28,P
9°C,8,2026-07-29,P
9°C,8,2026-07-30,P
9°C,8,2026-07-31,P
9°C,8,2026-08-03,P
9°C,8,2026-08-04,P
9°C,8,2026-08-05,P
9°C,8,2026-08-06,P
9°C,8,2026-08-07,F
9°C,8,2026-08-10,P
9°C,8,2026-08-11,P
9°C,8,2026-08-12,P
9°C,8,2026-08-13,P
9°C,8,2026-08-14,P
9°C,8,2026-08-17,P
9°C,8,2026-08-18,P
9°C,8,2026-08-19,P
9°C,8,2026-08-20,P
9°C,8,2026-08-21,P
9°C,8,2026-08-22,P
9°C,8,2026-08-24,P
9°C,8,2026-08-25,F
9°C,8,2026-08-26,P
9°C,8,2026-08-27,P
9°C,8,2026-08-28,P
9°C,8,2026-08-31,F
9°C,9,2026-05-04,P
9°C,9,2026-05-05,P
9°C,9,2026-05-06,P
9°C,9,2026-05-07,P
9°C,9,2026-05-08,P
9°C,9,2026-05-11,P
9°C,9,2026-05-12,P
9°C,9,2026-05-13,P
9°C,9,2026-05-14,P
9°C,9,2026-05-15,P
9°C,9,2026-05-18,F
9°C,9,2026-05-19,P
9°C,9,2026-05-20,F
9°C,9,2026-05-21,F
9°C,9,2026-05-22,F
9°C,9,2026-05-25,P
9°C,9,2026-05-26,P
9°C,9,2026-05-27,-
9°C,9,2026-05-28,-
9°C,9,2026-05-29,-
9°C,9,2026-06-01,-
9°C,9,2026-06-02,-
9°C,9,2026-06-03,-
9°C,9,2026-06-08,-
9°C,9,2026-06-09,-
9°C,9,2026-06-10,-
9°C,9,2026-06-11,-
9°C,9,2026-06-12,-
9°C,9,2026-06-15,-
9°C,9,2026-06-16,-
9°C,9,2026-06-17,-
9°C,9,2026-06-18,-
9°C,9,2026-06-19,-
9°C,9,2026-06-22,-
9°C,9,2026-06-23,-
9°C,9,2026-06-24,-
9°C,9,2026-06-25,-
9°C,9,2026-06-26,-
9°C,9,2026-06-29,-
9°C,9,2026-06-30,-
9°C,9,2026-07-01,-
9°C,9,2026-07-02,-
9°C,9,2026-07-03,-
9°C,9,2026-07-28,-
9°C,9,2026-07-29,-
9°C,9,2026-07-30,-
9°C,9,2026-07-31,-
9°C,9,2026-08-03,-
9°C,9,2026-08-04,-
9°C,9,2026-08-05,-
9°C,9,2026-08-06,-
9°C,9,2026-08-07,-
9°C,9,2026-08-10,-
9°C,9,2026-08-11,-
9°C,9,2026-08-12,-
9°C,9,2026-08-13,-
9°C,9,2026-08-14,-
9°C,9,2026-08-17,-
9°C,9,2026-08-18,-
9°C,9,2026-08-19,-
9°C,9,2026-08-20,-
9°C,9,2026-08-21,-
9°C,9,2026-08-22,-
9°C,9,2026-08-24,-
9°C,9,2026-08-25,-
9°C,9,2026-08-26,-
9°C,9,2026-08-27,-
9°C,9,2026-08-28,-
9°C,9,2026-08-31,-
9°C,10,2026-05-04,P
9°C,10,2026-05-05,P
9°C,10,2026-05-06,P
9°C,10,2026-05-07,F
9°C,10,2026-05-08,P
9°C,10,2026-05-11,P
9°C,10,2026-05-12,P
9°C,10,2026-05-13,P
9°C,10,2026-05-14,F
9°C,10,2026-05-15,P
9°C,10,2026-05-18,F
9°C,10,2026-05-19,P
9°C,10,2026-05-20,P
9°C,10,2026-05-21,F
9°C,10,2026-05-22,P
9°C,10,2026-05-25,F
9°C,10,2026-05-26,P
9°C,10,2026-05-27,P
9°C,10,2026-05-28,P
9°C,10,2026-05-29,F
9°C,10,2026-06-01,P
9°C,10,2026-06-02,P
9°C,10,2026-06-03,P
9°C,10,2026-06-08,P
9°C,10,2026-06-09,P
9°C,10,2026-06-10,F
9°C,10,2026-06-11,P
9°C,10,2026-06-12,F
9°C,10,2026-06-15,P
9°C,10,2026-06-16,P
9°C,10,2026-06-17,P
9°C,10,2026-06-18,F
9°C,10,2026-06-19,P
9°C,10,2026-06-22,P
9°C,10,2026-06-23,P
9°C,10,2026-06-24,F
9°C,10,2026-06-25,P
9°C,10,2026-06-26,P
9°C,10,2026-06-29,P
9°C,10,2026-06-30,P
9°C,10,2026-07-01,P
9°C,10,2026-07-02,P
9°C,10,2026-07-03,P
9°C,10,2026-07-28,F
9°C,10,2026-07-29,P
9°C,10,2026-07-30,P
9°C,10,2026-07-31,F
9°C,10,2026-08-03,P
9°C,10,2026-08-04,P
9°C,10,2026-08-05,F
9°C,10,2026-08-06,P
9°C,10,2026-08-07,F
9°C,10,2026-08-10,F
9°C,10,2026-08-11,F
9°C,10,2026-08-12,P
9°C,10,2026-08-13,P
9°C,10,2026-08-14,F
9°C,10,2026-08-17,F
9°C,10,2026-08-18,P
9°C,10,2026-08-19,P
9°C,10,2026-08-20,F
9°C,10,2026-08-21,P
9°C,10,2026-08-22,P
9°C,10,2026-08-24,P
9°C,10,2026-08-25,F
9°C,10,2026-08-26,F
9°C,10,2026-08-27,P
9°C,10,2026-08-28,P
9°C,10,2026-08-31,P
9°C,11,2026-05-04,P
9°C,11,2026-05-05,P
9°C,11,2026-05-06,P
9°C,11,2026-05-07,F
9°C,11,2026-05-08,P
9°C,11,2026-05-11,P
9°C,11,2026-05-12,P
9°C,11,2026-05-13,F
9°C,11,2026-05-14,P
9°C,11,2026-05-15,F
9°C,11,2026-05-18,P
9°C,11,2026-05-19,P
9°C,11,2026-05-20,P
9°C,11,2026-05-21,P
9°C,11,2026-05-22,P
9°C,11,2026-05-25,F
9°C,11,2026-05-26,P
9°C,11,2026-05-27,F
9°C,11,2026-05-28,P
9°C,11,2026-05-29,P
9°C,11,2026-06-01,P
9°C,11,2026-06-02,P
9°C,11,2026-06-03,P
9°C,11,2026-06-08,P
9°C,11,2026-06-09,P
9°C,11,2026-06-10,P
9°C,11,2026-06-11,P
9°C,11,2026-06-12,F
9°C,11,2026-06-15,P
9°C,11,2026-06-16,P
9°C,11,2026-06-17,P
9°C,11,2026-06-18,P
9°C,11,2026-06-19,P
9°C,11,2026-06-22,P
9°C,11,2026-06-23,P
9°C,11,2026-06-24,F
9°C,11,2026-06-25,P
9°C,11,2026-06-26,P
9°C,11,2026-06-29,P
9°C,11,2026-06-30,F
9°C,11,2026-07-01,F
9°C,11,2026-07-02,F
9°C,11,2026-07-03,P
9°C,11,2026-07-28,F
9°C,11,2026-07-29,F
9°C,11,2026-07-30,P
9°C,11,2026-07-31,P
9°C,11,2026-08-03,P
9°C,11,2026-08-04,P
9°C,11,2026-08-05,P
9°C,11,2026-08-06,P
9°C,11,2026-08-07,F
9°C,11,2026-08-10,F
9°C,11,2026-08-11,P
9°C,11,2026-08-12,P
9°C,11,2026-08-13,P
9°C,11,2026-08-14,F
9°C,11,2026-08-17,P
9°C,11,2026-08-18,F
9°C,11,2026-08-19,P
9°C,11,2026-08-20,F
9°C,11,2026-08-21,P
9°C,11,2026-08-22,P
9°C,11,2026-08-24,P
9°C,11,2026-08-25,P
9°C,11,2026-08-26,F
9°C,11,2026-08-27,P
9°C,11,2026-08-28,P
9°C,11,2026-08-31,F
9°C,12,2026-05-04,P
9°C,12,2026-05-05,P
9°C,12,2026-05-06,P
9°C,12,2026-05-07,P
9°C,12,2026-05-08,P
9°C,12,2026-05-11,P
9°C,12,2026-05-12,P
9°C,12,2026-05-13,P
9°C,12,2026-05-14,P
9°C,12,2026-05-15,P
9°C,12,2026-05-18,P
9°C,12,2026-05-19,P
9°C,12,2026-05-20,P
9°C,12,2026-05-21,P
9°C,12,2026-05-22,P
9°C,12,2026-05-25,P
9°C,12,2026-05-26,P
9°C,12,2026-05-27,P
9°C,12,2026-05-28,P
9°C,12,2026-05-29,P
9°C,12,2026-06-01,P
9°C,12,2026-06-02,P
9°C,12,2026-06-03,P
9°C,12,2026-06-08,P
9°C,12,2026-06-09,P
9°C,12,2026-06-10,P
9°C,12,2026-06-11,P
9°C,12,2026-06-12,P
9°C,12,2026-06-15,P
9°C,12,2026-06-16,P
9°C,12,2026-06-17,P
9°C,12,2026-06-18,P
9°C,12,2026-06-19,P
9°C,12,2026-06-22,P
9°C,12,2026-06-23,P
9°C,12,2026-06-24,P
9°C,12,2026-06-25,P
9°C,12,2026-06-26,P
9°C,12,2026-06-29,F
9°C,12,2026-06-30,P
9°C,12,2026-07-01,P
9°C,12,2026-07-02,F
9°C,12,2026-07-03,P
9°C,12,2026-07-28,P
9°C,12,2026-07-29,P
9°C,12,2026-07-30,P
9°C,12,2026-07-31,P
9°C,12,2026-08-03,P
9°C,12,2026-08-04,P
9°C,12,2026-08-05,P
9°C,12,2026-08-06,P
9°C,12,2026-08-07,F
9°C,12,2026-08-10,P
9°C,12,2026-08-11,P
9°C,12,2026-08-12,P
9°C,12,2026-08-13,P
9°C,12,2026-08-14,P
9°C,12,2026-08-17,P
9°C,12,2026-08-18,P
9°C,12,2026-08-19,P
9°C,12,2026-08-20,P
9°C,12,2026-08-21,P
9°C,12,2026-08-22,P
9°C,12,2026-08-24,P
9°C,12,2026-08-25,P
9°C,12,2026-08-26,P
9°C,12,2026-08-27,P
9°C,12,2026-08-28,P
9°C,12,2026-08-31,P
9°C,13,2026-05-04,P
9°C,13,2026-05-05,P
9°C,13,2026-05-06,P
9°C,13,2026-05-07,P
9°C,13,2026-05-08,P
9°C,13,2026-05-11,P
9°C,13,2026-05-12,P
9°C,13,2026-05-13,P
9°C,13,2026-05-14,P
9°C,13,2026-05-15,F
9°C,13,2026-05-18,P
9°C,13,2026-05-19,P
9°C,13,2026-05-20,P
9°C,13,2026-05-21,P
9°C,13,2026-05-22,P
9°C,13,2026-05-25,P
9°C,13,2026-05-26,P
9°C,13,2026-05-27,P
9°C,13,2026-05-28,F
9°C,13,2026-05-29,F
9°C,13,2026-06-01,F
9°C,13,2026-06-02,P
9°C,13,2026-06-03,P
9°C,13,2026-06-08,P
9°C,13,2026-06-09,P
9°C,13,2026-06-10,P
9°C,13,2026-06-11,P
9°C,13,2026-06-12,P
9°C,13,2026-06-15,F
9°C,13,2026-06-16,F
9°C,13,2026-06-17,P
9°C,13,2026-06-18,P
9°C,13,2026-06-19,P
9°C,13,2026-06-22,P
9°C,13,2026-06-23,P
9°C,13,2026-06-24,F
9°C,13,2026-06-25,P
9°C,13,2026-06-26,P
9°C,13,2026-06-29,P
9°C,13,2026-06-30,P
9°C,13,2026-07-01,P
9°C,13,2026-07-02,P
9°C,13,2026-07-03,P
9°C,13,2026-07-28,P
9°C,13,2026-07-29,P
9°C,13,2026-07-30,P
9°C,13,2026-07-31,P
9°C,13,2026-08-03,P
9°C,13,2026-08-04,P
9°C,13,2026-08-05,P
9°C,13,2026-08-06,P
9°C,13,2026-08-07,F
9°C,13,2026-08-10,P
9°C,13,2026-08-11,F
9°C,13,2026-08-12,P
9°C,13,2026-08-13,P
9°C,13,2026-08-14,F
9°C,13,2026-08-17,P
9°C,13,2026-08-18,P
9°C,13,2026-08-19,P
9°C,13,2026-08-20,P
9°C,13,2026-08-21,P
9°C,13,2026-08-22,P
9°C,13,2026-08-24,F
9°C,13,2026-08-25,F
9°C,13,2026-08-26,P
9°C,13,2026-08-27,P
9°C,13,2026-08-28,P
9°C,13,2026-08-31,P
9°C,14,2026-05-04,P
9°C,14,2026-05-05,P
9°C,14,2026-05-06,P
9°C,14,2026-05-07,P
9°C,14,2026-05-08,F
9°C,14,2026-05-11,P
9°C,14,2026-05-12,P
9°C,14,2026-05-13,P
9°C,14,2026-05-14,F
9°C,14,2026-05-15,P
9°C,14,2026-05-18,P
9°C,14,2026-05-19,P
9°C,14,2026-05-20,P
9°C,14,2026-05-21,P
9°C,14,2026-05-22,F
9°C,14,2026-05-25,P
9°C,14,2026-05-26,P
9°C,14,2026-05-27,F
9°C,14,2026-05-28,F
9°C,14,2026-05-29,P
9°C,14,2026-06-01,P
9°C,14,2026-06-02,P
9°C,14,2026-06-03,F
9°C,14,2026-06-08,F
9°C,14,2026-06-09,P
9°C,14,2026-06-10,P
9°C,14,2026-06-11,P
9°C,14,2026-06-12,P
9°C,14,2026-06-15,F
9°C,14,2026-06-16,P
9°C,14,2026-06-17,P
9°C,14,2026-06-18,P
9°C,14,2026-06-19,P
9°C,14,2026-06-22,P
9°C,14,2026-06-23,P
9°C,14,2026-06-24,F
9°C,14,2026-06-25,P
9°C,14,2026-06-26,P
9°C,14,2026-06-29,P
9°C,14,2026-06-30,P
9°C,14,2026-07-01,P
9°C,14,2026-07-02,F
9°C,14,2026-07-03,P
9°C,14,2026-07-28,F
9°C,14,2026-07-29,P
9°C,14,2026-07-30,P
9°C,14,2026-07-31,P
9°C,14,2026-08-03,P
9°C,14,2026-08-04,P
9°C,14,2026-08-05,F
9°C,14,2026-08-06,P
9°C,14,2026-08-07,F
9°C,14,2026-08-10,F
9°C,14,2026-08-11,F
9°C,14,2026-08-12,P
9°C,14,2026-08-13,F
9°C,14,2026-08-14,P
9°C,14,2026-08-17,P
9°C,14,2026-08-18,P
9°C,14,2026-08-19,P
9°C,14,2026-08-20,P
9°C,14,2026-08-21,P
9°C,14,2026-08-22,P
9°C,14,2026-08-24,P
9°C,14,2026-08-25,F
9°C,14,2026-08-26,P
9°C,14,2026-08-27,P
9°C,14,2026-08-28,P
9°C,14,2026-08-31,P
9°C,15,2026-05-04,P
9°C,15,2026-05-05,P
9°C,15,2026-05-06,P
9°C,15,2026-05-07,P
9°C,15,2026-05-08,P
9°C,15,2026-05-11,P
9°C,15,2026-05-12,P
9°C,15,2026-05-13,P
9°C,15,2026-05-14,P
9°C,15,2026-05-15,P
9°C,15,2026-05-18,F
9°C,15,2026-05-19,P
9°C,15,2026-05-20,P
9°C,15,2026-05-21,P
9°C,15,2026-05-22,P
9°C,15,2026-05-25,P
9°C,15,2026-05-26,P
9°C,15,2026-05-27,P
9°C,15,2026-05-28,P
9°C,15,2026-05-29,P
9°C,15,2026-06-01,P
9°C,15,2026-06-02,P
9°C,15,2026-06-03,P
9°C,15,2026-06-08,P
9°C,15,2026-06-09,P
9°C,15,2026-06-10,P
9°C,15,2026-06-11,P
9°C,15,2026-06-12,P
9°C,15,2026-06-15,P
9°C,15,2026-06-16,P
9°C,15,2026-06-17,P
9°C,15,2026-06-18,P
9°C,15,2026-06-19,P
9°C,15,2026-06-22,P
9°C,15,2026-06-23,P
9°C,15,2026-06-24,P
9°C,15,2026-06-25,P
9°C,15,2026-06-26,P
9°C,15,2026-06-29,P
9°C,15,2026-06-30,P
9°C,15,2026-07-01,F
9°C,15,2026-07-02,F
9°C,15,2026-07-03,P
9°C,15,2026-07-28,F
9°C,15,2026-07-29,F
9°C,15,2026-07-30,F
9°C,15,2026-07-31,F
9°C,15,2026-08-03,P
9°C,15,2026-08-04,P
9°C,15,2026-08-05,P
9°C,15,2026-08-06,P
9°C,15,2026-08-07,F
9°C,15,2026-08-10,P
9°C,15,2026-08-11,P
9°C,15,2026-08-12,F
9°C,15,2026-08-13,P
9°C,15,2026-08-14,P
9°C,15,2026-08-17,P
9°C,15,2026-08-18,P
9°C,15,2026-08-19,P
9°C,15,2026-08-20,F
9°C,15,2026-08-21,P
9°C,15,2026-08-22,P
9°C,15,2026-08-24,P
9°C,15,2026-08-25,F
9°C,15,2026-08-26,P
9°C,15,2026-08-27,P
9°C,15,2026-08-28,P
9°C,15,2026-08-31,F
9°C,16,2026-05-04,P
9°C,16,2026-05-05,P
9°C,16,2026-05-06,P
9°C,16,2026-05-07,P
9°C,16,2026-05-08,P
9°C,16,2026-05-11,P
9°C,16,2026-05-12,P
9°C,16,2026-05-13,P
9°C,16,2026-05-14,P
9°C,16,2026-05-15,P
9°C,16,2026-05-18,P
9°C,16,2026-05-19,P
9°C,16,2026-05-20,P
9°C,16,2026-05-21,P
9°C,16,2026-05-22,P
9°C,16,2026-05-25,P
9°C,16,2026-05-26,P
9°C,16,2026-05-27,P
9°C,16,2026-05-28,P
9°C,16,2026-05-29,P
9°C,16,2026-06-01,P
9°C,16,2026-06-02,P
9°C,16,2026-06-03,P
9°C,16,2026-06-08,P
9°C,16,2026-06-09,P
9°C,16,2026-06-10,P
9°C,16,2026-06-11,P
9°C,16,2026-06-12,P
9°C,16,2026-06-15,P
9°C,16,2026-06-16,P
9°C,16,2026-06-17,P
9°C,16,2026-06-18,P
9°C,16,2026-06-19,P
9°C,16,2026-06-22,P
9°C,16,2026-06-23,P
9°C,16,2026-06-24,P
9°C,16,2026-06-25,P
9°C,16,2026-06-26,P
9°C,16,2026-06-29,P
9°C,16,2026-06-30,P
9°C,16,2026-07-01,P
9°C,16,2026-07-02,P
9°C,16,2026-07-03,P
9°C,16,2026-07-28,P
9°C,16,2026-07-29,P
9°C,16,2026-07-30,P
9°C,16,2026-07-31,P
9°C,16,2026-08-03,P
9°C,16,2026-08-04,P
9°C,16,2026-08-05,P
9°C,16,2026-08-06,P
9°C,16,2026-08-07,F
9°C,16,2026-08-10,P
9°C,16,2026-08-11,P
9°C,16,2026-08-12,P
9°C,16,2026-08-13,P
9°C,16,2026-08-14,P
9°C,16,2026-08-17,P
9°C,16,2026-08-18,P
9°C,16,2026-08-19,P
9°C,16,2026-08-20,P
9°C,16,2026-08-21,P
9°C,16,2026-08-22,P
9°C,16,2026-08-24,P
9°C,16,2026-08-25,F
9°C,16,2026-08-26,P
9°C,16,2026-08-27,P
9°C,16,2026-08-28,P
9°C,16,2026-08-31,P
9°C,17,2026-05-04,P
9°C,17,2026-05-05,P
9°C,17,2026-05-06,P
9°C,17,2026-05-07,P
9°C,17,2026-05-08,P
9°C,17,2026-05-11,P
9°C,17,2026-05-12,P
9°C,17,2026-05-13,P
9°C,17,2026-05-14,P
9°C,17,2026-05-15,P
9°C,17,2026-05-18,P
9°C,17,2026-05-19,P
9°C,17,2026-05-20,P
9°C,17,2026-05-21,P
9°C,17,2026-05-22,F
9°C,17,2026-05-25,P
9°C,17,2026-05-26,P
9°C,17,2026-05-27,P
9°C,17,2026-05-28,P
9°C,17,2026-05-29,P
9°C,17,2026-06-01,P
9°C,17,2026-06-02,P
9°C,17,2026-06-03,F
9°C,17,2026-06-08,F
9°C,17,2026-06-09,P
9°C,17,2026-06-10,P
9°C,17,2026-06-11,P
9°C,17,2026-06-12,P
9°C,17,2026-06-15,P
9°C,17,2026-06-16,P
9°C,17,2026-06-17,P
9°C,17,2026-06-18,P
9°C,17,2026-06-19,P
9°C,17,2026-06-22,P
9°C,17,2026-06-23,P
9°C,17,2026-06-24,F
9°C,17,2026-06-25,P
9°C,17,2026-06-26,P
9°C,17,2026-06-29,P
9°C,17,2026-06-30,P
9°C,17,2026-07-01,P
9°C,17,2026-07-02,P
9°C,17,2026-07-03,P
9°C,17,2026-07-28,P
9°C,17,2026-07-29,F
9°C,17,2026-07-30,P
9°C,17,2026-07-31,P
9°C,17,2026-08-03,P
9°C,17,2026-08-04,P
9°C,17,2026-08-05,P
9°C,17,2026-08-06,P
9°C,17,2026-08-07,F
9°C,17,2026-08-10,P
9°C,17,2026-08-11,P
9°C,17,2026-08-12,P
9°C,17,2026-08-13,P
9°C,17,2026-08-14,P
9°C,17,2026-08-17,P
9°C,17,2026-08-18,F
9°C,17,2026-08-19,P
9°C,17,2026-08-20,P
9°C,17,2026-08-21,P
9°C,17,2026-08-22,P
9°C,17,2026-08-24,P
9°C,17,2026-08-25,F
9°C,17,2026-08-26,P
9°C,17,2026-08-27,P
9°C,17,2026-08-28,P
9°C,17,2026-08-31,P
9°C,18,2026-05-04,P
9°C,18,2026-05-05,P
9°C,18,2026-05-06,P
9°C,18,2026-05-07,P
9°C,18,2026-05-08,F
9°C,18,2026-05-11,F
9°C,18,2026-05-12,P
9°C,18,2026-05-13,F
9°C,18,2026-05-14,P
9°C,18,2026-05-15,P
9°C,18,2026-05-18,P
9°C,18,2026-05-19,F
9°C,18,2026-05-20,P
9°C,18,2026-05-21,F
9°C,18,2026-05-22,P
9°C,18,2026-05-25,F
9°C,18,2026-05-26,P
9°C,18,2026-05-27,P
9°C,18,2026-05-28,F
9°C,18,2026-05-29,P
9°C,18,2026-06-01,P
9°C,18,2026-06-02,P
9°C,18,2026-06-03,P
9°C,18,2026-06-08,P
9°C,18,2026-06-09,P
9°C,18,2026-06-10,P
9°C,18,2026-06-11,P
9°C,18,2026-06-12,F
9°C,18,2026-06-15,P
9°C,18,2026-06-16,P
9°C,18,2026-06-17,P
9°C,18,2026-06-18,F
9°C,18,2026-06-19,P
9°C,18,2026-06-22,F
9°C,18,2026-06-23,P
9°C,18,2026-06-24,F
9°C,18,2026-06-25,P
9°C,18,2026-06-26,F
9°C,18,2026-06-29,P
9°C,18,2026-06-30,F
9°C,18,2026-07-01,P
9°C,18,2026-07-02,P
9°C,18,2026-07-03,P
9°C,18,2026-07-28,P
9°C,18,2026-07-29,P
9°C,18,2026-07-30,F
9°C,18,2026-07-31,F
9°C,18,2026-08-03,F
9°C,18,2026-08-04,P
9°C,18,2026-08-05,P
9°C,18,2026-08-06,P
9°C,18,2026-08-07,F
9°C,18,2026-08-10,P
9°C,18,2026-08-11,P
9°C,18,2026-08-12,P
9°C,18,2026-08-13,P
9°C,18,2026-08-14,F
9°C,18,2026-08-17,P
9°C,18,2026-08-18,F
9°C,18,2026-08-19,P
9°C,18,2026-08-20,F
9°C,18,2026-08-21,P
9°C,18,2026-08-22,P
9°C,18,2026-08-24,P
9°C,18,2026-08-25,F
9°C,18,2026-08-26,P
9°C,18,2026-08-27,P
9°C,18,2026-08-28,P
9°C,18,2026-08-31,P
9°C,19,2026-05-04,P
9°C,19,2026-05-05,P
9°C,19,2026-05-06,P
9°C,19,2026-05-07,P
9°C,19,2026-05-08,P
9°C,19,2026-05-11,P
9°C,19,2026-05-12,P
9°C,19,2026-05-13,P
9°C,19,2026-05-14,P
9°C,19,2026-05-15,P
9°C,19,2026-05-18,P
9°C,19,2026-05-19,P
9°C,19,2026-05-20,P
9°C,19,2026-05-21,P
9°C,19,2026-05-22,F
9°C,19,2026-05-25,P
9°C,19,2026-05-26,P
9°C,19,2026-05-27,P
9°C,19,2026-05-28,P
9°C,19,2026-05-29,P
9°C,19,2026-06-01,P
9°C,19,2026-06-02,P
9°C,19,2026-06-03,P
9°C,19,2026-06-08,P
9°C,19,2026-06-09,F
9°C,19,2026-06-10,P
9°C,19,2026-06-11,P
9°C,19,2026-06-12,P
9°C,19,2026-06-15,P
9°C,19,2026-06-16,P
9°C,19,2026-06-17,P
9°C,19,2026-06-18,P
9°C,19,2026-06-19,P
9°C,19,2026-06-22,P
9°C,19,2026-06-23,P
9°C,19,2026-06-24,P
9°C,19,2026-06-25,P
9°C,19,2026-06-26,P
9°C,19,2026-06-29,P
9°C,19,2026-06-30,P
9°C,19,2026-07-01,P
9°C,19,2026-07-02,P
9°C,19,2026-07-03,P
9°C,19,2026-07-28,F
9°C,19,2026-07-29,P
9°C,19,2026-07-30,P
9°C,19,2026-07-31,F
9°C,19,2026-08-03,P
9°C,19,2026-08-04,P
9°C,19,2026-08-05,F
9°C,19,2026-08-06,P
9°C,19,2026-08-07,F
9°C,19,2026-08-10,P
9°C,19,2026-08-11,F
9°C,19,2026-08-12,P
9°C,19,2026-08-13,F
9°C,19,2026-08-14,F
9°C,19,2026-08-17,F
9°C,19,2026-08-18,P
9°C,19,2026-08-19,P
9°C,19,2026-08-20,P
9°C,19,2026-08-21,P
9°C,19,2026-08-22,P
9°C,19,2026-08-24,P
9°C,19,2026-08-25,F
9°C,19,2026-08-26,P
9°C,19,2026-08-27,P
9°C,19,2026-08-28,P
9°C,19,2026-08-31,F
9°C,20,2026-05-04,P
9°C,20,2026-05-05,P
9°C,20,2026-05-06,P
9°C,20,2026-05-07,F
9°C,20,2026-05-08,F
9°C,20,2026-05-11,P
9°C,20,2026-05-12,P
9°C,20,2026-05-13,P
9°C,20,2026-05-14,F
9°C,20,2026-05-15,F
9°C,20,2026-05-18,P
9°C,20,2026-05-19,P
9°C,20,2026-05-20,P
9°C,20,2026-05-21,P
9°C,20,2026-05-22,F
9°C,20,2026-05-25,F
9°C,20,2026-05-26,P
9°C,20,2026-05-27,F
9°C,20,2026-05-28,F
9°C,20,2026-05-29,F
9°C,20,2026-06-01,P
9°C,20,2026-06-02,P
9°C,20,2026-06-03,F
9°C,20,2026-06-08,F
9°C,20,2026-06-09,P
9°C,20,2026-06-10,P
9°C,20,2026-06-11,F
9°C,20,2026-06-12,F
9°C,20,2026-06-15,F
9°C,20,2026-06-16,P
9°C,20,2026-06-17,F
9°C,20,2026-06-18,F
9°C,20,2026-06-19,P
9°C,20,2026-06-22,P
9°C,20,2026-06-23,P
9°C,20,2026-06-24,F
9°C,20,2026-06-25,P
9°C,20,2026-06-26,F
9°C,20,2026-06-29,F
9°C,20,2026-06-30,P
9°C,20,2026-07-01,P
9°C,20,2026-07-02,F
9°C,20,2026-07-03,P
9°C,20,2026-07-28,P
9°C,20,2026-07-29,P
9°C,20,2026-07-30,P
9°C,20,2026-07-31,P
9°C,20,2026-08-03,P
9°C,20,2026-08-04,F
9°C,20,2026-08-05,P
9°C,20,2026-08-06,P
9°C,20,2026-08-07,F
9°C,20,2026-08-10,P
9°C,20,2026-08-11,F
9°C,20,2026-08-12,P
9°C,20,2026-08-13,P
9°C,20,2026-08-14,P
9°C,20,2026-08-17,F
9°C,20,2026-08-18,F
9°C,20,2026-08-19,P
9°C,20,2026-08-20,P
9°C,20,2026-08-21,P
9°C,20,2026-08-22,P
9°C,20,2026-08-24,P
9°C,20,2026-08-25,F
9°C,20,2026-08-26,P
9°C,20,2026-08-27,P
9°C,20,2026-08-28,P
9°C,20,2026-08-31,F
9°C,21,2026-05-04,P
9°C,21,2026-05-05,P
9°C,21,2026-05-06,P
9°C,21,2026-05-07,P
9°C,21,2026-05-08,P
9°C,21,2026-05-11,P
9°C,21,2026-05-12,P
9°C,21,2026-05-13,P
9°C,21,2026-05-14,P
9°C,21,2026-05-15,P
9°C,21,2026-05-18,P
9°C,21,2026-05-19,F
9°C,21,2026-05-20,P
9°C,21,2026-05-21,P
9°C,21,2026-05-22,P
9°C,21,2026-05-25,P
9°C,21,2026-05-26,P
9°C,21,2026-05-27,F
9°C,21,2026-05-28,P
9°C,21,2026-05-29,F
9°C,21,2026-06-01,P
9°C,21,2026-06-02,F
9°C,21,2026-06-03,P
9°C,21,2026-06-08,P
9°C,21,2026-06-09,P
9°C,21,2026-06-10,F
9°C,21,2026-06-11,P
9°C,21,2026-06-12,P
9°C,21,2026-06-15,P
9°C,21,2026-06-16,P
9°C,21,2026-06-17,P
9°C,21,2026-06-18,P
9°C,21,2026-06-19,P
9°C,21,2026-06-22,P
9°C,21,2026-06-23,P
9°C,21,2026-06-24,F
9°C,21,2026-06-25,P
9°C,21,2026-06-26,F
9°C,21,2026-06-29,F
9°C,21,2026-06-30,P
9°C,21,2026-07-01,P
9°C,21,2026-07-02,F
9°C,21,2026-07-03,P
9°C,21,2026-07-28,P
9°C,21,2026-07-29,F
9°C,21,2026-07-30,P
9°C,21,2026-07-31,P
9°C,21,2026-08-03,P
9°C,21,2026-08-04,F
9°C,21,2026-08-05,P
9°C,21,2026-08-06,P
9°C,21,2026-08-07,F
9°C,21,2026-08-10,F
9°C,21,2026-08-11,F
9°C,21,2026-08-12,P
9°C,21,2026-08-13,P
9°C,21,2026-08-14,F
9°C,21,2026-08-17,P
9°C,21,2026-08-18,P
9°C,21,2026-08-19,F
9°C,21,2026-08-20,F
9°C,21,2026-08-21,P
9°C,21,2026-08-22,P
9°C,21,2026-08-24,P
9°C,21,2026-08-25,F
9°C,21,2026-08-26,P
9°C,21,2026-08-27,P
9°C,21,2026-08-28,F
9°C,21,2026-08-31,P
9°C,22,2026-05-04,P
9°C,22,2026-05-05,P
9°C,22,2026-05-06,P
9°C,22,2026-05-07,P
9°C,22,2026-05-08,P
9°C,22,2026-05-11,P
9°C,22,2026-05-12,P
9°C,22,2026-05-13,P
9°C,22,2026-05-14,P
9°C,22,2026-05-15,P
9°C,22,2026-05-18,P
9°C,22,2026-05-19,F
9°C,22,2026-05-20,P
9°C,22,2026-05-21,P
9°C,22,2026-05-22,F
9°C,22,2026-05-25,P
9°C,22,2026-05-26,P
9°C,22,2026-05-27,P
9°C,22,2026-05-28,P
9°C,22,2026-05-29,F
9°C,22,2026-06-01,P
9°C,22,2026-06-02,P
9°C,22,2026-06-03,P
9°C,22,2026-06-08,P
9°C,22,2026-06-09,P
9°C,22,2026-06-10,F
9°C,22,2026-06-11,F
9°C,22,2026-06-12,P
9°C,22,2026-06-15,P
9°C,22,2026-06-16,P
9°C,22,2026-06-17,P
9°C,22,2026-06-18,P
9°C,22,2026-06-19,P
9°C,22,2026-06-22,P
9°C,22,2026-06-23,F
9°C,22,2026-06-24,P
9°C,22,2026-06-25,P
9°C,22,2026-06-26,P
9°C,22,2026-06-29,P
9°C,22,2026-06-30,P
9°C,22,2026-07-01,P
9°C,22,2026-07-02,F
9°C,22,2026-07-03,P
9°C,22,2026-07-28,F
9°C,22,2026-07-29,P
9°C,22,2026-07-30,F
9°C,22,2026-07-31,F
9°C,22,2026-08-03,P
9°C,22,2026-08-04,P
9°C,22,2026-08-05,F
9°C,22,2026-08-06,P
9°C,22,2026-08-07,F
9°C,22,2026-08-10,F
9°C,22,2026-08-11,F
9°C,22,2026-08-12,P
9°C,22,2026-08-13,F
9°C,22,2026-08-14,F
9°C,22,2026-08-17,P
9°C,22,2026-08-18,F
9°C,22,2026-08-19,P
9°C,22,2026-08-20,P
9°C,22,2026-08-21,P
9°C,22,2026-08-22,P
9°C,22,2026-08-24,P
9°C,22,2026-08-25,F
9°C,22,2026-08-26,P
9°C,22,2026-08-27,P
9°C,22,2026-08-28,P
9°C,22,2026-08-31,F
9°C,23,2026-05-04,P
9°C,23,2026-05-05,P
9°C,23,2026-05-06,P
9°C,23,2026-05-07,P
9°C,23,2026-05-08,P
9°C,23,2026-05-11,P
9°C,23,2026-05-12,P
9°C,23,2026-05-13,P
9°C,23,2026-05-14,F
9°C,23,2026-05-15,P
9°C,23,2026-05-18,P
9°C,23,2026-05-19,P
9°C,23,2026-05-20,P
9°C,23,2026-05-21,P
9°C,23,2026-05-22,P
9°C,23,2026-05-25,P
9°C,23,2026-05-26,P
9°C,23,2026-05-27,F
9°C,23,2026-05-28,P
9°C,23,2026-05-29,P
9°C,23,2026-06-01,P
9°C,23,2026-06-02,P
9°C,23,2026-06-03,P
9°C,23,2026-06-08,P
9°C,23,2026-06-09,F
9°C,23,2026-06-10,P
9°C,23,2026-06-11,P
9°C,23,2026-06-12,P
9°C,23,2026-06-15,P
9°C,23,2026-06-16,P
9°C,23,2026-06-17,P
9°C,23,2026-06-18,P
9°C,23,2026-06-19,P
9°C,23,2026-06-22,F
9°C,23,2026-06-23,F
9°C,23,2026-06-24,P
9°C,23,2026-06-25,F
9°C,23,2026-06-26,P
9°C,23,2026-06-29,P
9°C,23,2026-06-30,P
9°C,23,2026-07-01,P
9°C,23,2026-07-02,P
9°C,23,2026-07-03,P
9°C,23,2026-07-28,P
9°C,23,2026-07-29,P
9°C,23,2026-07-30,F
9°C,23,2026-07-31,P
9°C,23,2026-08-03,P
9°C,23,2026-08-04,P
9°C,23,2026-08-05,P
9°C,23,2026-08-06,F
9°C,23,2026-08-07,F
9°C,23,2026-08-10,P
9°C,23,2026-08-11,F
9°C,23,2026-08-12,P
9°C,23,2026-08-13,P
9°C,23,2026-08-14,P
9°C,23,2026-08-17,P
9°C,23,2026-08-18,P
9°C,23,2026-08-19,P
9°C,23,2026-08-20,P
9°C,23,2026-08-21,P
9°C,23,2026-08-22,P
9°C,23,2026-08-24,P
9°C,23,2026-08-25,P
9°C,23,2026-08-26,P
9°C,23,2026-08-27,P
9°C,23,2026-08-28,P
9°C,23,2026-08-31,P
9°C,24,2026-05-04,P
9°C,24,2026-05-05,P
9°C,24,2026-05-06,P
9°C,24,2026-05-07,P
9°C,24,2026-05-08,P
9°C,24,2026-05-11,P
9°C,24,2026-05-12,P
9°C,24,2026-05-13,P
9°C,24,2026-05-14,P
9°C,24,2026-05-15,F
9°C,24,2026-05-18,P
9°C,24,2026-05-19,P
9°C,24,2026-05-20,P
9°C,24,2026-05-21,P
9°C,24,2026-05-22,F
9°C,24,2026-05-25,P
9°C,24,2026-05-26,P
9°C,24,2026-05-27,P
9°C,24,2026-05-28,F
9°C,24,2026-05-29,F
9°C,24,2026-06-01,P
9°C,24,2026-06-02,P
9°C,24,2026-06-03,F
9°C,24,2026-06-08,F
9°C,24,2026-06-09,P
9°C,24,2026-06-10,F
9°C,24,2026-06-11,P
9°C,24,2026-06-12,P
9°C,24,2026-06-15,F
9°C,24,2026-06-16,P
9°C,24,2026-06-17,P
9°C,24,2026-06-18,P
9°C,24,2026-06-19,P
9°C,24,2026-06-22,F
9°C,24,2026-06-23,P
9°C,24,2026-06-24,P
9°C,24,2026-06-25,P
9°C,24,2026-06-26,P
9°C,24,2026-06-29,F
9°C,24,2026-06-30,F
9°C,24,2026-07-01,P
9°C,24,2026-07-02,P
9°C,24,2026-07-03,P
9°C,24,2026-07-28,P
9°C,24,2026-07-29,F
9°C,24,2026-07-30,F
9°C,24,2026-07-31,P
9°C,24,2026-08-03,P
9°C,24,2026-08-04,P
9°C,24,2026-08-05,P
9°C,24,2026-08-06,P
9°C,24,2026-08-07,F
9°C,24,2026-08-10,P
9°C,24,2026-08-11,P
9°C,24,2026-08-12,P
9°C,24,2026-08-13,P
9°C,24,2026-08-14,F
9°C,24,2026-08-17,P
9°C,24,2026-08-18,P
9°C,24,2026-08-19,F
9°C,24,2026-08-20,P
9°C,24,2026-08-21,P
9°C,24,2026-08-22,P
9°C,24,2026-08-24,P
9°C,24,2026-08-25,P
9°C,24,2026-08-26,F
9°C,24,2026-08-27,P
9°C,24,2026-08-28,P
9°C,24,2026-08-31,F
9°C,25,2026-05-04,P
9°C,25,2026-05-05,P
9°C,25,2026-05-06,P
9°C,25,2026-05-07,P
9°C,25,2026-05-08,P
9°C,25,2026-05-11,P
9°C,25,2026-05-12,P
9°C,25,2026-05-13,P
9°C,25,2026-05-14,P
9°C,25,2026-05-15,P
9°C,25,2026-05-18,P
9°C,25,2026-05-19,P
9°C,25,2026-05-20,P
9°C,25,2026-05-21,P
9°C,25,2026-05-22,P
9°C,25,2026-05-25,P
9°C,25,2026-05-26,P
9°C,25,2026-05-27,P
9°C,25,2026-05-28,P
9°C,25,2026-05-29,P
9°C,25,2026-06-01,P
9°C,25,2026-06-02,P
9°C,25,2026-06-03,P
9°C,25,2026-06-08,P
9°C,25,2026-06-09,P
9°C,25,2026-06-10,P
9°C,25,2026-06-11,P
9°C,25,2026-06-12,P
9°C,25,2026-06-15,P
9°C,25,2026-06-16,P
9°C,25,2026-06-17,P
9°C,25,2026-06-18,P
9°C,25,2026-06-19,P
9°C,25,2026-06-22,P
9°C,25,2026-06-23,P
9°C,25,2026-06-24,P
9°C,25,2026-06-25,P
9°C,25,2026-06-26,P
9°C,25,2026-06-29,P
9°C,25,2026-06-30,P
9°C,25,2026-07-01,P
9°C,25,2026-07-02,P
9°C,25,2026-07-03,P
9°C,25,2026-07-28,P
9°C,25,2026-07-29,P
9°C,25,2026-07-30,P
9°C,25,2026-07-31,P
9°C,25,2026-08-03,P
9°C,25,2026-08-04,P
9°C,25,2026-08-05,P
9°C,25,2026-08-06,P
9°C,25,2026-08-07,P
9°C,25,2026-08-10,P
9°C,25,2026-08-11,F
9°C,25,2026-08-12,P
9°C,25,2026-08-13,P
9°C,25,2026-08-14,P
9°C,25,2026-08-17,P
9°C,25,2026-08-18,P
9°C,25,2026-08-19,P
9°C,25,2026-08-20,P
9°C,25,2026-08-21,P
9°C,25,2026-08-22,P
9°C,25,2026-08-24,P
9°C,25,2026-08-25,P
9°C,25,2026-08-26,P
9°C,25,2026-08-27,P
9°C,25,2026-08-28,P
9°C,25,2026-08-31,P
9°C,26,2026-05-04,P
9°C,26,2026-05-05,P
9°C,26,2026-05-06,P
9°C,26,2026-05-07,P
9°C,26,2026-05-08,P
9°C,26,2026-05-11,P
9°C,26,2026-05-12,P
9°C,26,2026-05-13,P
9°C,26,2026-05-14,P
9°C,26,2026-05-15,P
9°C,26,2026-05-18,P
9°C,26,2026-05-19,P
9°C,26,2026-05-20,P
9°C,26,2026-05-21,F
9°C,26,2026-05-22,P
9°C,26,2026-05-25,P
9°C,26,2026-05-26,P
9°C,26,2026-05-27,P
9°C,26,2026-05-28,P
9°C,26,2026-05-29,P
9°C,26,2026-06-01,P
9°C,26,2026-06-02,P
9°C,26,2026-06-03,P
9°C,26,2026-06-08,P
9°C,26,2026-06-09,P
9°C,26,2026-06-10,P
9°C,26,2026-06-11,F
9°C,26,2026-06-12,P
9°C,26,2026-06-15,P
9°C,26,2026-06-16,F
9°C,26,2026-06-17,P
9°C,26,2026-06-18,P
9°C,26,2026-06-19,P
9°C,26,2026-06-22,P
9°C,26,2026-06-23,P
9°C,26,2026-06-24,F
9°C,26,2026-06-25,P
9°C,26,2026-06-26,P
9°C,26,2026-06-29,F
9°C,26,2026-06-30,P
9°C,26,2026-07-01,P
9°C,26,2026-07-02,P
9°C,26,2026-07-03,P
9°C,26,2026-07-28,F
9°C,26,2026-07-29,P
9°C,26,2026-07-30,P
9°C,26,2026-07-31,F
9°C,26,2026-08-03,P
9°C,26,2026-08-04,P
9°C,26,2026-08-05,F
9°C,26,2026-08-06,P
9°C,26,2026-08-07,F
9°C,26,2026-08-10,F
9°C,26,2026-08-11,F
9°C,26,2026-08-12,P
9°C,26,2026-08-13,P
9°C,26,2026-08-14,P
9°C,26,2026-08-17,P
9°C,26,2026-08-18,P
9°C,26,2026-08-19,P
9°C,26,2026-08-20,F
9°C,26,2026-08-21,P
9°C,26,2026-08-22,P
9°C,26,2026-08-24,P
9°C,26,2026-08-25,F
9°C,26,2026-08-26,P
9°C,26,2026-08-27,P
9°C,26,2026-08-28,P
9°C,26,2026-08-31,F
9°C,27,2026-05-04,-
9°C,27,2026-05-05,-
9°C,27,2026-05-06,-
9°C,27,2026-05-07,-
9°C,27,2026-05-08,-
9°C,27,2026-05-11,-
9°C,27,2026-05-12,-
9°C,27,2026-05-13,-
9°C,27,2026-05-14,-
9°C,27,2026-05-15,-
9°C,27,2026-05-18,-
9°C,27,2026-05-19,-
9°C,27,2026-05-20,-
9°C,27,2026-05-21,-
9°C,27,2026-05-22,-
9°C,27,2026-05-25,-
9°C,27,2026-05-26,-
9°C,27,2026-05-27,-
9°C,27,2026-05-28,-
9°C,27,2026-05-29,-
9°C,27,2026-06-01,-
9°C,27,2026-06-02,-
9°C,27,2026-06-03,-
9°C,27,2026-06-08,-
9°C,27,2026-06-09,-
9°C,27,2026-06-10,-
9°C,27,2026-06-11,-
9°C,27,2026-06-12,-
9°C,27,2026-06-15,-
9°C,27,2026-06-16,-
9°C,27,2026-06-17,-
9°C,27,2026-06-18,-
9°C,27,2026-06-19,-
9°C,27,2026-06-22,-
9°C,27,2026-06-23,-
9°C,27,2026-06-24,-
9°C,27,2026-06-25,-
9°C,27,2026-06-26,-
9°C,27,2026-06-29,-
9°C,27,2026-06-30,-
9°C,27,2026-07-29,-
9°C,27,2026-08-03,-
9°C,27,2026-08-04,-
9°C,27,2026-08-05,-
9°C,27,2026-08-06,-
9°C,27,2026-08-07,-
9°C,27,2026-08-10,-
9°C,27,2026-08-11,-
9°C,27,2026-08-12,-
9°C,27,2026-08-13,-
9°C,27,2026-08-14,-
9°C,27,2026-08-17,-
9°C,27,2026-08-18,-
9°C,27,2026-08-19,-
9°C,27,2026-08-20,-
9°C,27,2026-08-21,-
9°C,27,2026-08-22,-
9°C,27,2026-08-24,-
9°C,27,2026-08-25,-
9°C,27,2026-08-26,-
9°C,27,2026-08-27,-
9°C,27,2026-08-28,-
9°C,27,2026-08-31,-
9°C,28,2026-05-04,P
9°C,28,2026-05-05,P
9°C,28,2026-05-06,P
9°C,28,2026-05-07,P
9°C,28,2026-05-08,P
9°C,28,2026-05-11,F
9°C,28,2026-05-12,P
9°C,28,2026-05-13,P
9°C,28,2026-05-14,P
9°C,28,2026-05-15,P
9°C,28,2026-05-18,P
9°C,28,2026-05-19,P
9°C,28,2026-05-20,P
9°C,28,2026-05-21,F
9°C,28,2026-05-22,P
9°C,28,2026-05-25,P
9°C,28,2026-05-26,P
9°C,28,2026-05-27,P
9°C,28,2026-05-28,P
9°C,28,2026-05-29,F
9°C,28,2026-06-01,P
9°C,28,2026-06-02,P
9°C,28,2026-06-03,P
9°C,28,2026-06-08,P
9°C,28,2026-06-09,P
9°C,28,2026-06-10,P
9°C,28,2026-06-11,F
9°C,28,2026-06-12,P
9°C,28,2026-06-15,P
9°C,28,2026-06-16,P
9°C,28,2026-06-17,P
9°C,28,2026-06-18,P
9°C,28,2026-06-19,F
9°C,28,2026-06-22,P
9°C,28,2026-06-23,P
9°C,28,2026-06-24,F
9°C,28,2026-06-25,P
9°C,28,2026-06-26,P
9°C,28,2026-06-29,P
9°C,28,2026-06-30,P
9°C,28,2026-07-01,P
9°C,28,2026-07-02,F
9°C,28,2026-07-03,P
9°C,28,2026-07-28,P
9°C,28,2026-07-29,P
9°C,28,2026-07-30,P
9°C,28,2026-07-31,P
9°C,28,2026-08-03,P
9°C,28,2026-08-04,P
9°C,28,2026-08-05,P
9°C,28,2026-08-06,P
9°C,28,2026-08-07,F
9°C,28,2026-08-10,P
9°C,28,2026-08-11,F
9°C,28,2026-08-12,P
9°C,28,2026-08-13,P
9°C,28,2026-08-14,P
9°C,28,2026-08-17,P
9°C,28,2026-08-18,P
9°C,28,2026-08-19,P
9°C,28,2026-08-20,F
9°C,28,2026-08-21,P
9°C,28,2026-08-22,P
9°C,28,2026-08-24,P
9°C,28,2026-08-25,F
9°C,28,2026-08-26,P
9°C,28,2026-08-27,P
9°C,28,2026-08-28,P
9°C,28,2026-08-31,P
9°C,29,2026-05-04,P
9°C,29,2026-05-05,P
9°C,29,2026-05-06,P
9°C,29,2026-05-07,P
9°C,29,2026-05-08,P
9°C,29,2026-05-11,P
9°C,29,2026-05-12,P
9°C,29,2026-05-13,P
9°C,29,2026-05-14,P
9°C,29,2026-05-15,F
9°C,29,2026-05-18,P
9°C,29,2026-05-19,P
9°C,29,2026-05-20,P
9°C,29,2026-05-21,P
9°C,29,2026-05-22,P
9°C,29,2026-05-25,P
9°C,29,2026-05-26,P
9°C,29,2026-05-27,P
9°C,29,2026-05-28,P
9°C,29,2026-05-29,F
9°C,29,2026-06-01,P
9°C,29,2026-06-02,P
9°C,29,2026-06-03,P
9°C,29,2026-06-08,P
9°C,29,2026-06-09,P
9°C,29,2026-06-10,P
9°C,29,2026-06-11,P
9°C,29,2026-06-12,P
9°C,29,2026-06-15,P
9°C,29,2026-06-16,P
9°C,29,2026-06-17,P
9°C,29,2026-06-18,P
9°C,29,2026-06-19,P
9°C,29,2026-06-22,P
9°C,29,2026-06-23,P
9°C,29,2026-06-24,F
9°C,29,2026-06-25,P
9°C,29,2026-06-26,P
9°C,29,2026-06-29,P
9°C,29,2026-06-30,P
9°C,29,2026-07-01,P
9°C,29,2026-07-02,F
9°C,29,2026-07-03,P
9°C,29,2026-07-28,F
9°C,29,2026-07-29,F
9°C,29,2026-07-30,P
9°C,29,2026-07-31,P
9°C,29,2026-08-03,P
9°C,29,2026-08-04,P
9°C,29,2026-08-05,F
9°C,29,2026-08-06,P
9°C,29,2026-08-07,F
9°C,29,2026-08-10,P
9°C,29,2026-08-11,P
9°C,29,2026-08-12,P
9°C,29,2026-08-13,P
9°C,29,2026-08-14,P
9°C,29,2026-08-17,P
9°C,29,2026-08-18,P
9°C,29,2026-08-19,P
9°C,29,2026-08-20,P
9°C,29,2026-08-21,P
9°C,29,2026-08-22,P
9°C,29,2026-08-24,P
9°C,29,2026-08-25,F
9°C,29,2026-08-26,P
9°C,29,2026-08-27,P
9°C,29,2026-08-28,F
9°C,29,2026-08-31,F
9°C,30,2026-05-04,P
9°C,30,2026-05-05,P
9°C,30,2026-05-06,P
9°C,30,2026-05-07,P
9°C,30,2026-05-08,P
9°C,30,2026-05-11,P
9°C,30,2026-05-12,P
9°C,30,2026-05-13,P
9°C,30,2026-05-14,P
9°C,30,2026-05-15,P
9°C,30,2026-05-18,P
9°C,30,2026-05-19,F
9°C,30,2026-05-20,P
9°C,30,2026-05-21,P
9°C,30,2026-05-22,P
9°C,30,2026-05-25,P
9°C,30,2026-05-26,P
9°C,30,2026-05-27,P
9°C,30,2026-05-28,P
9°C,30,2026-05-29,P
9°C,30,2026-06-01,P
9°C,30,2026-06-02,P
9°C,30,2026-06-03,F
9°C,30,2026-06-08,F
9°C,30,2026-06-09,P
9°C,30,2026-06-10,F
9°C,30,2026-06-11,P
9°C,30,2026-06-12,P
9°C,30,2026-06-15,F
9°C,30,2026-06-16,P
9°C,30,2026-06-17,P
9°C,30,2026-06-18,F
9°C,30,2026-06-19,P
9°C,30,2026-06-22,P
9°C,30,2026-06-23,F
9°C,30,2026-06-24,F
9°C,30,2026-06-25,P
9°C,30,2026-06-26,F
9°C,30,2026-06-29,P
9°C,30,2026-06-30,P
9°C,30,2026-07-01,F
9°C,30,2026-07-02,P
9°C,30,2026-07-03,P
9°C,30,2026-07-28,P
9°C,30,2026-07-29,F
9°C,30,2026-07-30,F
9°C,30,2026-07-31,P
9°C,30,2026-08-03,P
9°C,30,2026-08-04,P
9°C,30,2026-08-05,P
9°C,30,2026-08-06,P
9°C,30,2026-08-07,F
9°C,30,2026-08-10,P
9°C,30,2026-08-11,F
9°C,30,2026-08-12,P
9°C,30,2026-08-13,P
9°C,30,2026-08-14,P
9°C,30,2026-08-17,P
9°C,30,2026-08-18,P
9°C,30,2026-08-19,P
9°C,30,2026-08-20,F
9°C,30,2026-08-21,P
9°C,30,2026-08-22,P
9°C,30,2026-08-24,P
9°C,30,2026-08-25,P
9°C,30,2026-08-26,F
9°C,30,2026-08-27,P
9°C,30,2026-08-28,F
9°C,30,2026-08-31,P
9°C,31,2026-05-04,P
9°C,31,2026-05-05,P
9°C,31,2026-05-06,P
9°C,31,2026-05-07,P
9°C,31,2026-05-08,F
9°C,31,2026-05-11,F
9°C,31,2026-05-12,P
9°C,31,2026-05-13,P
9°C,31,2026-05-14,P
9°C,31,2026-05-15,P
9°C,31,2026-05-18,P
9°C,31,2026-05-19,P
9°C,31,2026-05-20,F
9°C,31,2026-05-21,F
9°C,31,2026-05-22,F
9°C,31,2026-05-25,P
9°C,31,2026-05-26,F
9°C,31,2026-05-27,F
9°C,31,2026-05-28,F
9°C,31,2026-05-29,F
9°C,31,2026-06-01,P
9°C,31,2026-06-02,P
9°C,31,2026-06-03,P
9°C,31,2026-06-08,P
9°C,31,2026-06-09,P
9°C,31,2026-06-10,P
9°C,31,2026-06-11,P
9°C,31,2026-06-12,P
9°C,31,2026-06-15,P
9°C,31,2026-06-16,P
9°C,31,2026-06-17,P
9°C,31,2026-06-18,P
9°C,31,2026-06-19,F
9°C,31,2026-06-22,P
9°C,31,2026-06-23,F
9°C,31,2026-06-24,F
9°C,31,2026-06-25,P
9°C,31,2026-06-26,F
9°C,31,2026-06-29,P
9°C,31,2026-06-30,P
9°C,31,2026-07-01,F
9°C,31,2026-07-02,F
9°C,31,2026-07-03,P
9°C,31,2026-07-28,P
9°C,31,2026-07-29,P
9°C,31,2026-07-30,P
9°C,31,2026-07-31,P
9°C,31,2026-08-03,P
9°C,31,2026-08-04,P
9°C,31,2026-08-05,F
9°C,31,2026-08-06,P
9°C,31,2026-08-07,F
9°C,31,2026-08-10,P
9°C,31,2026-08-11,P
9°C,31,2026-08-12,F
9°C,31,2026-08-13,P
9°C,31,2026-08-14,F
9°C,31,2026-08-17,P
9°C,31,2026-08-18,P
9°C,31,2026-08-19,F
9°C,31,2026-08-20,P
9°C,31,2026-08-21,P
9°C,31,2026-08-22,P
9°C,31,2026-08-24,P
9°C,31,2026-08-25,F
9°C,31,2026-08-26,P
9°C,31,2026-08-27,P
9°C,31,2026-08-28,P
9°C,31,2026-08-31,F
9°C,32,2026-05-04,P
9°C,32,2026-05-05,F
9°C,32,2026-05-06,P
9°C,32,2026-05-07,F
9°C,32,2026-05-08,F
9°C,32,2026-05-11,P
9°C,32,2026-05-12,P
9°C,32,2026-05-13,P
9°C,32,2026-05-14,P
9°C,32,2026-05-15,F
9°C,32,2026-05-18,P
9°C,32,2026-05-19,P
9°C,32,2026-05-20,P
9°C,32,2026-05-21,F
9°C,32,2026-05-22,F
9°C,32,2026-05-25,P
9°C,32,2026-05-26,P
9°C,32,2026-05-27,P
9°C,32,2026-05-28,P
9°C,32,2026-05-29,F
9°C,32,2026-06-01,P
9°C,32,2026-06-02,P
9°C,32,2026-06-03,P
9°C,32,2026-06-08,P
9°C,32,2026-06-09,P
9°C,32,2026-06-10,P
9°C,32,2026-06-11,P
9°C,32,2026-06-12,P
9°C,32,2026-06-15,P
9°C,32,2026-06-16,P
9°C,32,2026-06-17,P
9°C,32,2026-06-18,P
9°C,32,2026-06-19,F
9°C,32,2026-06-22,P
9°C,32,2026-06-23,P
9°C,32,2026-06-24,P
9°C,32,2026-06-25,P
9°C,32,2026-06-26,P
9°C,32,2026-06-29,P
9°C,32,2026-06-30,P
9°C,32,2026-07-01,P
9°C,32,2026-07-02,P
9°C,32,2026-07-03,P
9°C,32,2026-07-28,P
9°C,32,2026-07-29,P
9°C,32,2026-07-30,P
9°C,32,2026-07-31,P
9°C,32,2026-08-03,P
9°C,32,2026-08-04,P
9°C,32,2026-08-05,P
9°C,32,2026-08-06,F
9°C,32,2026-08-07,P
9°C,32,2026-08-10,P
9°C,32,2026-08-11,P
9°C,32,2026-08-12,P
9°C,32,2026-08-13,P
9°C,32,2026-08-14,F
9°C,32,2026-08-17,P
9°C,32,2026-08-18,P
9°C,32,2026-08-19,F
9°C,32,2026-08-20,P
9°C,32,2026-08-21,F
9°C,32,2026-08-22,P
9°C,32,2026-08-24,P
9°C,32,2026-08-25,P
9°C,32,2026-08-26,F
9°C,32,2026-08-27,P
9°C,32,2026-08-28,P
9°C,32,2026-08-31,P
9°C,33,2026-05-04,-
9°C,33,2026-05-05,-
9°C,33,2026-05-06,-
9°C,33,2026-05-07,-
9°C,33,2026-05-08,-
9°C,33,2026-05-11,-
9°C,33,2026-05-12,-
9°C,33,2026-05-13,-
9°C,33,2026-05-14,-
9°C,33,2026-05-15,-
9°C,33,2026-05-18,-
9°C,33,2026-05-19,-
9°C,33,2026-05-20,-
9°C,33,2026-05-21,-
9°C,33,2026-05-22,-
9°C,33,2026-05-25,-
9°C,33,2026-05-26,-
9°C,33,2026-05-27,-
9°C,33,2026-05-28,-
9°C,33,2026-05-29,-
9°C,33,2026-06-01,-
9°C,33,2026-06-02,-
9°C,33,2026-06-03,-
9°C,33,2026-06-08,-
9°C,33,2026-06-09,-
9°C,33,2026-06-10,-
9°C,33,2026-06-11,-
9°C,33,2026-06-12,-
9°C,33,2026-06-15,-
9°C,33,2026-06-16,-
9°C,33,2026-06-17,-
9°C,33,2026-06-18,-
9°C,33,2026-06-19,-
9°C,33,2026-06-22,-
9°C,33,2026-06-23,-
9°C,33,2026-06-24,-
9°C,33,2026-06-25,-
9°C,33,2026-06-26,-
9°C,33,2026-06-29,-
9°C,33,2026-06-30,-
9°C,33,2026-07-01,-
9°C,33,2026-07-02,-
9°C,33,2026-07-03,-
9°C,33,2026-07-28,-
9°C,33,2026-07-29,-
9°C,33,2026-07-30,-
9°C,33,2026-07-31,-
9°C,33,2026-08-03,-
9°C,33,2026-08-04,-
9°C,33,2026-08-05,-
9°C,33,2026-08-06,-
9°C,33,2026-08-07,-
9°C,33,2026-08-10,-
9°C,33,2026-08-11,-
9°C,33,2026-08-12,-
9°C,33,2026-08-13,-
9°C,33,2026-08-14,-
9°C,33,2026-08-17,-
9°C,33,2026-08-18,-
9°C,33,2026-08-19,-
9°C,33,2026-08-20,-
9°C,33,2026-08-21,-
9°C,33,2026-08-22,-
9°C,33,2026-08-24,-
9°C,33,2026-08-25,-
9°C,33,2026-08-26,-
9°C,33,2026-08-27,-
9°C,33,2026-08-28,-
9°C,33,2026-08-31,-
9°C,34,2026-05-04,-
9°C,34,2026-05-05,-
9°C,34,2026-05-06,-
9°C,34,2026-05-07,-
9°C,34,2026-05-08,-
9°C,34,2026-05-11,-
9°C,34,2026-05-12,-
9°C,34,2026-05-13,-
9°C,34,2026-05-14,-
9°C,34,2026-05-15,-
9°C,34,2026-05-18,-
9°C,34,2026-05-19,-
9°C,34,2026-05-20,-
9°C,34,2026-05-21,-
9°C,34,2026-05-22,-
9°C,34,2026-05-25,-
9°C,34,2026-05-26,-
9°C,34,2026-05-27,-
9°C,34,2026-05-28,-
9°C,34,2026-05-29,-
9°C,34,2026-06-01,-
9°C,34,2026-06-02,-
9°C,34,2026-06-03,-
9°C,34,2026-06-08,-
9°C,34,2026-06-09,-
9°C,34,2026-06-10,-
9°C,34,2026-06-11,-
9°C,34,2026-06-12,-
9°C,34,2026-06-15,-
9°C,34,2026-06-16,-
9°C,34,2026-06-17,-
9°C,34,2026-06-18,-
9°C,34,2026-06-19,-
9°C,34,2026-06-22,-
9°C,34,2026-06-23,-
9°C,34,2026-06-24,-
9°C,34,2026-06-25,-
9°C,34,2026-06-26,-
9°C,34,2026-06-29,-
9°C,34,2026-06-30,-
9°C,34,2026-07-01,-
9°C,34,2026-07-02,-
9°C,34,2026-07-03,-
9°C,34,2026-07-28,P
9°C,34,2026-07-29,P
9°C,34,2026-07-30,P
9°C,34,2026-07-31,P
9°C,34,2026-08-03,P
9°C,34,2026-08-04,P
9°C,34,2026-08-05,P
9°C,34,2026-08-06,P
9°C,34,2026-08-07,P
9°C,34,2026-08-10,P
9°C,34,2026-08-11,P
9°C,34,2026-08-12,P
9°C,34,2026-08-13,P
9°C,34,2026-08-14,P
9°C,34,2026-08-17,P
9°C,34,2026-08-18,P
9°C,34,2026-08-19,P
9°C,34,2026-08-20,F
9°C,34,2026-08-21,P
9°C,34,2026-08-22,P
9°C,34,2026-08-24,P
9°C,34,2026-08-25,P
9°C,34,2026-08-26,F
9°C,34,2026-08-27,P
9°C,34,2026-08-28,P
9°C,34,2026-08-31,P
9°C,35,2026-05-04,-
9°C,35,2026-05-05,-
9°C,35,2026-05-06,-
9°C,35,2026-05-07,-
9°C,35,2026-05-08,-
9°C,35,2026-05-11,-
9°C,35,2026-05-12,-
9°C,35,2026-05-13,-
9°C,35,2026-05-14,-
9°C,35,2026-05-15,-
9°C,35,2026-05-18,-
9°C,35,2026-05-19,-
9°C,35,2026-05-20,-
9°C,35,2026-05-21,-
9°C,35,2026-05-22,-
9°C,35,2026-05-25,-
9°C,35,2026-05-26,-
9°C,35,2026-05-27,-
9°C,35,2026-05-28,-
9°C,35,2026-05-29,-
9°C,35,2026-06-01,-
9°C,35,2026-06-02,-
9°C,35,2026-06-03,-
9°C,35,2026-06-08,-
9°C,35,2026-06-09,-
9°C,35,2026-06-10,-
9°C,35,2026-06-11,-
9°C,35,2026-06-12,-
9°C,35,2026-06-15,-
9°C,35,2026-06-16,-
9°C,35,2026-06-17,-
9°C,35,2026-06-18,-
9°C,35,2026-06-19,-
9°C,35,2026-06-22,-
9°C,35,2026-06-23,-
9°C,35,2026-06-24,-
9°C,35,2026-06-25,-
9°C,35,2026-06-26,-
9°C,35,2026-06-29,-
9°C,35,2026-06-30,-
9°C,35,2026-07-01,-
9°C,35,2026-07-02,-
9°C,35,2026-07-03,-
9°C,35,2026-07-28,-
9°C,35,2026-07-29,-
9°C,35,2026-07-30,-
9°C,35,2026-07-31,-
9°C,35,2026-08-03,-
9°C,35,2026-08-04,-
9°C,35,2026-08-05,-
9°C,35,2026-08-06,-
9°C,35,2026-08-07,-
9°C,35,2026-08-10,-
9°C,35,2026-08-11,-
9°C,35,2026-08-12,-
9°C,35,2026-08-13,-
9°C,35,2026-08-14,-
9°C,35,2026-08-17,F
9°C,35,2026-08-18,P
9°C,35,2026-08-19,P
9°C,35,2026-08-20,P
9°C,35,2026-08-21,P
9°C,35,2026-08-22,P
9°C,35,2026-08-24,P
9°C,35,2026-08-25,F
9°C,35,2026-08-26,P
9°C,35,2026-08-27,P
9°C,35,2026-08-28,P
9°C,35,2026-08-31,F
